specialty,task_type,task_size,difficulty,user_level,actual_minutes
Computer Networks,Security Auditing,15,2,2,208
Computer Networks,Reading Protocols,24,2,1,466
Computer Networks,Lab Simulation,2,2,3,24
Software Engineering,Code Review,17,2,1,421
Computer Networks,Reading Protocols,12,2,2,175
Software Engineering,Writing Code,7,1,3,43
Artificial Intelligence,Model Training,9,1,1,135
Software Engineering,Reading Documentation,14,2,1,235
Artificial Intelligence,Model Training,4,1,3,27
Computer Networks,Security Auditing,8,3,2,195
Computer Networks,Lab Simulation,24,2,1,401
Computer Networks,Lab Simulation,1,1,2,9
Software Engineering,Code Review,8,1,3,62
Software Engineering,Reading Documentation,5,3,2,123
Computer Networks,Configuring Routers,8,2,1,196
Software Engineering,Reading Documentation,12,2,3,100
Software Engineering,Reading Documentation,5,3,3,65
Artificial Intelligence,Math/Algorithm Review,9,2,1,202
Software Engineering,Reading Documentation,7,2,2,88
Computer Networks,Lab Simulation,15,2,1,321
Computer Networks,Reading Protocols,19,1,3,137
Artificial Intelligence,Reading Research Papers,12,1,3,94
Computer Networks,Network Troubleshooting,23,3,1,668
Artificial Intelligence,Data Preprocessing,20,2,1,380
Artificial Intelligence,Math/Algorithm Review,9,2,2,111
Computer Networks,Configuring Routers,20,2,3,176
Artificial Intelligence,Model Training,3,2,1,61
Artificial Intelligence,Reading Research Papers,22,1,1,276
Software Engineering,Reading Documentation,2,2,2,38
Computer Networks,Reading Protocols,24,1,2,272
Software Engineering,Code Review,2,2,2,24
Software Engineering,Reading Documentation,20,2,1,368
Artificial Intelligence,Math/Algorithm Review,19,2,1,374
Computer Networks,Network Troubleshooting,8,1,1,117
Software Engineering,Debugging,23,2,2,300
Software Engineering,Code Review,17,1,1,210
Software Engineering,System Design,23,2,1,499
Artificial Intelligence,Data Preprocessing,24,3,3,379
Artificial Intelligence,Reading Research Papers,3,2,3,29
Computer Networks,Lab Simulation,9,1,1,85
Artificial Intelligence,Writing Code,16,2,2,245
Software Engineering,Code Review,19,2,1,437
Artificial Intelligence,Writing Code,19,3,2,411
Computer Networks,Configuring Routers,5,1,2,58
Computer Networks,Configuring Routers,17,3,2,400
Software Engineering,System Design,24,2,2,327
Computer Networks,Reading Protocols,1,1,1,12
Computer Networks,Network Troubleshooting,10,3,2,189
Artificial Intelligence,Model Training,15,3,1,525
Software Engineering,Writing Code,9,2,1,182
Software Engineering,Debugging,23,2,1,412
Computer Networks,Configuring Routers,4,2,2,59
Artificial Intelligence,Reading Research Papers,19,2,1,392
Artificial Intelligence,Math/Algorithm Review,22,2,1,386
Artificial Intelligence,Math/Algorithm Review,5,2,2,77
Artificial Intelligence,Writing Code,20,2,2,233
Software Engineering,Debugging,10,2,2,134
Computer Networks,Network Troubleshooting,5,1,1,50
Computer Networks,Configuring Routers,12,2,1,224
Artificial Intelligence,Data Preprocessing,8,3,2,155
Software Engineering,System Design,22,2,1,364
Artificial Intelligence,Data Preprocessing,14,1,1,194
Artificial Intelligence,Reading Research Papers,5,2,1,51
Software Engineering,System Design,23,1,3,130
Artificial Intelligence,Reading Research Papers,10,2,2,152
Computer Networks,Network Troubleshooting,17,3,2,417
Artificial Intelligence,Math/Algorithm Review,1,2,2,14
Software Engineering,Debugging,11,1,1,160
Computer Networks,Network Troubleshooting,19,2,1,316
Artificial Intelligence,Model Training,2,1,2,23
Artificial Intelligence,Writing Code,18,2,3,203
Software Engineering,Code Review,10,2,2,157
Computer Networks,Configuring Routers,3,2,1,54
Artificial Intelligence,Writing Code,12,2,2,202
Software Engineering,Reading Documentation,9,2,2,81
Software Engineering,Reading Documentation,19,2,1,378
Software Engineering,Reading Documentation,12,2,3,117
Artificial Intelligence,Writing Code,5,1,1,87
Computer Networks,Lab Simulation,4,3,2,109
Computer Networks,Security Auditing,9,2,2,137
Software Engineering,System Design,8,1,3,49
Software Engineering,Reading Documentation,8,2,1,166
Software Engineering,Writing Code,13,2,1,181
Artificial Intelligence,Math/Algorithm Review,7,2,1,174
Artificial Intelligence,Reading Research Papers,20,1,1,320
Software Engineering,Code Review,17,1,2,182
Software Engineering,Debugging,12,3,2,248
Software Engineering,Reading Documentation,5,1,2,47
Software Engineering,Debugging,15,2,2,285
Artificial Intelligence,Math/Algorithm Review,16,2,3,142
Artificial Intelligence,Reading Research Papers,24,2,1,472
Artificial Intelligence,Reading Research Papers,18,1,1,192
Computer Networks,Configuring Routers,9,2,3,78
Artificial Intelligence,Math/Algorithm Review,6,3,2,139
Computer Networks,Configuring Routers,2,1,3,10
Software Engineering,Writing Code,18,3,1,559
Software Engineering,Debugging,22,3,2,490
Software Engineering,System Design,6,3,2,120
Software Engineering,System Design,10,3,1,253
Computer Networks,Lab Simulation,13,1,3,85
Artificial Intelligence,Reading Research Papers,8,1,2,91
Artificial Intelligence,Reading Research Papers,1,2,2,14
Artificial Intelligence,Math/Algorithm Review,17,1,1,250
Artificial Intelligence,Math/Algorithm Review,19,3,2,494
Artificial Intelligence,Model Training,2,2,2,29
Software Engineering,Writing Code,24,3,1,676
Artificial Intelligence,Math/Algorithm Review,17,3,1,512
Software Engineering,Debugging,6,2,1,135
Computer Networks,Reading Protocols,16,2,2,311
Computer Networks,Security Auditing,8,2,2,96
Computer Networks,Reading Protocols,18,2,1,335
Artificial Intelligence,Writing Code,22,1,1,342
Software Engineering,Code Review,14,2,2,198
Software Engineering,Writing Code,22,1,3,148
Computer Networks,Lab Simulation,17,1,3,101
Computer Networks,Network Troubleshooting,23,2,2,359
Artificial Intelligence,Math/Algorithm Review,24,1,2,246
Software Engineering,Debugging,6,2,1,132
Software Engineering,System Design,10,2,3,101
Software Engineering,Writing Code,13,2,2,162
Computer Networks,Configuring Routers,13,2,2,198
Software Engineering,Code Review,19,2,1,477
Artificial Intelligence,Model Training,24,2,1,439
Artificial Intelligence,Math/Algorithm Review,24,3,1,588
Computer Networks,Lab Simulation,4,3,3,67
Computer Networks,Configuring Routers,24,2,3,247
Artificial Intelligence,Math/Algorithm Review,8,2,3,69
Software Engineering,Code Review,15,2,2,236
Artificial Intelligence,Writing Code,11,3,1,246
Artificial Intelligence,Writing Code,23,2,1,550
Artificial Intelligence,Reading Research Papers,1,1,1,13
Artificial Intelligence,Math/Algorithm Review,17,3,2,310
Artificial Intelligence,Writing Code,24,3,1,798
Artificial Intelligence,Reading Research Papers,8,3,2,167
Artificial Intelligence,Math/Algorithm Review,21,1,1,313
Software Engineering,System Design,10,2,3,104
Computer Networks,Reading Protocols,6,2,2,62
Computer Networks,Network Troubleshooting,14,1,1,216
Computer Networks,Reading Protocols,6,3,2,112
Computer Networks,Lab Simulation,1,2,3,9
Software Engineering,Writing Code,1,2,2,13
Artificial Intelligence,Model Training,5,3,1,141
Artificial Intelligence,Writing Code,15,3,1,541
Software Engineering,System Design,15,2,2,201
Computer Networks,Reading Protocols,19,2,2,322
Artificial Intelligence,Model Training,8,2,2,121
Computer Networks,Network Troubleshooting,14,2,3,159
Computer Networks,Security Auditing,12,2,2,148
Software Engineering,Debugging,17,2,2,303
Software Engineering,Reading Documentation,23,1,1,285
Artificial Intelligence,Reading Research Papers,22,3,1,560
Computer Networks,Lab Simulation,15,1,1,179
Software Engineering,System Design,9,1,2,66
Computer Networks,Configuring Routers,11,1,3,43
Artificial Intelligence,Data Preprocessing,7,1,1,108
Computer Networks,Network Troubleshooting,18,2,1,324
Software Engineering,Writing Code,20,2,1,403
Software Engineering,System Design,23,2,2,339
Artificial Intelligence,Writing Code,17,1,2,145
Artificial Intelligence,Math/Algorithm Review,15,2,2,219
Software Engineering,Debugging,6,2,1,110
Computer Networks,Network Troubleshooting,10,3,2,208
Software Engineering,Code Review,18,3,2,294
Computer Networks,Reading Protocols,8,1,2,80
Computer Networks,Reading Protocols,1,2,2,17
Software Engineering,System Design,14,1,3,100
Computer Networks,Network Troubleshooting,7,2,3,85
Software Engineering,System Design,20,2,3,230
Computer Networks,Security Auditing,20,2,2,198
Computer Networks,Security Auditing,22,2,1,556
Artificial Intelligence,Math/Algorithm Review,14,2,1,378
Software Engineering,Debugging,13,2,1,152
Artificial Intelligence,Math/Algorithm Review,14,3,2,277
Computer Networks,Network Troubleshooting,21,3,2,400
Artificial Intelligence,Data Preprocessing,5,2,3,52
Software Engineering,Writing Code,21,1,3,161
Artificial Intelligence,Writing Code,14,1,1,178
Computer Networks,Network Troubleshooting,21,3,2,467
Software Engineering,Reading Documentation,7,2,3,76
Artificial Intelligence,Writing Code,24,1,1,316
Computer Networks,Reading Protocols,20,1,2,143
Artificial Intelligence,Model Training,21,2,1,486
Software Engineering,Writing Code,11,2,2,181
Software Engineering,System Design,17,3,2,334
Computer Networks,Security Auditing,16,3,2,374
Artificial Intelligence,Data Preprocessing,18,2,1,421
Artificial Intelligence,Data Preprocessing,13,2,1,212
Computer Networks,Lab Simulation,7,1,3,65
Artificial Intelligence,Math/Algorithm Review,23,2,2,327
Computer Networks,Network Troubleshooting,7,1,2,60
Computer Networks,Security Auditing,13,1,2,148
Computer Networks,Configuring Routers,4,2,1,69
Artificial Intelligence,Data Preprocessing,16,2,3,134
Artificial Intelligence,Math/Algorithm Review,23,1,1,199
Computer Networks,Reading Protocols,7,1,1,130
Computer Networks,Configuring Routers,10,1,1,121
Software Engineering,Writing Code,17,1,1,193
Artificial Intelligence,Writing Code,16,1,3,90
Software Engineering,Writing Code,24,1,3,145
Artificial Intelligence,Math/Algorithm Review,13,3,2,314
Computer Networks,Security Auditing,22,2,2,286
Artificial Intelligence,Data Preprocessing,17,3,3,236
Software Engineering,System Design,22,3,3,314
Artificial Intelligence,Model Training,17,1,3,94
Artificial Intelligence,Writing Code,24,2,1,320
Computer Networks,Security Auditing,9,1,3,52
Artificial Intelligence,Data Preprocessing,15,2,2,210
Computer Networks,Reading Protocols,5,1,2,42
Software Engineering,Code Review,16,2,1,321
Artificial Intelligence,Writing Code,19,3,1,676
Artificial Intelligence,Math/Algorithm Review,13,1,3,95
Software Engineering,Reading Documentation,16,2,3,188
Software Engineering,System Design,10,1,2,98
Software Engineering,Debugging,19,3,1,560
Computer Networks,Lab Simulation,7,1,3,47
Computer Networks,Network Troubleshooting,13,2,3,156
Software Engineering,Debugging,24,3,1,854
Computer Networks,Lab Simulation,22,3,2,458
Artificial Intelligence,Reading Research Papers,17,2,2,219
Computer Networks,Network Troubleshooting,18,3,2,386
Computer Networks,Reading Protocols,20,2,1,497
Artificial Intelligence,Model Training,2,1,3,13
Software Engineering,Reading Documentation,13,3,2,257
Artificial Intelligence,Reading Research Papers,22,1,3,167
Artificial Intelligence,Reading Research Papers,24,2,3,308
Artificial Intelligence,Math/Algorithm Review,5,3,2,90
Artificial Intelligence,Model Training,3,1,2,32
Computer Networks,Security Auditing,14,1,1,178
Computer Networks,Reading Protocols,14,2,1,254
Artificial Intelligence,Math/Algorithm Review,20,2,2,328
Artificial Intelligence,Data Preprocessing,12,1,2,105
Artificial Intelligence,Writing Code,21,2,2,281
Software Engineering,Writing Code,8,2,2,120
Artificial Intelligence,Math/Algorithm Review,13,2,3,129
Software Engineering,Reading Documentation,22,2,1,454
Computer Networks,Security Auditing,20,2,2,248
Artificial Intelligence,Reading Research Papers,1,2,1,19
Artificial Intelligence,Model Training,6,2,2,85
Artificial Intelligence,Model Training,10,1,1,162
Artificial Intelligence,Data Preprocessing,6,2,2,98
Software Engineering,Debugging,12,3,2,236
Computer Networks,Reading Protocols,20,2,2,335
Artificial Intelligence,Model Training,3,1,1,50
Computer Networks,Security Auditing,13,2,2,174
Computer Networks,Security Auditing,13,1,2,124
Artificial Intelligence,Model Training,19,1,3,168
Software Engineering,Reading Documentation,3,1,2,27
Computer Networks,Configuring Routers,7,2,3,55
Computer Networks,Network Troubleshooting,24,2,1,370
Software Engineering,Debugging,4,3,3,78
Artificial Intelligence,Model Training,19,2,3,206
Software Engineering,Writing Code,3,2,2,35
Artificial Intelligence,Model Training,12,2,2,154
Software Engineering,Code Review,15,2,2,211
Artificial Intelligence,Data Preprocessing,2,3,1,76
Software Engineering,Reading Documentation,10,1,1,165
Artificial Intelligence,Writing Code,10,2,1,267
Software Engineering,Writing Code,22,1,1,239
Software Engineering,System Design,12,2,3,127
Computer Networks,Security Auditing,20,1,1,321
Computer Networks,Lab Simulation,20,1,2,174
Computer Networks,Lab Simulation,1,2,1,18
Artificial Intelligence,Reading Research Papers,21,2,2,305
Computer Networks,Reading Protocols,18,2,2,274
Computer Networks,Lab Simulation,20,2,1,419
Artificial Intelligence,Writing Code,15,1,2,129
Computer Networks,Network Troubleshooting,11,2,2,181
Software Engineering,Code Review,8,2,3,84
Software Engineering,Reading Documentation,16,3,2,249
Artificial Intelligence,Model Training,6,2,3,69
Software Engineering,System Design,9,1,1,126
Artificial Intelligence,Reading Research Papers,6,2,3,53
Software Engineering,Writing Code,23,2,3,236
Software Engineering,System Design,15,2,2,182
Computer Networks,Lab Simulation,19,2,2,247
Artificial Intelligence,Model Training,11,2,2,126
Artificial Intelligence,Model Training,14,2,2,152
Computer Networks,Reading Protocols,16,2,2,236
Computer Networks,Reading Protocols,13,3,2,286
Computer Networks,Security Auditing,21,2,1,447
Artificial Intelligence,Writing Code,4,1,1,61
Computer Networks,Network Troubleshooting,4,2,1,73
Software Engineering,Code Review,11,1,3,67
Computer Networks,Configuring Routers,10,1,3,72
Artificial Intelligence,Data Preprocessing,12,1,2,117
Artificial Intelligence,Writing Code,22,2,2,342
Computer Networks,Network Troubleshooting,24,2,3,231
Artificial Intelligence,Math/Algorithm Review,5,2,2,80
Computer Networks,Network Troubleshooting,18,2,1,300
Software Engineering,Reading Documentation,12,3,1,349
Software Engineering,System Design,15,1,1,161
Software Engineering,System Design,2,1,2,21
Artificial Intelligence,Math/Algorithm Review,10,2,2,156
Computer Networks,Lab Simulation,14,1,2,167
Computer Networks,Configuring Routers,8,2,1,136
Artificial Intelligence,Reading Research Papers,5,1,2,62
Artificial Intelligence,Model Training,3,2,1,71
Computer Networks,Security Auditing,2,2,3,16
Computer Networks,Security Auditing,8,2,1,163
Computer Networks,Configuring Routers,23,2,1,489
Software Engineering,Code Review,17,2,3,111
Computer Networks,Security Auditing,19,1,3,118
Software Engineering,Writing Code,21,1,1,300
Software Engineering,Code Review,6,1,1,84
Software Engineering,Debugging,13,2,1,265
Computer Networks,Reading Protocols,20,1,3,148
Artificial Intelligence,Math/Algorithm Review,22,2,3,208
Computer Networks,Configuring Routers,10,2,2,154
Artificial Intelligence,Model Training,14,3,2,279
Software Engineering,Reading Documentation,2,1,1,25
Artificial Intelligence,Reading Research Papers,18,2,3,180
Artificial Intelligence,Writing Code,20,2,1,452
Software Engineering,System Design,21,1,2,153
Software Engineering,Code Review,12,3,2,260
Software Engineering,Code Review,18,1,3,90
Computer Networks,Reading Protocols,5,2,2,85
Artificial Intelligence,Math/Algorithm Review,18,1,2,156
Software Engineering,Code Review,4,3,3,57
Computer Networks,Security Auditing,20,1,2,205
Software Engineering,Code Review,3,2,2,47
Artificial Intelligence,Writing Code,22,3,1,642
Artificial Intelligence,Writing Code,10,2,1,169
Software Engineering,Writing Code,13,1,1,174
Computer Networks,Configuring Routers,11,2,3,120
Computer Networks,Lab Simulation,4,3,1,140
Software Engineering,Code Review,6,2,3,65
Software Engineering,Writing Code,17,2,3,179
Software Engineering,Code Review,11,2,1,216
Artificial Intelligence,Data Preprocessing,15,3,2,322
Software Engineering,Writing Code,23,2,1,481
Computer Networks,Configuring Routers,5,2,1,104
Computer Networks,Reading Protocols,7,2,1,140
Artificial Intelligence,Writing Code,5,2,2,82
Software Engineering,Writing Code,2,2,1,35
Artificial Intelligence,Reading Research Papers,14,1,3,107
Artificial Intelligence,Writing Code,4,1,3,26
Artificial Intelligence,Writing Code,21,3,2,380
Artificial Intelligence,Data Preprocessing,8,2,1,170
Computer Networks,Security Auditing,18,3,1,526
Artificial Intelligence,Data Preprocessing,24,3,2,496
Artificial Intelligence,Data Preprocessing,12,3,1,349
Artificial Intelligence,Reading Research Papers,11,2,2,196
Software Engineering,Code Review,13,1,1,196
Computer Networks,Reading Protocols,23,3,2,539
Computer Networks,Lab Simulation,1,2,1,25
Computer Networks,Security Auditing,15,3,2,354
Artificial Intelligence,Model Training,16,3,2,327
Computer Networks,Network Troubleshooting,2,1,2,20
Artificial Intelligence,Math/Algorithm Review,2,2,2,28
Artificial Intelligence,Model Training,22,3,1,666
Software Engineering,Debugging,21,2,1,394
Computer Networks,Lab Simulation,4,2,2,50
Artificial Intelligence,Math/Algorithm Review,5,2,1,94
Software Engineering,Code Review,17,2,2,229
Artificial Intelligence,Math/Algorithm Review,24,1,1,310
Artificial Intelligence,Model Training,19,1,3,129
Software Engineering,Reading Documentation,22,2,2,320
Software Engineering,Code Review,23,2,1,554
Computer Networks,Security Auditing,17,2,2,207
Computer Networks,Reading Protocols,15,2,3,193
Computer Networks,Configuring Routers,16,1,2,170
Artificial Intelligence,Writing Code,6,2,1,151
Software Engineering,Reading Documentation,10,3,1,271
Software Engineering,System Design,10,3,2,143
Artificial Intelligence,Reading Research Papers,7,3,3,101
Software Engineering,Code Review,21,1,1,239
Artificial Intelligence,Reading Research Papers,7,1,3,41
Artificial Intelligence,Model Training,13,1,1,150
Computer Networks,Security Auditing,18,3,1,346
Computer Networks,Network Troubleshooting,24,2,1,548
Computer Networks,Lab Simulation,10,3,2,212
Software Engineering,Debugging,5,2,1,136
Software Engineering,Reading Documentation,19,3,2,360
Artificial Intelligence,Writing Code,4,2,1,76
Artificial Intelligence,Data Preprocessing,17,3,1,592
Computer Networks,Configuring Routers,17,2,1,225
Artificial Intelligence,Data Preprocessing,10,1,3,71
Artificial Intelligence,Math/Algorithm Review,7,2,1,160
Artificial Intelligence,Reading Research Papers,10,3,2,146
Software Engineering,Code Review,4,2,2,57
Software Engineering,Code Review,14,1,2,152
Software Engineering,Debugging,20,2,1,398
Computer Networks,Configuring Routers,18,1,2,159
Software Engineering,Code Review,5,2,2,66
Computer Networks,Network Troubleshooting,10,2,2,152
Software Engineering,Reading Documentation,18,1,2,143
Software Engineering,System Design,16,1,2,136
Software Engineering,Code Review,11,2,3,114
Computer Networks,Lab Simulation,23,1,2,233
Computer Networks,Configuring Routers,4,2,3,35
Artificial Intelligence,Writing Code,3,1,3,20
Computer Networks,Security Auditing,12,3,3,217
Software Engineering,System Design,24,2,3,205
Software Engineering,Code Review,24,1,2,212
Computer Networks,Security Auditing,2,2,2,32
Artificial Intelligence,Data Preprocessing,5,3,3,89
Computer Networks,Reading Protocols,1,1,2,11
Computer Networks,Configuring Routers,20,1,3,111
Computer Networks,Reading Protocols,4,3,1,110
Software Engineering,System Design,21,2,3,205
Software Engineering,Writing Code,3,1,3,22
Computer Networks,Reading Protocols,2,2,2,30
Software Engineering,Reading Documentation,19,3,1,528
Artificial Intelligence,Model Training,6,1,3,39
Computer Networks,Reading Protocols,3,2,3,25
Computer Networks,Configuring Routers,19,3,1,668
Artificial Intelligence,Writing Code,4,1,1,53
Software Engineering,Reading Documentation,21,1,1,269
Artificial Intelligence,Data Preprocessing,4,1,3,25
Artificial Intelligence,Data Preprocessing,24,1,1,360
Software Engineering,Writing Code,16,1,2,136
Software Engineering,Reading Documentation,12,1,1,162
Software Engineering,Writing Code,4,3,1,111
Artificial Intelligence,Reading Research Papers,14,2,2,208
Artificial Intelligence,Reading Research Papers,22,2,2,394
Computer Networks,Security Auditing,4,2,2,64
Artificial Intelligence,Reading Research Papers,2,1,2,21
Artificial Intelligence,Data Preprocessing,12,2,3,117
Computer Networks,Security Auditing,10,3,1,238
Computer Networks,Lab Simulation,20,1,2,189
Artificial Intelligence,Data Preprocessing,14,1,3,87
Computer Networks,Lab Simulation,21,2,2,337
Computer Networks,Configuring Routers,9,3,1,277
Computer Networks,Configuring Routers,7,2,2,120
Computer Networks,Reading Protocols,13,3,1,480
Software Engineering,System Design,13,2,1,234
Software Engineering,Debugging,7,3,2,169
Software Engineering,Code Review,18,1,2,186
Software Engineering,Code Review,18,1,2,196
Artificial Intelligence,Math/Algorithm Review,15,2,2,219
Software Engineering,Writing Code,10,2,2,148
Computer Networks,Security Auditing,6,1,3,44
Artificial Intelligence,Math/Algorithm Review,16,3,3,253
Computer Networks,Configuring Routers,23,2,1,595
Software Engineering,Writing Code,23,3,1,804
Computer Networks,Lab Simulation,23,2,3,220
Artificial Intelligence,Reading Research Papers,12,2,3,87
Artificial Intelligence,Math/Algorithm Review,22,2,2,283
Computer Networks,Network Troubleshooting,24,1,2,225
Artificial Intelligence,Reading Research Papers,18,2,1,386
Computer Networks,Reading Protocols,11,2,2,119
Artificial Intelligence,Data Preprocessing,4,1,3,32
Artificial Intelligence,Math/Algorithm Review,3,3,1,75
Artificial Intelligence,Math/Algorithm Review,15,2,1,285
Artificial Intelligence,Writing Code,5,3,1,156
Software Engineering,Writing Code,13,2,1,297
Software Engineering,System Design,16,2,3,224
Software Engineering,System Design,23,2,1,338
Software Engineering,Reading Documentation,17,2,2,268
Computer Networks,Configuring Routers,24,3,1,670
Artificial Intelligence,Math/Algorithm Review,4,2,3,42
Software Engineering,Debugging,19,1,1,289
Software Engineering,Writing Code,5,2,1,104
Artificial Intelligence,Writing Code,22,2,1,561
Software Engineering,Code Review,9,3,3,133
Artificial Intelligence,Model Training,4,1,1,44
Computer Networks,Reading Protocols,11,3,1,359
Computer Networks,Network Troubleshooting,19,2,2,286
Computer Networks,Lab Simulation,3,1,1,39
Software Engineering,Writing Code,8,1,3,62
Computer Networks,Lab Simulation,13,3,1,445
Artificial Intelligence,Writing Code,22,2,2,354
Artificial Intelligence,Writing Code,16,3,1,499
Artificial Intelligence,Math/Algorithm Review,19,1,3,160
Computer Networks,Reading Protocols,1,2,2,14
Computer Networks,Network Troubleshooting,8,2,2,117
Artificial Intelligence,Reading Research Papers,6,2,2,100
Artificial Intelligence,Writing Code,19,2,1,491
Software Engineering,Debugging,10,1,2,102
Computer Networks,Security Auditing,2,1,3,11
Artificial Intelligence,Math/Algorithm Review,22,2,2,346
Software Engineering,System Design,21,1,2,164
Software Engineering,Writing Code,23,2,2,420
Artificial Intelligence,Model Training,14,3,3,251
Artificial Intelligence,Reading Research Papers,13,3,2,233
Artificial Intelligence,Model Training,24,2,1,460
Software Engineering,Writing Code,17,2,1,391
Computer Networks,Network Troubleshooting,8,1,1,90
Software Engineering,System Design,11,3,1,386
Artificial Intelligence,Math/Algorithm Review,13,2,1,269
Computer Networks,Lab Simulation,17,2,2,302
Computer Networks,Network Troubleshooting,15,1,2,115
Software Engineering,System Design,1,1,1,14
Software Engineering,System Design,20,2,2,294
Artificial Intelligence,Data Preprocessing,5,2,1,99
Artificial Intelligence,Math/Algorithm Review,12,1,3,94
Software Engineering,Debugging,5,3,3,82
Computer Networks,Configuring Routers,4,2,2,47
Artificial Intelligence,Data Preprocessing,24,3,1,740
Artificial Intelligence,Data Preprocessing,4,1,1,51
Software Engineering,Writing Code,17,1,2,181
Artificial Intelligence,Writing Code,5,3,3,69
Software Engineering,Code Review,14,2,2,225
Artificial Intelligence,Reading Research Papers,24,2,3,154
Artificial Intelligence,Reading Research Papers,6,2,2,75
Artificial Intelligence,Reading Research Papers,22,1,2,188
Artificial Intelligence,Data Preprocessing,2,1,2,15
Computer Networks,Network Troubleshooting,7,2,1,114
Computer Networks,Lab Simulation,4,2,3,43
Software Engineering,Writing Code,24,2,1,624
Computer Networks,Lab Simulation,9,3,2,173
Artificial Intelligence,Reading Research Papers,8,3,2,171
Artificial Intelligence,Math/Algorithm Review,15,2,2,237
Computer Networks,Network Troubleshooting,10,2,1,175
Software Engineering,System Design,8,2,1,132
Software Engineering,Code Review,6,1,2,64
Computer Networks,Configuring Routers,14,1,1,157
Artificial Intelligence,Math/Algorithm Review,2,1,2,18
Software Engineering,System Design,6,1,3,53
Software Engineering,Reading Documentation,6,2,1,86
Computer Networks,Security Auditing,1,1,3,5
Artificial Intelligence,Data Preprocessing,16,2,2,251
Computer Networks,Network Troubleshooting,12,1,2,102
Artificial Intelligence,Model Training,6,1,2,58
Computer Networks,Lab Simulation,2,2,1,46
Artificial Intelligence,Reading Research Papers,15,1,2,137
Software Engineering,Reading Documentation,20,2,2,274
Artificial Intelligence,Reading Research Papers,5,2,2,71
Computer Networks,Reading Protocols,21,1,1,302
Computer Networks,Lab Simulation,3,3,1,100
Software Engineering,Reading Documentation,2,3,1,54
Software Engineering,Reading Documentation,3,3,2,77
Artificial Intelligence,Data Preprocessing,18,3,1,394
Software Engineering,Debugging,1,1,3,8
Computer Networks,Network Troubleshooting,11,2,1,185
Software Engineering,Reading Documentation,24,2,2,382
Artificial Intelligence,Math/Algorithm Review,19,1,2,221
Computer Networks,Network Troubleshooting,20,2,1,370
Software Engineering,Writing Code,16,2,3,98
Computer Networks,Lab Simulation,4,2,2,59
Artificial Intelligence,Reading Research Papers,3,2,2,42
Software Engineering,Writing Code,22,2,2,348
Computer Networks,Lab Simulation,20,1,1,296
Computer Networks,Configuring Routers,5,2,2,59
Artificial Intelligence,Writing Code,16,3,1,540
Artificial Intelligence,Reading Research Papers,7,1,2,64
Artificial Intelligence,Writing Code,8,2,1,204
Computer Networks,Network Troubleshooting,9,1,2,91
Artificial Intelligence,Data Preprocessing,17,2,1,392
Artificial Intelligence,Data Preprocessing,1,2,1,22
Software Engineering,Writing Code,24,1,1,302
Artificial Intelligence,Math/Algorithm Review,9,1,1,138
Artificial Intelligence,Reading Research Papers,20,1,1,298
Software Engineering,Writing Code,17,2,1,401
Artificial Intelligence,Data Preprocessing,19,2,1,410
Artificial Intelligence,Writing Code,23,1,2,262
Computer Networks,Configuring Routers,1,3,1,38
Artificial Intelligence,Writing Code,16,3,2,347
Computer Networks,Reading Protocols,10,3,2,167
Artificial Intelligence,Math/Algorithm Review,5,1,1,77
Computer Networks,Reading Protocols,18,3,3,275
Artificial Intelligence,Writing Code,11,1,2,95
Artificial Intelligence,Data Preprocessing,5,2,2,66
Computer Networks,Lab Simulation,2,1,1,19
Software Engineering,System Design,20,2,2,272
Artificial Intelligence,Writing Code,24,3,1,581
Computer Networks,Network Troubleshooting,9,3,1,217
Artificial Intelligence,Model Training,5,3,2,109
Artificial Intelligence,Model Training,20,2,1,312
Artificial Intelligence,Model Training,3,1,1,36
Artificial Intelligence,Model Training,11,2,1,280
Computer Networks,Security Auditing,3,2,1,54
Artificial Intelligence,Math/Algorithm Review,6,1,2,64
Software Engineering,Reading Documentation,4,1,1,66
Software Engineering,Reading Documentation,10,2,1,219
Artificial Intelligence,Data Preprocessing,13,2,1,313
Computer Networks,Configuring Routers,9,2,3,106
Artificial Intelligence,Data Preprocessing,10,1,2,91
Computer Networks,Security Auditing,21,3,2,423
Software Engineering,Reading Documentation,19,2,2,207
Software Engineering,Writing Code,10,2,1,233
Computer Networks,Security Auditing,15,1,1,217
Artificial Intelligence,Writing Code,11,1,1,185
Artificial Intelligence,Data Preprocessing,11,2,1,211
Computer Networks,Network Troubleshooting,18,3,3,275
Artificial Intelligence,Math/Algorithm Review,10,2,1,224
Computer Networks,Reading Protocols,14,2,3,163
Software Engineering,Code Review,1,3,2,29
Computer Networks,Lab Simulation,2,2,1,36
Artificial Intelligence,Reading Research Papers,11,3,1,418
Artificial Intelligence,Math/Algorithm Review,13,2,2,186
Computer Networks,Configuring Routers,23,2,1,415
Software Engineering,Writing Code,6,1,1,90
Software Engineering,Code Review,19,1,1,268
Computer Networks,Network Troubleshooting,23,1,2,204
Computer Networks,Lab Simulation,4,2,1,87
Artificial Intelligence,Data Preprocessing,17,1,1,234
Artificial Intelligence,Data Preprocessing,22,2,3,321
Computer Networks,Reading Protocols,22,1,2,261
Computer Networks,Lab Simulation,17,2,3,154
Software Engineering,Code Review,18,1,2,147
Artificial Intelligence,Math/Algorithm Review,14,1,2,98
Computer Networks,Security Auditing,2,2,2,22
Computer Networks,Security Auditing,24,2,2,316
Computer Networks,Configuring Routers,1,2,2,12
Artificial Intelligence,Model Training,19,2,2,295
Software Engineering,System Design,16,2,1,279
Artificial Intelligence,Data Preprocessing,7,1,2,63
Computer Networks,Network Troubleshooting,17,3,2,423
Computer Networks,Lab Simulation,3,2,2,45
Artificial Intelligence,Reading Research Papers,16,1,2,182
Software Engineering,Writing Code,19,1,1,260
Computer Networks,Lab Simulation,19,3,2,390
Artificial Intelligence,Data Preprocessing,8,1,1,107
Artificial Intelligence,Reading Research Papers,15,2,3,155
Software Engineering,Debugging,2,2,3,18
Software Engineering,Reading Documentation,10,2,1,163
Computer Networks,Security Auditing,20,1,1,209
Computer Networks,Reading Protocols,2,2,2,29
Software Engineering,Code Review,8,2,2,141
Software Engineering,Debugging,20,1,2,232
Computer Networks,Security Auditing,9,2,1,200
Artificial Intelligence,Data Preprocessing,16,2,2,257
Software Engineering,System Design,22,2,1,464
Software Engineering,System Design,11,1,1,123
Computer Networks,Network Troubleshooting,12,2,2,152
Software Engineering,Debugging,2,1,2,20
Software Engineering,Writing Code,15,2,2,214
Software Engineering,Writing Code,13,3,2,318
Computer Networks,Network Troubleshooting,7,2,3,56
Computer Networks,Security Auditing,5,2,1,97
Artificial Intelligence,Writing Code,21,3,3,246
Artificial Intelligence,Model Training,16,2,3,153
Software Engineering,System Design,6,1,2,63
Software Engineering,System Design,6,1,3,47
Software Engineering,Debugging,3,3,1,79
Computer Networks,Lab Simulation,13,1,1,206
Computer Networks,Security Auditing,16,2,1,293
Computer Networks,Network Troubleshooting,17,2,1,362
Computer Networks,Reading Protocols,16,2,2,268
Computer Networks,Configuring Routers,4,3,2,109
Computer Networks,Configuring Routers,20,2,3,186
Computer Networks,Network Troubleshooting,23,2,2,206
Artificial Intelligence,Reading Research Papers,22,3,2,378
Software Engineering,Reading Documentation,11,3,1,342
Computer Networks,Configuring Routers,9,1,2,94
Software Engineering,Code Review,1,1,2,12
Software Engineering,Debugging,20,2,1,371
Computer Networks,Reading Protocols,15,3,3,228
Artificial Intelligence,Writing Code,13,2,3,142
Artificial Intelligence,Reading Research Papers,22,2,2,294
Software Engineering,Debugging,17,2,3,167
Artificial Intelligence,Math/Algorithm Review,7,2,3,59
Computer Networks,Configuring Routers,3,1,1,49
Software Engineering,Writing Code,8,3,2,163
Software Engineering,Code Review,17,2,3,149
Software Engineering,Reading Documentation,14,2,1,254
Artificial Intelligence,Model Training,20,2,2,257
Software Engineering,Writing Code,8,1,1,100
Software Engineering,Code Review,10,1,1,124
Software Engineering,System Design,4,1,3,25
Computer Networks,Network Troubleshooting,23,2,2,285
Artificial Intelligence,Writing Code,6,2,1,123
Software Engineering,Debugging,23,1,2,217
Software Engineering,System Design,16,2,3,135
Computer Networks,Lab Simulation,17,2,3,186
Artificial Intelligence,Math/Algorithm Review,21,2,2,151
Computer Networks,Security Auditing,7,1,2,52
Computer Networks,Security Auditing,8,1,3,55
Software Engineering,Code Review,14,2,1,229
Computer Networks,Configuring Routers,13,2,1,211
Artificial Intelligence,Math/Algorithm Review,3,1,3,21
Artificial Intelligence,Writing Code,6,3,2,122
Computer Networks,Network Troubleshooting,3,3,1,77
Computer Networks,Lab Simulation,5,1,2,43
Artificial Intelligence,Reading Research Papers,7,2,2,90
Software Engineering,Debugging,18,1,1,214
Software Engineering,System Design,17,1,1,198
Computer Networks,Lab Simulation,23,1,1,322
Computer Networks,Lab Simulation,17,2,2,237
Computer Networks,Network Troubleshooting,22,2,2,372
Software Engineering,Reading Documentation,21,2,1,400
Software Engineering,Reading Documentation,20,2,2,269
Artificial Intelligence,Data Preprocessing,20,3,3,316
Computer Networks,Reading Protocols,2,1,1,33
Software Engineering,Writing Code,8,1,1,104
Software Engineering,Reading Documentation,8,1,1,138
Software Engineering,Debugging,21,2,3,239
Artificial Intelligence,Model Training,6,1,3,49
Computer Networks,Reading Protocols,11,1,1,150
Artificial Intelligence,Math/Algorithm Review,7,1,2,55
Artificial Intelligence,Writing Code,19,2,1,448
Software Engineering,Reading Documentation,4,3,1,138
Computer Networks,Security Auditing,14,2,1,326
Artificial Intelligence,Math/Algorithm Review,1,1,3,7
Artificial Intelligence,Reading Research Papers,6,1,1,80
Computer Networks,Lab Simulation,2,1,1,21
Computer Networks,Reading Protocols,24,3,2,584
Software Engineering,Reading Documentation,12,3,1,402
Artificial Intelligence,Reading Research Papers,12,3,1,387
Computer Networks,Configuring Routers,22,1,1,258
Software Engineering,Code Review,22,1,2,151
Artificial Intelligence,Writing Code,15,3,1,506
Software Engineering,Debugging,5,2,1,121
Computer Networks,Security Auditing,18,1,3,155
Artificial Intelligence,Model Training,20,1,3,138
Software Engineering,System Design,13,1,1,179
Software Engineering,Writing Code,16,2,2,201
Computer Networks,Reading Protocols,12,1,1,119
Software Engineering,System Design,22,2,2,344
Computer Networks,Network Troubleshooting,21,1,1,218
Software Engineering,Writing Code,1,1,2,9
Artificial Intelligence,Writing Code,15,3,2,261
Computer Networks,Configuring Routers,17,2,1,270
Artificial Intelligence,Data Preprocessing,16,2,3,147
Software Engineering,System Design,13,2,1,210
Computer Networks,Security Auditing,6,2,1,154
Computer Networks,Lab Simulation,20,1,2,150
Artificial Intelligence,Model Training,4,2,2,56
Computer Networks,Reading Protocols,11,1,2,94
Computer Networks,Reading Protocols,20,2,2,305
Software Engineering,System Design,17,3,3,273
Computer Networks,Security Auditing,13,2,2,161
Artificial Intelligence,Reading Research Papers,8,1,3,48
Artificial Intelligence,Reading Research Papers,13,1,2,114
Computer Networks,Reading Protocols,9,2,3,94
Computer Networks,Security Auditing,19,2,1,354
Artificial Intelligence,Model Training,18,2,2,248
Artificial Intelligence,Math/Algorithm Review,13,2,1,272
Artificial Intelligence,Model Training,18,1,2,163
Software Engineering,System Design,10,2,1,198
Software Engineering,Reading Documentation,5,3,3,80
Computer Networks,Configuring Routers,20,2,2,352
Software Engineering,Code Review,12,2,2,166
Software Engineering,Reading Documentation,9,1,1,117
Computer Networks,Configuring Routers,2,1,2,21
Software Engineering,Debugging,14,2,2,234
Software Engineering,Reading Documentation,20,2,1,368
Computer Networks,Reading Protocols,21,3,3,299
Artificial Intelligence,Reading Research Papers,10,3,1,279
Software Engineering,Reading Documentation,18,3,2,324
Artificial Intelligence,Reading Research Papers,13,2,1,230
Artificial Intelligence,Math/Algorithm Review,15,1,3,113
Software Engineering,Reading Documentation,17,1,1,155
Software Engineering,System Design,16,1,1,168
Computer Networks,Network Troubleshooting,7,1,2,75
Software Engineering,System Design,3,2,2,33
Software Engineering,System Design,23,1,1,321
Artificial Intelligence,Reading Research Papers,2,2,2,35
Software Engineering,Reading Documentation,22,1,3,128
Computer Networks,Security Auditing,9,1,2,96
Software Engineering,Code Review,9,2,1,150
Software Engineering,Code Review,23,2,1,380
Artificial Intelligence,Writing Code,10,2,2,163
Computer Networks,Network Troubleshooting,3,2,3,28
Artificial Intelligence,Math/Algorithm Review,20,2,2,209
Software Engineering,System Design,11,1,1,152
Computer Networks,Network Troubleshooting,12,1,3,70
Software Engineering,Code Review,21,2,1,480
Computer Networks,Network Troubleshooting,17,3,2,392
Artificial Intelligence,Reading Research Papers,22,2,1,394
Artificial Intelligence,Data Preprocessing,13,2,2,207
Computer Networks,Lab Simulation,22,1,2,184
Artificial Intelligence,Data Preprocessing,2,2,1,47
Artificial Intelligence,Data Preprocessing,10,1,1,135
Software Engineering,Reading Documentation,4,1,1,51
Computer Networks,Configuring Routers,14,2,3,116
Computer Networks,Lab Simulation,10,2,3,105
Artificial Intelligence,Model Training,12,1,3,61
Software Engineering,Code Review,20,3,1,684
Software Engineering,Reading Documentation,16,1,2,181
Computer Networks,Security Auditing,16,3,3,304
Software Engineering,Code Review,17,3,3,227
Computer Networks,Reading Protocols,14,1,1,196
Computer Networks,Reading Protocols,17,2,1,349
Computer Networks,Configuring Routers,22,2,3,252
Computer Networks,Configuring Routers,8,1,1,107
Software Engineering,Debugging,16,3,2,359
Software Engineering,Debugging,21,2,2,357
Software Engineering,Reading Documentation,1,2,1,23
Computer Networks,Security Auditing,12,2,1,230
Computer Networks,Reading Protocols,13,2,2,224
Software Engineering,Code Review,20,2,2,256
Artificial Intelligence,Model Training,16,1,1,191
Software Engineering,Code Review,9,1,1,124
Computer Networks,Reading Protocols,10,3,1,261
Computer Networks,Reading Protocols,6,1,1,90
Computer Networks,Security Auditing,22,3,1,689
Computer Networks,Lab Simulation,4,1,2,26
Software Engineering,System Design,14,2,3,158
Software Engineering,Writing Code,22,2,3,242
Computer Networks,Network Troubleshooting,11,2,2,162
Software Engineering,Debugging,11,3,1,323
Artificial Intelligence,Math/Algorithm Review,17,1,1,211
Software Engineering,System Design,15,2,3,132
Artificial Intelligence,Data Preprocessing,10,2,1,268
Software Engineering,Writing Code,10,2,2,105
Software Engineering,Writing Code,12,2,1,296
Software Engineering,Code Review,11,2,1,217
Software Engineering,Reading Documentation,8,2,3,75
Artificial Intelligence,Reading Research Papers,11,2,3,84
Computer Networks,Reading Protocols,4,2,2,50
Artificial Intelligence,Model Training,16,2,3,160
Artificial Intelligence,Reading Research Papers,18,2,1,317
Software Engineering,Writing Code,23,2,1,551
Computer Networks,Lab Simulation,18,2,3,193
Software Engineering,Debugging,1,1,2,7
Artificial Intelligence,Writing Code,12,3,1,425
Artificial Intelligence,Writing Code,15,2,1,294
Artificial Intelligence,Writing Code,1,3,1,24
Computer Networks,Security Auditing,18,1,2,171
Computer Networks,Configuring Routers,21,2,3,234
Artificial Intelligence,Reading Research Papers,19,2,2,331
Computer Networks,Network Troubleshooting,7,2,2,109
Computer Networks,Reading Protocols,19,2,1,287
Artificial Intelligence,Writing Code,19,3,1,696
Artificial Intelligence,Reading Research Papers,15,2,1,308
Software Engineering,Reading Documentation,16,1,1,191
Software Engineering,Writing Code,7,1,1,96
Software Engineering,Code Review,1,2,2,11
Software Engineering,Writing Code,18,1,1,243
Software Engineering,Code Review,23,3,2,417
Computer Networks,Configuring Routers,18,3,1,623
Computer Networks,Configuring Routers,19,2,2,224
Software Engineering,Code Review,1,1,3,7
Computer Networks,Lab Simulation,13,1,1,176
Artificial Intelligence,Model Training,2,2,1,47
Software Engineering,Debugging,15,2,2,194
Computer Networks,Lab Simulation,14,3,2,407
Computer Networks,Reading Protocols,18,3,1,529
Computer Networks,Configuring Routers,19,2,1,400
Artificial Intelligence,Writing Code,23,2,1,518
Computer Networks,Security Auditing,13,1,1,159
Computer Networks,Reading Protocols,11,2,1,182
Computer Networks,Network Troubleshooting,23,1,2,200
Artificial Intelligence,Math/Algorithm Review,15,1,1,171
Artificial Intelligence,Reading Research Papers,6,2,2,69
Software Engineering,System Design,17,1,1,215
Software Engineering,Code Review,17,2,1,301
Computer Networks,Configuring Routers,6,1,1,59
Artificial Intelligence,Math/Algorithm Review,23,2,1,401
Computer Networks,Configuring Routers,4,1,2,36
Artificial Intelligence,Math/Algorithm Review,2,3,2,41
Artificial Intelligence,Math/Algorithm Review,9,2,1,217
Artificial Intelligence,Reading Research Papers,8,1,1,141
Artificial Intelligence,Data Preprocessing,16,1,2,184
Artificial Intelligence,Data Preprocessing,20,2,1,477
Computer Networks,Configuring Routers,13,2,3,98
Computer Networks,Reading Protocols,20,2,2,295
Software Engineering,System Design,4,3,2,88
Computer Networks,Configuring Routers,8,2,1,117
Software Engineering,Code Review,7,2,2,84
Computer Networks,Lab Simulation,23,2,1,432
Computer Networks,Configuring Routers,13,2,2,161
Computer Networks,Security Auditing,10,2,1,190
Software Engineering,Reading Documentation,22,2,1,413
Computer Networks,Configuring Routers,4,2,1,73
Computer Networks,Security Auditing,7,1,2,71
Computer Networks,Reading Protocols,8,1,2,110
Software Engineering,System Design,7,3,2,130
Software Engineering,Debugging,23,3,1,711
Computer Networks,Network Troubleshooting,19,2,1,359
Computer Networks,Lab Simulation,14,2,1,235
Computer Networks,Reading Protocols,20,1,2,213
Computer Networks,Configuring Routers,13,2,2,155
Computer Networks,Reading Protocols,22,2,3,249
Software Engineering,Reading Documentation,16,3,1,508
Software Engineering,Writing Code,18,2,2,246
Computer Networks,Configuring Routers,3,2,3,26
Software Engineering,System Design,17,2,1,219
Artificial Intelligence,Model Training,22,3,1,672
Computer Networks,Reading Protocols,15,3,1,466
Software Engineering,Code Review,17,1,1,234
Software Engineering,Debugging,18,2,3,135
Computer Networks,Lab Simulation,6,1,1,48
Software Engineering,System Design,20,2,2,227
Computer Networks,Lab Simulation,16,3,2,323
Computer Networks,Network Troubleshooting,4,2,1,72
Artificial Intelligence,Data Preprocessing,7,3,1,186
Artificial Intelligence,Data Preprocessing,2,1,3,18
Artificial Intelligence,Model Training,23,2,2,349
Computer Networks,Configuring Routers,1,1,2,10
Artificial Intelligence,Math/Algorithm Review,11,2,2,176
Artificial Intelligence,Model Training,23,2,1,406
Software Engineering,System Design,24,3,1,933
Artificial Intelligence,Data Preprocessing,15,2,2,196
Artificial Intelligence,Model Training,2,2,3,21
Artificial Intelligence,Model Training,1,3,1,30
Artificial Intelligence,Math/Algorithm Review,21,2,3,221
Computer Networks,Security Auditing,24,1,3,158
Artificial Intelligence,Data Preprocessing,17,1,1,236
Computer Networks,Security Auditing,3,2,2,34
Computer Networks,Security Auditing,19,2,1,322
Artificial Intelligence,Data Preprocessing,15,2,1,254
Computer Networks,Reading Protocols,12,1,2,144
Computer Networks,Lab Simulation,22,1,2,205
Software Engineering,Code Review,10,2,1,204
Artificial Intelligence,Writing Code,4,2,2,79
Computer Networks,Network Troubleshooting,10,1,2,102
Software Engineering,Code Review,1,1,2,11
Artificial Intelligence,Math/Algorithm Review,18,1,1,274
Computer Networks,Reading Protocols,5,1,2,55
Software Engineering,System Design,3,2,1,71
Computer Networks,Configuring Routers,1,2,2,15
Artificial Intelligence,Model Training,7,3,2,115
Software Engineering,Debugging,19,1,1,267
Software Engineering,Reading Documentation,17,1,2,106
Artificial Intelligence,Writing Code,15,1,2,132
Computer Networks,Network Troubleshooting,1,3,2,19
Software Engineering,System Design,24,1,1,311
Software Engineering,System Design,2,2,1,37
Software Engineering,System Design,18,3,1,631
Computer Networks,Lab Simulation,21,2,1,364
Software Engineering,Debugging,17,2,2,284
Computer Networks,Security Auditing,18,2,2,234
Software Engineering,Reading Documentation,15,1,3,102
Artificial Intelligence,Reading Research Papers,14,3,2,202
Artificial Intelligence,Math/Algorithm Review,17,1,2,159
Computer Networks,Reading Protocols,11,2,3,83
Software Engineering,Writing Code,17,1,1,264
Artificial Intelligence,Writing Code,7,2,2,109
Computer Networks,Network Troubleshooting,14,1,2,119
Software Engineering,Code Review,3,3,2,63
Artificial Intelligence,Data Preprocessing,12,3,2,280
Artificial Intelligence,Model Training,12,1,1,184
Artificial Intelligence,Reading Research Papers,20,2,2,307
Artificial Intelligence,Reading Research Papers,14,2,1,258
Artificial Intelligence,Model Training,12,3,2,266
Software Engineering,Reading Documentation,8,2,3,90
Computer Networks,Lab Simulation,16,2,2,217
Computer Networks,Reading Protocols,5,2,2,59
Software Engineering,Debugging,21,2,3,228
Artificial Intelligence,Model Training,24,2,1,549
Artificial Intelligence,Reading Research Papers,23,1,1,259
Artificial Intelligence,Data Preprocessing,17,2,3,153
Artificial Intelligence,Writing Code,2,2,2,28
Artificial Intelligence,Writing Code,19,3,2,331
Computer Networks,Reading Protocols,12,2,2,182
Computer Networks,Security Auditing,21,2,3,238
Artificial Intelligence,Reading Research Papers,14,3,2,268
Artificial Intelligence,Writing Code,12,2,3,121
Software Engineering,Debugging,6,3,3,101
Artificial Intelligence,Reading Research Papers,10,3,1,376
Computer Networks,Network Troubleshooting,24,3,2,546
Software Engineering,Writing Code,7,2,2,93
Computer Networks,Network Troubleshooting,14,3,1,463
Artificial Intelligence,Model Training,11,2,2,113
Computer Networks,Configuring Routers,21,1,1,230
Software Engineering,Debugging,20,2,2,208
Software Engineering,Code Review,21,1,2,225
Computer Networks,Network Troubleshooting,4,2,1,95
Artificial Intelligence,Writing Code,19,1,1,257
Software Engineering,Code Review,24,2,1,497
Artificial Intelligence,Writing Code,19,2,3,155
Computer Networks,Network Troubleshooting,12,3,2,303
Artificial Intelligence,Writing Code,7,3,2,153
Computer Networks,Security Auditing,9,2,3,100
Software Engineering,Writing Code,21,2,3,220
Computer Networks,Security Auditing,3,2,1,58
Computer Networks,Security Auditing,5,3,2,134
Software Engineering,System Design,17,3,1,491
Software Engineering,Code Review,8,2,1,152
Software Engineering,Code Review,12,2,1,242
Software Engineering,Code Review,22,2,1,406
Artificial Intelligence,Model Training,13,2,2,241
Computer Networks,Configuring Routers,8,3,3,101
Computer Networks,Configuring Routers,15,2,1,234
Artificial Intelligence,Reading Research Papers,18,1,1,213
Computer Networks,Security Auditing,2,3,2,41
Computer Networks,Configuring Routers,23,1,2,228
Software Engineering,Writing Code,13,1,1,151
Artificial Intelligence,Data Preprocessing,16,3,3,190
Artificial Intelligence,Model Training,22,1,2,183
Software Engineering,Reading Documentation,9,2,1,230
Software Engineering,Reading Documentation,11,2,3,121
Computer Networks,Lab Simulation,15,2,3,188
Artificial Intelligence,Reading Research Papers,4,2,2,49
Software Engineering,Code Review,12,1,3,78
Software Engineering,Code Review,15,3,1,458
Software Engineering,System Design,19,2,1,236
Artificial Intelligence,Reading Research Papers,4,2,3,39
Artificial Intelligence,Writing Code,23,3,2,446
Software Engineering,System Design,10,1,1,138
Software Engineering,Code Review,17,1,1,292
Software Engineering,Writing Code,9,1,1,114
Artificial Intelligence,Math/Algorithm Review,19,2,1,309
Artificial Intelligence,Data Preprocessing,11,2,2,179
Software Engineering,Debugging,21,3,1,610
Artificial Intelligence,Reading Research Papers,20,2,3,195
Computer Networks,Configuring Routers,19,2,3,142
Computer Networks,Network Troubleshooting,21,2,2,264
Software Engineering,Code Review,20,1,3,161
Computer Networks,Reading Protocols,21,2,3,201
Computer Networks,Network Troubleshooting,4,2,1,80
Artificial Intelligence,Writing Code,22,2,2,260
Artificial Intelligence,Data Preprocessing,5,1,3,31
Software Engineering,Writing Code,4,2,2,59
Artificial Intelligence,Data Preprocessing,24,3,1,726
Software Engineering,Code Review,9,2,2,136
Computer Networks,Lab Simulation,12,2,1,291
Software Engineering,Writing Code,10,1,1,137
Artificial Intelligence,Math/Algorithm Review,18,2,3,241
Artificial Intelligence,Reading Research Papers,8,2,2,102
Artificial Intelligence,Math/Algorithm Review,9,3,1,262
Computer Networks,Reading Protocols,3,2,2,48
Software Engineering,Code Review,12,1,1,173
Computer Networks,Security Auditing,6,1,3,42
Computer Networks,Security Auditing,10,2,1,183
Artificial Intelligence,Reading Research Papers,12,2,2,230
Software Engineering,Code Review,7,2,2,106
Computer Networks,Network Troubleshooting,6,2,3,53
Computer Networks,Network Troubleshooting,5,2,1,77
Artificial Intelligence,Model Training,19,1,1,301
Artificial Intelligence,Reading Research Papers,10,1,1,103
Artificial Intelligence,Math/Algorithm Review,5,2,1,83
Artificial Intelligence,Reading Research Papers,24,3,3,364
Software Engineering,System Design,8,2,1,149
Software Engineering,Code Review,14,3,1,319
Software Engineering,Code Review,8,1,2,69
Computer Networks,Network Troubleshooting,22,2,3,204
Computer Networks,Security Auditing,12,2,2,200
Artificial Intelligence,Data Preprocessing,8,2,2,142
Computer Networks,Reading Protocols,24,2,2,354
Artificial Intelligence,Reading Research Papers,2,2,1,46
Software Engineering,System Design,2,3,1,56
Software Engineering,Code Review,7,1,2,68
Artificial Intelligence,Writing Code,23,1,2,240
Software Engineering,Code Review,17,3,2,404
Software Engineering,Debugging,15,1,3,72
Computer Networks,Network Troubleshooting,16,3,1,483
Artificial Intelligence,Math/Algorithm Review,2,3,2,36
Computer Networks,Security Auditing,21,1,2,199
Software Engineering,Reading Documentation,13,1,1,164
Artificial Intelligence,Writing Code,23,3,3,315
Artificial Intelligence,Math/Algorithm Review,9,3,3,131
Artificial Intelligence,Math/Algorithm Review,24,1,3,131
Software Engineering,Debugging,11,2,3,133
Computer Networks,Reading Protocols,7,2,2,120
Computer Networks,Reading Protocols,2,3,2,38
Artificial Intelligence,Model Training,6,3,2,128
Artificial Intelligence,Writing Code,17,2,3,186
Artificial Intelligence,Reading Research Papers,8,2,2,127
Software Engineering,System Design,3,3,3,33
Software Engineering,Debugging,22,2,2,210
Artificial Intelligence,Math/Algorithm Review,6,3,3,94
Artificial Intelligence,Writing Code,8,3,3,92
Artificial Intelligence,Model Training,16,2,2,259
Software Engineering,System Design,22,3,1,757
Software Engineering,Code Review,16,2,3,133
Computer Networks,Reading Protocols,24,3,2,414
Software Engineering,Reading Documentation,8,2,2,105
Computer Networks,Network Troubleshooting,14,2,2,166
Computer Networks,Configuring Routers,23,2,1,593
Artificial Intelligence,Model Training,18,3,1,645
Software Engineering,Code Review,7,3,1,210
Software Engineering,Code Review,13,2,1,248
Artificial Intelligence,Math/Algorithm Review,24,1,2,244
Computer Networks,Configuring Routers,19,1,1,233
Software Engineering,Debugging,11,3,2,178
Software Engineering,Debugging,1,1,2,9
Software Engineering,Code Review,20,2,3,165
Computer Networks,Security Auditing,23,1,2,255
Software Engineering,System Design,19,1,2,169
Software Engineering,Debugging,22,1,1,343
Computer Networks,Lab Simulation,22,1,2,174
Computer Networks,Configuring Routers,5,1,1,67
Artificial Intelligence,Math/Algorithm Review,1,3,2,24
Computer Networks,Configuring Routers,19,3,3,259
Software Engineering,Code Review,3,2,1,66
Software Engineering,System Design,10,2,1,199
Artificial Intelligence,Data Preprocessing,18,2,1,441
Software Engineering,Writing Code,12,3,3,142
Computer Networks,Reading Protocols,18,2,1,405
Software Engineering,Writing Code,6,1,2,52
Software Engineering,Code Review,20,3,2,406
Computer Networks,Lab Simulation,9,1,2,90
Computer Networks,Network Troubleshooting,12,2,1,227
Artificial Intelligence,Math/Algorithm Review,14,2,2,194
Computer Networks,Security Auditing,3,3,1,93
Artificial Intelligence,Model Training,13,3,2,239
Artificial Intelligence,Math/Algorithm Review,2,2,1,43
Software Engineering,Reading Documentation,24,2,2,233
Artificial Intelligence,Data Preprocessing,10,3,2,226
Artificial Intelligence,Writing Code,4,1,1,52
Artificial Intelligence,Writing Code,18,2,1,411
Computer Networks,Configuring Routers,19,3,3,299
Software Engineering,Reading Documentation,15,1,2,147
Computer Networks,Reading Protocols,18,1,2,186
Software Engineering,Writing Code,19,3,1,571
Software Engineering,Debugging,21,3,2,465
Artificial Intelligence,Writing Code,1,2,1,19
Artificial Intelligence,Writing Code,7,2,2,102
Software Engineering,Debugging,17,3,3,287
Software Engineering,System Design,6,3,2,158
Artificial Intelligence,Reading Research Papers,3,2,3,24
Software Engineering,System Design,21,2,2,295
Computer Networks,Configuring Routers,15,2,3,144
Artificial Intelligence,Math/Algorithm Review,6,2,2,74
Computer Networks,Reading Protocols,18,3,1,441
Artificial Intelligence,Reading Research Papers,5,3,1,167
Software Engineering,Debugging,12,1,1,196
Computer Networks,Network Troubleshooting,14,3,2,270
Computer Networks,Security Auditing,10,3,1,316
Computer Networks,Network Troubleshooting,24,1,2,209
Computer Networks,Network Troubleshooting,3,2,2,48
Artificial Intelligence,Writing Code,1,2,3,10
Artificial Intelligence,Reading Research Papers,4,1,2,32
Computer Networks,Security Auditing,7,2,1,168
Artificial Intelligence,Writing Code,9,3,1,191
Computer Networks,Configuring Routers,7,2,1,164
Computer Networks,Reading Protocols,23,1,2,165
Software Engineering,System Design,20,2,1,466
Artificial Intelligence,Data Preprocessing,2,2,1,46
Software Engineering,Reading Documentation,5,3,2,99
Software Engineering,Writing Code,19,2,2,209
Software Engineering,Reading Documentation,21,3,1,689
Artificial Intelligence,Data Preprocessing,8,2,2,105
Software Engineering,System Design,10,3,1,337
Artificial Intelligence,Reading Research Papers,9,1,1,128
Artificial Intelligence,Reading Research Papers,17,2,1,348
Software Engineering,Debugging,24,3,1,666
Computer Networks,Reading Protocols,18,2,3,178
Computer Networks,Configuring Routers,1,3,3,16
Artificial Intelligence,Writing Code,20,2,2,288
Software Engineering,Debugging,23,2,1,612
Software Engineering,Writing Code,19,1,2,218
Software Engineering,Debugging,20,2,3,191
Artificial Intelligence,Writing Code,17,1,1,236
Artificial Intelligence,Reading Research Papers,3,2,3,23
Software Engineering,Reading Documentation,20,2,1,360
Software Engineering,System Design,6,2,2,96
Artificial Intelligence,Writing Code,2,2,2,20
Software Engineering,Debugging,22,1,3,118
Software Engineering,Debugging,17,2,1,327
Artificial Intelligence,Writing Code,22,2,1,442
Computer Networks,Security Auditing,22,2,1,501
Software Engineering,Code Review,3,2,3,31
Artificial Intelligence,Math/Algorithm Review,12,2,2,199
Software Engineering,System Design,18,1,1,296
Artificial Intelligence,Model Training,6,2,3,72
Computer Networks,Security Auditing,24,3,2,543
Artificial Intelligence,Model Training,14,2,2,187
Computer Networks,Reading Protocols,12,2,1,217
Artificial Intelligence,Writing Code,20,2,1,428
Software Engineering,System Design,4,1,2,40
Software Engineering,Debugging,18,1,2,136
Software Engineering,Reading Documentation,2,3,1,62
Artificial Intelligence,Model Training,15,2,1,347
Computer Networks,Security Auditing,14,1,3,84
Artificial Intelligence,Math/Algorithm Review,18,1,1,277
Artificial Intelligence,Model Training,8,3,2,160
Software Engineering,Reading Documentation,8,2,2,104
Artificial Intelligence,Math/Algorithm Review,22,1,2,210
Artificial Intelligence,Model Training,24,2,3,270
Software Engineering,Code Review,4,2,3,37
Computer Networks,Network Troubleshooting,5,2,2,61
Computer Networks,Security Auditing,14,1,3,91
Software Engineering,Code Review,5,2,1,91
Artificial Intelligence,Model Training,20,1,1,194
Computer Networks,Lab Simulation,7,1,2,53
Artificial Intelligence,Data Preprocessing,16,2,1,328
Computer Networks,Reading Protocols,8,1,1,93
Computer Networks,Security Auditing,21,2,3,209
Artificial Intelligence,Math/Algorithm Review,5,3,3,87
Artificial Intelligence,Reading Research Papers,22,3,1,784
Software Engineering,Writing Code,10,2,2,170
Software Engineering,Code Review,1,3,1,31
Computer Networks,Configuring Routers,11,2,2,188
Software Engineering,Writing Code,8,3,2,164
Computer Networks,Lab Simulation,22,3,3,281
Artificial Intelligence,Model Training,14,1,2,135
Artificial Intelligence,Writing Code,8,2,2,112
Computer Networks,Configuring Routers,1,2,2,12
Software Engineering,System Design,13,2,2,160
Artificial Intelligence,Math/Algorithm Review,13,2,1,257
Artificial Intelligence,Data Preprocessing,17,1,2,177
Artificial Intelligence,Reading Research Papers,7,2,1,136
Artificial Intelligence,Reading Research Papers,12,1,2,97
Computer Networks,Reading Protocols,23,2,1,574
Computer Networks,Security Auditing,7,1,2,74
Artificial Intelligence,Model Training,8,3,3,102
Software Engineering,Code Review,17,2,2,220
Artificial Intelligence,Reading Research Papers,15,1,2,154
Software Engineering,Reading Documentation,13,2,2,214
Software Engineering,Debugging,11,1,1,170
Computer Networks,Reading Protocols,13,1,3,105
Artificial Intelligence,Data Preprocessing,20,2,2,198
Computer Networks,Security Auditing,10,2,2,143
Artificial Intelligence,Writing Code,18,3,1,517
Artificial Intelligence,Writing Code,9,2,1,201
Computer Networks,Configuring Routers,15,1,2,160
Artificial Intelligence,Model Training,12,2,1,234
Artificial Intelligence,Data Preprocessing,5,3,2,117
Artificial Intelligence,Math/Algorithm Review,10,3,2,165
Artificial Intelligence,Math/Algorithm Review,20,2,1,408
Artificial Intelligence,Math/Algorithm Review,20,1,2,161
Artificial Intelligence,Model Training,11,2,2,176
Artificial Intelligence,Model Training,17,1,2,125
Computer Networks,Configuring Routers,3,1,2,36
Software Engineering,Code Review,17,2,2,240
Artificial Intelligence,Math/Algorithm Review,6,2,2,102
Software Engineering,Code Review,21,2,2,335
Software Engineering,Reading Documentation,19,3,1,569
Computer Networks,Configuring Routers,17,2,1,252
Artificial Intelligence,Data Preprocessing,17,3,1,494
Computer Networks,Network Troubleshooting,17,3,2,363
Computer Networks,Network Troubleshooting,24,1,1,351
Software Engineering,System Design,23,2,3,255
Software Engineering,Code Review,2,2,2,31
Artificial Intelligence,Data Preprocessing,11,2,2,147
Software Engineering,Debugging,16,2,3,183
Computer Networks,Lab Simulation,5,2,3,57
Artificial Intelligence,Writing Code,7,3,3,94
Artificial Intelligence,Math/Algorithm Review,4,1,3,26
Software Engineering,System Design,7,3,2,125
Artificial Intelligence,Reading Research Papers,11,2,2,176
Software Engineering,Code Review,3,2,2,39
Software Engineering,Code Review,5,3,2,105
Software Engineering,Writing Code,2,2,1,48
Software Engineering,System Design,23,2,2,281
Software Engineering,Code Review,17,1,2,158
Computer Networks,Configuring Routers,19,3,2,433
Artificial Intelligence,Model Training,22,2,2,305
Computer Networks,Reading Protocols,17,2,1,416
Artificial Intelligence,Reading Research Papers,12,3,2,351
Computer Networks,Configuring Routers,2,1,1,30
Artificial Intelligence,Reading Research Papers,24,2,1,498
Software Engineering,Writing Code,6,2,2,76
Software Engineering,System Design,15,2,2,208
Artificial Intelligence,Math/Algorithm Review,10,2,3,86
Artificial Intelligence,Reading Research Papers,6,2,2,76
Computer Networks,Configuring Routers,13,2,2,234
Software Engineering,System Design,9,2,2,139
Artificial Intelligence,Math/Algorithm Review,24,1,2,182
Artificial Intelligence,Data Preprocessing,18,2,1,252
Artificial Intelligence,Reading Research Papers,2,2,1,31
Artificial Intelligence,Model Training,5,1,2,33
Software Engineering,System Design,24,1,3,143
Artificial Intelligence,Data Preprocessing,1,2,3,13
Software Engineering,Debugging,2,2,2,34
Software Engineering,Reading Documentation,19,1,2,116
Artificial Intelligence,Reading Research Papers,11,1,2,116
Artificial Intelligence,Reading Research Papers,15,1,1,256
Software Engineering,System Design,10,1,2,93
Computer Networks,Security Auditing,9,2,3,81
Computer Networks,Security Auditing,8,2,2,129
Artificial Intelligence,Model Training,12,1,1,172
Computer Networks,Lab Simulation,16,2,1,283
Computer Networks,Lab Simulation,17,2,2,246
Artificial Intelligence,Reading Research Papers,18,1,2,163
Software Engineering,Code Review,13,3,1,457
Software Engineering,Debugging,1,3,2,22
Computer Networks,Reading Protocols,5,1,2,44
Computer Networks,Security Auditing,9,1,3,58
Software Engineering,Code Review,17,2,2,326
Software Engineering,Debugging,4,1,3,33
Artificial Intelligence,Reading Research Papers,16,3,1,407
Software Engineering,System Design,1,2,1,20
Artificial Intelligence,Data Preprocessing,2,3,3,36
Artificial Intelligence,Reading Research Papers,1,1,2,9
Computer Networks,Configuring Routers,23,2,1,415
Computer Networks,Security Auditing,10,2,2,144
Computer Networks,Configuring Routers,15,3,3,183
Artificial Intelligence,Data Preprocessing,11,2,2,164
Software Engineering,Writing Code,4,2,3,47
Artificial Intelligence,Model Training,11,2,2,167
Artificial Intelligence,Model Training,2,2,1,38
Artificial Intelligence,Writing Code,18,2,1,419
Computer Networks,Lab Simulation,11,3,3,157
Software Engineering,System Design,6,1,1,64
Computer Networks,Configuring Routers,19,2,1,445
Artificial Intelligence,Data Preprocessing,8,2,1,125
Artificial Intelligence,Data Preprocessing,19,3,1,630
Software Engineering,Debugging,2,2,3,17
Computer Networks,Configuring Routers,13,2,1,214
Artificial Intelligence,Model Training,5,2,1,86
Computer Networks,Security Auditing,3,3,1,89
Computer Networks,Lab Simulation,9,3,3,161
Computer Networks,Network Troubleshooting,17,3,3,200
Computer Networks,Security Auditing,8,2,1,151
Computer Networks,Configuring Routers,4,3,3,36
Software Engineering,Reading Documentation,20,1,1,247
Computer Networks,Security Auditing,8,2,2,112
Computer Networks,Lab Simulation,9,2,1,186
Artificial Intelligence,Model Training,13,2,1,258
Software Engineering,Debugging,21,2,2,273
Software Engineering,Debugging,9,3,2,196
Software Engineering,System Design,15,1,2,131
Computer Networks,Security Auditing,3,2,3,25
Software Engineering,Reading Documentation,17,2,1,434
Computer Networks,Security Auditing,15,3,2,353
Software Engineering,Code Review,10,2,1,210
Software Engineering,Code Review,11,1,1,127
Computer Networks,Network Troubleshooting,22,2,3,209
Artificial Intelligence,Data Preprocessing,2,2,3,23
Software Engineering,Writing Code,22,2,1,419
Artificial Intelligence,Data Preprocessing,18,3,1,510
Computer Networks,Reading Protocols,17,2,2,248
Software Engineering,Reading Documentation,15,1,1,181
Artificial Intelligence,Data Preprocessing,7,2,2,88
Computer Networks,Lab Simulation,16,1,1,256
Artificial Intelligence,Reading Research Papers,1,2,3,8
Software Engineering,System Design,15,1,3,84
Software Engineering,Debugging,4,2,2,54
Computer Networks,Security Auditing,18,3,1,510
Software Engineering,Writing Code,11,2,1,243
Artificial Intelligence,Data Preprocessing,3,2,1,59
Software Engineering,System Design,9,3,2,152
Artificial Intelligence,Model Training,16,3,1,486
Artificial Intelligence,Writing Code,24,2,1,533
Artificial Intelligence,Model Training,10,1,1,174
Computer Networks,Lab Simulation,10,3,1,253
Computer Networks,Configuring Routers,17,2,1,312
Software Engineering,Code Review,2,2,1,31
Computer Networks,Reading Protocols,22,2,1,393
Artificial Intelligence,Writing Code,18,2,1,383
Artificial Intelligence,Reading Research Papers,21,3,3,289
Computer Networks,Network Troubleshooting,9,1,3,51
Computer Networks,Security Auditing,5,3,2,109
Computer Networks,Configuring Routers,7,2,2,79
Computer Networks,Lab Simulation,8,2,3,74
Artificial Intelligence,Data Preprocessing,18,3,1,335
Artificial Intelligence,Model Training,11,3,2,208
Computer Networks,Reading Protocols,1,2,2,15
Artificial Intelligence,Data Preprocessing,3,2,3,26
Computer Networks,Configuring Routers,21,3,1,636
Artificial Intelligence,Math/Algorithm Review,11,2,2,182
Artificial Intelligence,Model Training,18,2,2,224
Software Engineering,Reading Documentation,21,3,2,394
Software Engineering,Reading Documentation,12,2,3,106
Artificial Intelligence,Math/Algorithm Review,24,2,3,216
Artificial Intelligence,Writing Code,17,3,1,564
Computer Networks,Lab Simulation,4,1,3,19
Software Engineering,Debugging,8,2,2,138
Artificial Intelligence,Data Preprocessing,16,3,2,364
Artificial Intelligence,Model Training,19,2,1,354
Artificial Intelligence,Data Preprocessing,9,1,2,106
Artificial Intelligence,Model Training,23,1,2,208
Artificial Intelligence,Data Preprocessing,4,1,1,57
Software Engineering,Reading Documentation,13,3,1,395
Software Engineering,Writing Code,10,1,3,65
Software Engineering,Code Review,10,2,1,200
Software Engineering,Reading Documentation,22,3,2,566
Computer Networks,Security Auditing,18,2,3,174
Artificial Intelligence,Math/Algorithm Review,7,3,1,223
Software Engineering,Reading Documentation,18,3,2,407
Computer Networks,Configuring Routers,4,3,3,69
Artificial Intelligence,Writing Code,22,3,1,610
Computer Networks,Reading Protocols,18,2,2,227
Software Engineering,Writing Code,1,2,2,18
Artificial Intelligence,Writing Code,1,2,3,10
Software Engineering,Writing Code,1,2,1,22
Artificial Intelligence,Math/Algorithm Review,17,2,1,269
Software Engineering,Writing Code,17,1,3,129
Computer Networks,Reading Protocols,18,2,1,364
Computer Networks,Security Auditing,6,2,3,65
Artificial Intelligence,Model Training,1,2,3,10
Software Engineering,Reading Documentation,22,1,2,167
Computer Networks,Security Auditing,14,2,2,202
Artificial Intelligence,Data Preprocessing,13,1,1,144
Artificial Intelligence,Writing Code,11,2,2,163
Software Engineering,System Design,22,2,1,408
Software Engineering,Code Review,4,2,1,72
Software Engineering,System Design,11,1,3,79
Artificial Intelligence,Model Training,12,1,2,97
Computer Networks,Security Auditing,13,2,1,226
Software Engineering,Debugging,23,2,2,359
Computer Networks,Configuring Routers,7,2,1,134
Artificial Intelligence,Reading Research Papers,21,1,1,295
Software Engineering,Writing Code,18,2,1,399
Artificial Intelligence,Writing Code,11,1,2,82
Computer Networks,Lab Simulation,12,2,1,309
Artificial Intelligence,Math/Algorithm Review,20,1,1,279
Computer Networks,Lab Simulation,4,2,2,49
Computer Networks,Lab Simulation,4,2,2,49
Software Engineering,Debugging,12,3,2,286
Computer Networks,Lab Simulation,1,1,3,6
Artificial Intelligence,Math/Algorithm Review,1,2,2,17
Software Engineering,Writing Code,23,1,3,157
Artificial Intelligence,Math/Algorithm Review,6,2,3,59
Computer Networks,Security Auditing,3,2,1,59
Artificial Intelligence,Data Preprocessing,14,3,2,225
Artificial Intelligence,Data Preprocessing,12,2,2,199
Artificial Intelligence,Data Preprocessing,16,2,2,211
Artificial Intelligence,Model Training,9,3,2,168
Computer Networks,Lab Simulation,13,2,2,176
Software Engineering,Reading Documentation,7,1,1,105
Artificial Intelligence,Writing Code,7,2,3,50
Software Engineering,Code Review,4,3,1,123
Artificial Intelligence,Data Preprocessing,4,1,3,22
Software Engineering,Writing Code,8,3,3,142
Artificial Intelligence,Reading Research Papers,1,2,1,21
Computer Networks,Network Troubleshooting,9,2,3,77
Software Engineering,System Design,2,1,1,30
Computer Networks,Configuring Routers,15,1,2,132
Artificial Intelligence,Writing Code,9,1,3,60
Computer Networks,Security Auditing,10,2,3,76
Artificial Intelligence,Reading Research Papers,3,1,2,27
Software Engineering,System Design,13,2,2,198
Artificial Intelligence,Math/Algorithm Review,5,1,2,37
Computer Networks,Lab Simulation,12,2,3,138
Artificial Intelligence,Math/Algorithm Review,20,2,1,347
Artificial Intelligence,Reading Research Papers,11,3,2,202
Software Engineering,Writing Code,9,2,2,161
Software Engineering,Debugging,1,1,1,14
Artificial Intelligence,Data Preprocessing,18,3,3,302
Computer Networks,Network Troubleshooting,5,2,1,90
Computer Networks,Network Troubleshooting,7,1,2,77
Artificial Intelligence,Data Preprocessing,7,2,1,129
Software Engineering,Code Review,17,3,3,255
Software Engineering,System Design,12,1,2,152
Software Engineering,Writing Code,18,3,2,400
Software Engineering,Writing Code,24,2,3,230
Artificial Intelligence,Model Training,13,1,2,126
Artificial Intelligence,Data Preprocessing,13,2,2,166
Software Engineering,Code Review,17,2,2,225
Artificial Intelligence,Writing Code,22,2,3,204
Software Engineering,System Design,9,2,1,195
Computer Networks,Lab Simulation,5,2,1,113
Artificial Intelligence,Model Training,16,2,2,183
Software Engineering,Reading Documentation,18,2,2,261
Computer Networks,Reading Protocols,7,1,1,104
Artificial Intelligence,Data Preprocessing,10,2,1,207
Software Engineering,Writing Code,11,2,2,181
Software Engineering,Code Review,13,3,2,224
Computer Networks,Security Auditing,19,2,2,328
Computer Networks,Configuring Routers,21,2,2,329
Computer Networks,Lab Simulation,23,1,3,116
Software Engineering,System Design,13,1,2,138
Artificial Intelligence,Math/Algorithm Review,17,3,2,373
Artificial Intelligence,Reading Research Papers,11,1,3,76
Software Engineering,Debugging,19,2,1,341
Software Engineering,Debugging,24,3,1,660
Software Engineering,Debugging,10,2,1,199
Software Engineering,Code Review,9,3,2,249
Software Engineering,System Design,18,3,1,603
Computer Networks,Lab Simulation,23,3,3,348
Artificial Intelligence,Math/Algorithm Review,13,2,2,197
Software Engineering,Writing Code,16,3,1,534
Artificial Intelligence,Math/Algorithm Review,13,2,2,224
Software Engineering,Code Review,15,3,2,352
Software Engineering,System Design,1,2,1,19
Software Engineering,Code Review,10,2,2,133
Artificial Intelligence,Data Preprocessing,16,3,2,313
Artificial Intelligence,Writing Code,15,1,1,223
Computer Networks,Reading Protocols,7,1,1,100
Software Engineering,Writing Code,24,2,2,423
Computer Networks,Reading Protocols,18,2,2,306
Artificial Intelligence,Writing Code,3,3,3,50
Software Engineering,Code Review,18,3,1,387
Software Engineering,Writing Code,3,2,2,49
Artificial Intelligence,Math/Algorithm Review,13,1,2,119
Computer Networks,Lab Simulation,19,3,1,464
Computer Networks,Reading Protocols,5,2,2,80
Software Engineering,Writing Code,11,1,1,115
Artificial Intelligence,Model Training,18,3,1,627
Artificial Intelligence,Math/Algorithm Review,7,3,3,142
Artificial Intelligence,Reading Research Papers,22,2,1,567
Artificial Intelligence,Model Training,11,1,2,101
Computer Networks,Reading Protocols,18,2,2,370
Software Engineering,Writing Code,23,1,2,252
Artificial Intelligence,Data Preprocessing,12,1,3,80
Artificial Intelligence,Data Preprocessing,19,2,2,248
Software Engineering,Writing Code,23,2,2,329
Computer Networks,Reading Protocols,3,2,2,52
Artificial Intelligence,Writing Code,11,2,1,240
Computer Networks,Security Auditing,22,1,3,162
Computer Networks,Lab Simulation,15,1,1,188
Software Engineering,System Design,24,1,2,219
Software Engineering,Debugging,22,3,1,584
Software Engineering,Code Review,13,2,2,182
Computer Networks,Network Troubleshooting,15,2,2,225
Artificial Intelligence,Model Training,7,1,1,88
Computer Networks,Security Auditing,12,1,1,179
Artificial Intelligence,Writing Code,19,3,3,242
Computer Networks,Network Troubleshooting,11,3,1,353
Software Engineering,System Design,9,2,2,118
Computer Networks,Reading Protocols,8,2,2,104
Software Engineering,System Design,3,1,2,30
Software Engineering,Code Review,11,2,1,195
Artificial Intelligence,Math/Algorithm Review,16,1,1,248
Artificial Intelligence,Model Training,11,1,3,83
Software Engineering,Code Review,16,3,1,454
Artificial Intelligence,Reading Research Papers,17,2,1,350
Artificial Intelligence,Model Training,6,2,2,86
Computer Networks,Security Auditing,10,2,1,231
Artificial Intelligence,Model Training,5,1,2,36
Software Engineering,System Design,21,1,1,342
Computer Networks,Network Troubleshooting,12,1,2,119
Software Engineering,Reading Documentation,1,3,1,28
Software Engineering,Reading Documentation,12,2,2,144
Software Engineering,Writing Code,22,2,2,293
Artificial Intelligence,Math/Algorithm Review,21,3,1,437
Software Engineering,Code Review,23,2,2,319
Artificial Intelligence,Model Training,23,1,2,228
Artificial Intelligence,Writing Code,23,2,2,417
Artificial Intelligence,Reading Research Papers,9,2,2,126
Artificial Intelligence,Writing Code,6,1,1,93
Computer Networks,Security Auditing,10,1,2,114
Artificial Intelligence,Reading Research Papers,14,2,3,148
Computer Networks,Network Troubleshooting,19,2,1,467
Artificial Intelligence,Math/Algorithm Review,10,2,2,165
Computer Networks,Network Troubleshooting,7,2,3,84
Computer Networks,Lab Simulation,21,1,2,214
Software Engineering,System Design,4,1,2,40
Software Engineering,Code Review,22,1,1,299
Software Engineering,System Design,22,2,3,163
Artificial Intelligence,Data Preprocessing,5,1,1,51
Computer Networks,Configuring Routers,19,2,1,382
Artificial Intelligence,Reading Research Papers,6,2,2,110
Software Engineering,Reading Documentation,2,2,2,35
Artificial Intelligence,Math/Algorithm Review,23,2,3,274
Software Engineering,Writing Code,19,1,1,239
Computer Networks,Reading Protocols,21,2,3,234
Computer Networks,Configuring Routers,10,1,1,120
Artificial Intelligence,Data Preprocessing,22,2,2,334
Software Engineering,Reading Documentation,6,1,3,38
Artificial Intelligence,Data Preprocessing,1,1,1,11
Artificial Intelligence,Reading Research Papers,7,2,1,97
Artificial Intelligence,Math/Algorithm Review,15,1,2,165
Artificial Intelligence,Writing Code,22,1,1,251
Software Engineering,Debugging,15,2,2,200
Computer Networks,Lab Simulation,7,2,2,102
Computer Networks,Lab Simulation,4,1,1,46
Artificial Intelligence,Model Training,24,1,2,272
Software Engineering,System Design,5,1,1,55
Computer Networks,Security Auditing,18,1,1,233
Software Engineering,Reading Documentation,12,1,3,78
Computer Networks,Network Troubleshooting,7,2,2,100
Software Engineering,Debugging,9,2,1,218
Computer Networks,Configuring Routers,9,2,1,204
Computer Networks,Reading Protocols,12,3,2,282
Computer Networks,Lab Simulation,10,2,2,145
Artificial Intelligence,Math/Algorithm Review,8,2,1,139
Software Engineering,Debugging,9,2,1,187
Artificial Intelligence,Math/Algorithm Review,19,2,2,232
Computer Networks,Network Troubleshooting,18,2,3,162
Artificial Intelligence,Reading Research Papers,20,1,2,186
Software Engineering,System Design,21,3,1,793
Artificial Intelligence,Writing Code,14,1,2,129
Software Engineering,Code Review,8,1,1,128
Software Engineering,Reading Documentation,16,2,3,206
Computer Networks,Security Auditing,8,2,2,117
Artificial Intelligence,Math/Algorithm Review,11,3,2,278
Computer Networks,Configuring Routers,24,1,1,373
Artificial Intelligence,Reading Research Papers,6,3,3,51
Computer Networks,Reading Protocols,1,2,2,16
Artificial Intelligence,Model Training,10,1,2,128
Computer Networks,Reading Protocols,18,2,2,332
Software Engineering,Writing Code,12,1,2,127
Artificial Intelligence,Math/Algorithm Review,19,2,2,303
Computer Networks,Lab Simulation,24,3,1,904
Artificial Intelligence,Model Training,23,2,2,259
Computer Networks,Lab Simulation,21,1,1,272
Computer Networks,Configuring Routers,4,3,1,101
Computer Networks,Security Auditing,8,2,2,112
Computer Networks,Lab Simulation,20,1,1,240
Software Engineering,System Design,16,1,1,203
Computer Networks,Lab Simulation,8,1,2,61
Computer Networks,Reading Protocols,20,2,1,382
Software Engineering,System Design,9,2,1,139
Artificial Intelligence,Data Preprocessing,16,1,3,116
Software Engineering,Reading Documentation,23,3,3,305
Software Engineering,System Design,23,2,2,362
Artificial Intelligence,Math/Algorithm Review,21,1,2,144
Artificial Intelligence,Data Preprocessing,12,1,2,118
Software Engineering,Reading Documentation,22,2,2,323
Computer Networks,Security Auditing,13,1,1,172
Software Engineering,Writing Code,14,3,1,429
Software Engineering,System Design,1,3,3,15
Software Engineering,Writing Code,7,1,3,62
Artificial Intelligence,Writing Code,6,1,2,66
Artificial Intelligence,Writing Code,17,1,2,187
Software Engineering,Code Review,16,2,2,269
Computer Networks,Security Auditing,15,3,2,267
Artificial Intelligence,Model Training,10,1,2,92
Software Engineering,System Design,8,3,1,189
Software Engineering,Writing Code,10,2,1,150
Software Engineering,Code Review,2,3,2,49
Computer Networks,Security Auditing,6,3,3,98
Computer Networks,Security Auditing,12,3,3,165
Computer Networks,Network Troubleshooting,12,2,1,235
Computer Networks,Lab Simulation,9,1,3,67
Computer Networks,Reading Protocols,7,1,2,70
Software Engineering,Reading Documentation,9,3,2,180
Artificial Intelligence,Math/Algorithm Review,18,1,2,159
Artificial Intelligence,Reading Research Papers,5,1,1,62
Computer Networks,Configuring Routers,17,2,3,148
Software Engineering,Writing Code,5,2,1,107
Computer Networks,Lab Simulation,13,2,2,168
Software Engineering,Writing Code,22,2,1,553
Artificial Intelligence,Model Training,8,2,2,114
Computer Networks,Reading Protocols,9,2,1,141
Software Engineering,Writing Code,2,1,1,22
Artificial Intelligence,Reading Research Papers,15,2,1,314
Computer Networks,Reading Protocols,18,1,2,202
Software Engineering,Writing Code,7,2,2,106
Artificial Intelligence,Writing Code,14,3,2,290
Computer Networks,Network Troubleshooting,15,3,1,369
Software Engineering,Writing Code,17,2,2,177
Computer Networks,Configuring Routers,12,2,2,172
Artificial Intelligence,Model Training,4,2,1,87
Artificial Intelligence,Writing Code,2,2,2,28
Artificial Intelligence,Model Training,3,2,1,55
Computer Networks,Network Troubleshooting,14,1,1,271
Computer Networks,Network Troubleshooting,19,2,2,306
Software Engineering,Code Review,13,3,1,297
Computer Networks,Security Auditing,22,1,1,342
Artificial Intelligence,Data Preprocessing,12,1,2,95
Software Engineering,Debugging,22,2,1,288
Artificial Intelligence,Reading Research Papers,5,3,3,63
Software Engineering,Debugging,12,1,2,126
Software Engineering,Reading Documentation,10,3,1,354
Software Engineering,Code Review,12,2,2,200
Artificial Intelligence,Reading Research Papers,11,1,2,100
Software Engineering,Code Review,2,1,1,20
Software Engineering,Code Review,3,2,2,43
Software Engineering,Code Review,4,1,1,48
Computer Networks,Reading Protocols,2,2,1,43
Artificial Intelligence,Model Training,3,1,1,43
Software Engineering,System Design,20,1,3,126
Artificial Intelligence,Data Preprocessing,17,3,3,268
Computer Networks,Security Auditing,23,2,1,440
Artificial Intelligence,Reading Research Papers,10,3,1,276
Software Engineering,System Design,19,2,1,376
Computer Networks,Network Troubleshooting,5,3,2,105
Artificial Intelligence,Reading Research Papers,20,2,1,337
Software Engineering,System Design,19,2,1,384
Computer Networks,Network Troubleshooting,22,2,3,269
Artificial Intelligence,Reading Research Papers,16,1,2,143
Computer Networks,Security Auditing,1,1,1,11
Computer Networks,Lab Simulation,24,3,1,844
Computer Networks,Network Troubleshooting,16,2,1,251
Computer Networks,Security Auditing,24,2,2,310
Computer Networks,Lab Simulation,7,2,1,153
Software Engineering,Code Review,13,3,1,430
Software Engineering,Debugging,4,2,3,35
Software Engineering,Debugging,5,2,2,92
Software Engineering,Writing Code,24,2,1,622
Computer Networks,Reading Protocols,8,2,3,94
Computer Networks,Lab Simulation,8,2,2,126
Software Engineering,Code Review,15,1,3,97
Artificial Intelligence,Math/Algorithm Review,11,1,1,120
Software Engineering,System Design,10,3,3,138
Computer Networks,Security Auditing,24,2,2,312
Artificial Intelligence,Model Training,24,2,1,462
Software Engineering,Writing Code,8,2,1,157
Software Engineering,Reading Documentation,4,2,2,62
Computer Networks,Lab Simulation,8,1,1,86
Artificial Intelligence,Model Training,8,3,1,230
Software Engineering,Code Review,17,2,1,348
Software Engineering,Writing Code,6,2,1,123
Artificial Intelligence,Data Preprocessing,23,2,1,576
Artificial Intelligence,Model Training,20,1,3,123
Software Engineering,Debugging,12,2,1,269
Artificial Intelligence,Writing Code,13,1,2,117
Artificial Intelligence,Writing Code,23,1,2,178
Artificial Intelligence,Writing Code,18,2,2,214
Computer Networks,Reading Protocols,9,2,3,99
Software Engineering,Reading Documentation,23,1,2,240
Software Engineering,System Design,20,1,2,231
Software Engineering,Reading Documentation,9,2,2,150
Computer Networks,Security Auditing,14,3,2,166
Software Engineering,Reading Documentation,4,2,1,91
Software Engineering,System Design,13,3,1,497
Software Engineering,Debugging,6,2,1,124
Software Engineering,Reading Documentation,5,2,1,90
Software Engineering,Writing Code,13,1,2,120
Artificial Intelligence,Data Preprocessing,14,1,2,129
Computer Networks,Network Troubleshooting,2,2,1,41
Computer Networks,Lab Simulation,7,2,2,116
Artificial Intelligence,Writing Code,18,1,3,113
Software Engineering,Code Review,10,3,1,219
Software Engineering,Reading Documentation,22,2,2,235
Artificial Intelligence,Model Training,8,3,2,170
Computer Networks,Configuring Routers,21,3,1,617
Artificial Intelligence,Math/Algorithm Review,7,3,3,119
Computer Networks,Network Troubleshooting,22,2,1,502
Software Engineering,Debugging,17,2,2,160
Computer Networks,Network Troubleshooting,16,2,1,337
Software Engineering,Writing Code,13,2,2,219
Artificial Intelligence,Writing Code,5,2,3,44
Computer Networks,Lab Simulation,24,2,1,621
Computer Networks,Lab Simulation,20,1,1,264
Computer Networks,Security Auditing,2,2,2,33
Artificial Intelligence,Model Training,24,1,3,137
Software Engineering,Writing Code,13,1,2,113
Software Engineering,Reading Documentation,16,2,2,255
Computer Networks,Security Auditing,15,3,2,360
Software Engineering,System Design,11,2,2,165
Computer Networks,Security Auditing,17,1,2,120
Artificial Intelligence,Reading Research Papers,1,2,2,14
Software Engineering,Reading Documentation,18,3,2,364
Software Engineering,Reading Documentation,8,2,2,116
Software Engineering,Debugging,2,2,1,47
Software Engineering,Code Review,11,2,1,237
Software Engineering,Writing Code,5,2,1,97
Software Engineering,Code Review,3,3,3,48
Computer Networks,Configuring Routers,13,1,1,169
Computer Networks,Lab Simulation,15,2,2,204
Computer Networks,Configuring Routers,9,2,1,213
Artificial Intelligence,Math/Algorithm Review,13,1,3,100
Software Engineering,Code Review,4,2,3,31
Artificial Intelligence,Reading Research Papers,16,2,2,227
Computer Networks,Security Auditing,14,3,2,250
Computer Networks,Reading Protocols,3,2,3,28
Software Engineering,Writing Code,13,1,2,93
Computer Networks,Reading Protocols,6,3,1,205
Artificial Intelligence,Model Training,3,2,1,58
Computer Networks,Security Auditing,11,3,1,397
Software Engineering,Writing Code,10,1,2,89
Computer Networks,Security Auditing,21,2,1,448
Artificial Intelligence,Math/Algorithm Review,15,2,2,215
Artificial Intelligence,Writing Code,21,2,3,239
Computer Networks,Security Auditing,15,3,2,280
Software Engineering,Reading Documentation,3,2,1,52
Software Engineering,Reading Documentation,11,2,3,93
Software Engineering,System Design,24,2,1,433
Software Engineering,Code Review,6,3,2,138
Artificial Intelligence,Data Preprocessing,4,2,2,61
Artificial Intelligence,Reading Research Papers,18,2,2,351
Computer Networks,Configuring Routers,5,3,3,91
Software Engineering,Code Review,1,2,3,12
Artificial Intelligence,Model Training,12,3,1,364
Software Engineering,Reading Documentation,1,2,2,17
Computer Networks,Security Auditing,18,2,2,209
Software Engineering,Debugging,3,1,3,17
Artificial Intelligence,Data Preprocessing,11,2,1,243
Software Engineering,System Design,21,2,2,361
Computer Networks,Configuring Routers,9,2,1,152
Computer Networks,Reading Protocols,4,3,1,93
Computer Networks,Network Troubleshooting,8,3,1,180
Software Engineering,Debugging,9,3,1,290
Computer Networks,Reading Protocols,6,2,1,136
Computer Networks,Network Troubleshooting,15,3,1,383
Computer Networks,Network Troubleshooting,15,1,2,189
Computer Networks,Network Troubleshooting,12,2,2,163
Software Engineering,Reading Documentation,9,2,1,200
Artificial Intelligence,Reading Research Papers,7,3,1,284
Software Engineering,System Design,23,1,2,162
Computer Networks,Configuring Routers,22,2,2,341
Software Engineering,Debugging,17,2,1,251
Software Engineering,Code Review,21,2,1,407
Software Engineering,Debugging,7,2,1,143
Computer Networks,Network Troubleshooting,16,1,3,83
Software Engineering,Writing Code,21,3,2,549
Artificial Intelligence,Reading Research Papers,2,1,3,16
Artificial Intelligence,Data Preprocessing,16,1,2,125
Artificial Intelligence,Model Training,14,1,3,94
Artificial Intelligence,Model Training,21,1,2,196
Artificial Intelligence,Math/Algorithm Review,24,3,1,828
Software Engineering,Writing Code,18,2,1,346
Software Engineering,Code Review,4,2,1,92
Software Engineering,System Design,13,2,2,214
Artificial Intelligence,Data Preprocessing,23,2,2,272
Software Engineering,Writing Code,18,1,1,301
Artificial Intelligence,Data Preprocessing,13,2,1,267
Computer Networks,Security Auditing,24,2,1,278
Computer Networks,Lab Simulation,17,2,2,308
Artificial Intelligence,Reading Research Papers,17,2,2,249
Computer Networks,Network Troubleshooting,1,1,1,16
Computer Networks,Network Troubleshooting,17,2,1,466
Artificial Intelligence,Writing Code,16,1,1,212
Computer Networks,Reading Protocols,22,1,2,157
Artificial Intelligence,Writing Code,2,1,3,15
Software Engineering,Reading Documentation,11,2,2,148
Computer Networks,Reading Protocols,19,1,1,235
Computer Networks,Lab Simulation,23,2,2,353
Computer Networks,Configuring Routers,3,2,1,48
Artificial Intelligence,Writing Code,18,2,3,204
Software Engineering,Code Review,21,2,2,301
Software Engineering,Reading Documentation,15,2,1,291
Artificial Intelligence,Data Preprocessing,12,2,1,277
Artificial Intelligence,Math/Algorithm Review,21,2,1,478
Computer Networks,Lab Simulation,13,3,3,185
Artificial Intelligence,Writing Code,10,2,1,164
Artificial Intelligence,Data Preprocessing,6,1,1,54
Computer Networks,Lab Simulation,12,1,2,114
Software Engineering,Debugging,7,2,2,100
Artificial Intelligence,Model Training,8,2,1,194
Computer Networks,Reading Protocols,1,3,2,18
Computer Networks,Security Auditing,21,1,2,186
Software Engineering,System Design,5,2,1,115
Computer Networks,Security Auditing,13,3,3,204
Artificial Intelligence,Model Training,11,3,1,395
Computer Networks,Configuring Routers,8,2,1,171
Artificial Intelligence,Model Training,21,2,3,246
Artificial Intelligence,Model Training,15,2,2,316
Artificial Intelligence,Writing Code,7,2,3,53
Computer Networks,Reading Protocols,9,2,1,192
Artificial Intelligence,Writing Code,12,1,2,111
Software Engineering,Reading Documentation,13,2,2,228
Artificial Intelligence,Reading Research Papers,7,2,1,133
Artificial Intelligence,Reading Research Papers,13,3,2,288
Artificial Intelligence,Math/Algorithm Review,1,3,3,10
Artificial Intelligence,Writing Code,3,3,2,53
Computer Networks,Reading Protocols,1,3,2,23
Computer Networks,Reading Protocols,14,1,1,162
Software Engineering,Debugging,24,2,1,453
Artificial Intelligence,Writing Code,18,2,1,396
Computer Networks,Security Auditing,11,2,1,272
Artificial Intelligence,Writing Code,24,2,2,350
Computer Networks,Reading Protocols,12,2,3,150
Computer Networks,Lab Simulation,9,2,2,119
Artificial Intelligence,Reading Research Papers,12,3,2,293
Artificial Intelligence,Writing Code,9,3,1,226
Artificial Intelligence,Math/Algorithm Review,12,2,3,116
Software Engineering,Writing Code,21,3,1,621
Computer Networks,Configuring Routers,15,3,1,541
Computer Networks,Reading Protocols,8,2,1,177
Software Engineering,System Design,24,2,2,354
Software Engineering,Code Review,4,2,1,80
Artificial Intelligence,Reading Research Papers,13,1,1,207
Software Engineering,Writing Code,9,2,2,155
Software Engineering,Writing Code,20,2,3,169
Software Engineering,Writing Code,24,1,2,292
Software Engineering,Debugging,3,2,2,43
Artificial Intelligence,Model Training,8,1,1,112
Software Engineering,Code Review,3,2,1,72
Software Engineering,Reading Documentation,20,3,2,489
Software Engineering,Writing Code,16,1,1,238
Artificial Intelligence,Writing Code,4,1,3,33
Computer Networks,Configuring Routers,22,1,3,138
Artificial Intelligence,Writing Code,12,2,3,145
Software Engineering,Reading Documentation,18,1,3,152
Artificial Intelligence,Writing Code,14,2,1,290
Computer Networks,Lab Simulation,5,2,2,81
Software Engineering,System Design,13,1,1,209
Artificial Intelligence,Data Preprocessing,19,2,1,381
Artificial Intelligence,Math/Algorithm Review,1,2,2,10
Artificial Intelligence,Writing Code,16,1,2,156
Computer Networks,Lab Simulation,12,1,3,82
Artificial Intelligence,Reading Research Papers,16,3,2,370
Software Engineering,Code Review,9,2,1,171
Software Engineering,Debugging,6,3,3,106
Computer Networks,Configuring Routers,16,1,2,196
Software Engineering,Debugging,2,1,3,14
Software Engineering,System Design,17,2,2,235
Artificial Intelligence,Math/Algorithm Review,3,2,2,50
Software Engineering,Writing Code,7,1,1,104
Computer Networks,Network Troubleshooting,13,1,3,73
Software Engineering,Code Review,15,2,1,329
Artificial Intelligence,Reading Research Papers,18,2,2,219
Artificial Intelligence,Reading Research Papers,24,2,2,427
Software Engineering,System Design,9,1,2,78
Artificial Intelligence,Reading Research Papers,21,2,1,595
Software Engineering,System Design,18,1,3,97
Computer Networks,Network Troubleshooting,21,2,2,291
Computer Networks,Security Auditing,24,2,1,346
Artificial Intelligence,Data Preprocessing,3,2,2,47
Software Engineering,Code Review,17,3,3,251
Computer Networks,Security Auditing,18,1,2,187
Computer Networks,Reading Protocols,14,1,2,149
Computer Networks,Security Auditing,17,3,1,574
Computer Networks,Reading Protocols,24,1,1,309
Artificial Intelligence,Math/Algorithm Review,8,3,2,160
Computer Networks,Network Troubleshooting,16,3,3,289
Software Engineering,System Design,17,3,2,431
Software Engineering,Debugging,19,3,1,496
Software Engineering,Writing Code,12,1,1,164
Computer Networks,Reading Protocols,14,1,1,183
Software Engineering,System Design,20,2,2,346
Software Engineering,Debugging,19,2,1,388
Computer Networks,Lab Simulation,13,1,3,80
Artificial Intelligence,Math/Algorithm Review,15,3,3,198
Computer Networks,Security Auditing,2,2,1,38
Software Engineering,Debugging,10,1,1,153
Artificial Intelligence,Data Preprocessing,18,1,1,269
Computer Networks,Security Auditing,12,3,3,217
Software Engineering,Writing Code,17,1,2,120
Computer Networks,Network Troubleshooting,8,3,1,206
Computer Networks,Configuring Routers,3,2,1,67
Software Engineering,System Design,19,1,1,202
Software Engineering,Debugging,6,3,3,100
Computer Networks,Network Troubleshooting,1,2,2,14
Artificial Intelligence,Data Preprocessing,7,1,1,91
Computer Networks,Security Auditing,9,1,1,126
Computer Networks,Network Troubleshooting,13,2,3,114
Software Engineering,System Design,20,2,2,337
Software Engineering,Debugging,7,1,1,94
Software Engineering,Code Review,22,1,3,152
Computer Networks,Network Troubleshooting,12,2,2,204
Computer Networks,Configuring Routers,20,2,2,283
Computer Networks,Configuring Routers,9,2,2,150
Computer Networks,Lab Simulation,15,2,2,261
Computer Networks,Network Troubleshooting,12,1,3,90
Computer Networks,Security Auditing,3,3,3,43
Artificial Intelligence,Writing Code,16,2,2,224
Software Engineering,Reading Documentation,20,2,2,260
Computer Networks,Reading Protocols,3,1,3,18
Software Engineering,Code Review,9,2,2,126
Computer Networks,Configuring Routers,6,2,3,76
Artificial Intelligence,Writing Code,23,2,2,356
Computer Networks,Network Troubleshooting,3,1,3,17
Artificial Intelligence,Writing Code,2,2,2,26
Software Engineering,System Design,8,3,2,152
Artificial Intelligence,Reading Research Papers,13,1,1,167
Computer Networks,Security Auditing,10,1,2,95
Computer Networks,Configuring Routers,9,1,2,72
Software Engineering,Code Review,10,3,2,243
Computer Networks,Reading Protocols,23,1,2,258
Software Engineering,Reading Documentation,6,1,3,47
Software Engineering,Writing Code,12,2,1,254
Software Engineering,Writing Code,20,1,2,190
Artificial Intelligence,Reading Research Papers,16,2,1,279
Artificial Intelligence,Math/Algorithm Review,6,3,2,126
Artificial Intelligence,Model Training,21,3,3,297
Computer Networks,Reading Protocols,24,1,1,316
Artificial Intelligence,Model Training,14,1,1,140
Software Engineering,System Design,16,1,2,137
Computer Networks,Network Troubleshooting,8,1,2,79
Software Engineering,Writing Code,6,1,1,64
Artificial Intelligence,Data Preprocessing,15,2,1,230
Artificial Intelligence,Model Training,19,1,2,215
Artificial Intelligence,Reading Research Papers,20,1,2,228
Software Engineering,Debugging,16,2,3,157
Artificial Intelligence,Model Training,16,2,2,204
Artificial Intelligence,Model Training,8,1,2,75
Artificial Intelligence,Math/Algorithm Review,7,2,1,128
Artificial Intelligence,Reading Research Papers,6,3,1,128
Computer Networks,Configuring Routers,6,2,2,86
Artificial Intelligence,Model Training,4,3,2,88
Software Engineering,Reading Documentation,10,1,3,66
Artificial Intelligence,Writing Code,21,2,2,306
Computer Networks,Lab Simulation,7,2,2,91
Artificial Intelligence,Math/Algorithm Review,9,2,2,130
Software Engineering,Code Review,24,2,2,408
Artificial Intelligence,Math/Algorithm Review,18,1,3,113
Computer Networks,Security Auditing,13,1,1,161
Computer Networks,Security Auditing,6,1,2,59
Artificial Intelligence,Writing Code,9,1,1,132
Software Engineering,Code Review,4,3,3,64
Artificial Intelligence,Math/Algorithm Review,2,2,2,23
Computer Networks,Lab Simulation,16,3,2,242
Artificial Intelligence,Model Training,24,1,2,286
Software Engineering,Writing Code,22,2,3,189
Software Engineering,Writing Code,10,3,2,193
Software Engineering,System Design,9,2,2,103
Software Engineering,Writing Code,8,3,1,202
Software Engineering,Reading Documentation,2,2,2,20
Artificial Intelligence,Data Preprocessing,19,1,2,175
Computer Networks,Reading Protocols,16,2,1,352
Computer Networks,Lab Simulation,23,1,1,317
Artificial Intelligence,Model Training,10,1,2,104
Software Engineering,Reading Documentation,15,2,2,291
Artificial Intelligence,Data Preprocessing,4,1,2,33
Computer Networks,Security Auditing,9,2,2,165
Computer Networks,Configuring Routers,17,2,2,248
Computer Networks,Configuring Routers,1,2,2,13
Computer Networks,Reading Protocols,6,1,1,86
Artificial Intelligence,Model Training,3,2,1,68
Computer Networks,Network Troubleshooting,20,2,2,322
Software Engineering,Writing Code,9,1,2,73
Computer Networks,Security Auditing,17,2,3,170
Computer Networks,Lab Simulation,23,2,1,520
Computer Networks,Reading Protocols,7,1,1,62
Artificial Intelligence,Model Training,1,2,3,9
Software Engineering,Writing Code,9,2,2,124
Software Engineering,Debugging,14,2,1,250
Computer Networks,Security Auditing,14,3,1,366
Computer Networks,Configuring Routers,12,3,2,313
Artificial Intelligence,Reading Research Papers,17,2,1,472
Computer Networks,Security Auditing,19,2,2,257
Artificial Intelligence,Reading Research Papers,20,2,1,402
Software Engineering,Debugging,18,3,1,589
Computer Networks,Lab Simulation,14,1,1,181
Computer Networks,Lab Simulation,15,2,1,249
Software Engineering,Code Review,4,3,3,45
Computer Networks,Security Auditing,14,1,2,154
Artificial Intelligence,Reading Research Papers,18,2,2,276
Computer Networks,Lab Simulation,16,2,1,319
Computer Networks,Configuring Routers,4,1,2,41
Software Engineering,Writing Code,8,1,2,88
Computer Networks,Configuring Routers,18,3,1,451
Computer Networks,Reading Protocols,10,3,2,236
Computer Networks,Network Troubleshooting,24,2,2,336
Artificial Intelligence,Model Training,10,2,2,130
Computer Networks,Network Troubleshooting,24,1,2,288
Computer Networks,Configuring Routers,24,1,1,336
Computer Networks,Configuring Routers,9,3,1,310
Artificial Intelligence,Data Preprocessing,17,1,1,247
Artificial Intelligence,Reading Research Papers,10,1,1,125
Computer Networks,Lab Simulation,21,1,1,257
Artificial Intelligence,Reading Research Papers,18,1,1,256
Artificial Intelligence,Writing Code,19,2,2,241
Computer Networks,Reading Protocols,9,3,2,204
Artificial Intelligence,Data Preprocessing,4,2,1,78
Artificial Intelligence,Writing Code,20,3,2,455
Artificial Intelligence,Writing Code,8,2,3,75
Artificial Intelligence,Reading Research Papers,23,2,1,466
Computer Networks,Lab Simulation,24,2,1,449
Software Engineering,Debugging,8,1,2,71
Artificial Intelligence,Reading Research Papers,7,1,2,76
Artificial Intelligence,Model Training,20,2,1,345
Artificial Intelligence,Model Training,21,1,2,175
Computer Networks,Configuring Routers,1,1,3,7
Artificial Intelligence,Math/Algorithm Review,16,2,2,209
Artificial Intelligence,Writing Code,16,1,2,139
Artificial Intelligence,Model Training,3,2,1,70
Software Engineering,Code Review,21,3,2,552
Software Engineering,System Design,5,2,2,78
Artificial Intelligence,Reading Research Papers,14,2,2,170
Software Engineering,Reading Documentation,10,2,2,151
Software Engineering,Reading Documentation,3,1,1,29
Computer Networks,Reading Protocols,3,1,2,32
Artificial Intelligence,Math/Algorithm Review,4,1,3,31
Artificial Intelligence,Data Preprocessing,4,2,1,81
Artificial Intelligence,Data Preprocessing,15,2,1,326
Computer Networks,Security Auditing,8,3,2,162
Artificial Intelligence,Reading Research Papers,16,2,3,178
Artificial Intelligence,Model Training,9,3,1,199
Software Engineering,Writing Code,22,1,3,138
Artificial Intelligence,Model Training,24,2,1,420
Software Engineering,Debugging,19,1,2,182
Artificial Intelligence,Model Training,18,2,2,277
Software Engineering,Reading Documentation,19,3,2,394
Artificial Intelligence,Reading Research Papers,13,2,1,319
Computer Networks,Security Auditing,19,1,1,192
Artificial Intelligence,Writing Code,13,1,3,104
Software Engineering,Writing Code,17,2,1,261
Computer Networks,Configuring Routers,19,2,2,298
Artificial Intelligence,Reading Research Papers,5,1,2,56
Software Engineering,System Design,11,1,2,95
Artificial Intelligence,Model Training,19,1,1,290
Computer Networks,Security Auditing,18,2,2,258
Software Engineering,Debugging,3,3,3,43
Computer Networks,Reading Protocols,4,3,1,132
Software Engineering,Debugging,21,2,3,189
Software Engineering,Debugging,21,2,1,351
Computer Networks,Reading Protocols,18,2,3,146
Computer Networks,Reading Protocols,20,1,3,128
Artificial Intelligence,Model Training,14,3,2,350
Software Engineering,Reading Documentation,5,2,1,104
Computer Networks,Security Auditing,10,1,1,111
Computer Networks,Reading Protocols,17,2,2,270
Artificial Intelligence,Model Training,4,2,2,56
Software Engineering,Debugging,8,3,1,184
Artificial Intelligence,Writing Code,19,2,3,204
Software Engineering,Writing Code,7,2,3,59
Artificial Intelligence,Math/Algorithm Review,19,3,2,463
Computer Networks,Reading Protocols,15,1,3,97
Artificial Intelligence,Model Training,15,2,3,144
Artificial Intelligence,Reading Research Papers,10,1,3,68
Software Engineering,Code Review,3,2,2,40
Software Engineering,Writing Code,1,3,1,37
Artificial Intelligence,Writing Code,14,2,1,257
Computer Networks,Reading Protocols,10,2,3,87
Software Engineering,Writing Code,12,2,2,209
Software Engineering,Debugging,13,1,2,145
Computer Networks,Lab Simulation,2,2,2,21
Software Engineering,Code Review,6,2,1,99
Software Engineering,System Design,23,2,2,363
Software Engineering,Code Review,12,2,1,252
Computer Networks,Configuring Routers,7,1,3,33
Computer Networks,Lab Simulation,15,2,2,191
Computer Networks,Network Troubleshooting,19,2,2,335
Software Engineering,Writing Code,12,1,1,113
Artificial Intelligence,Writing Code,19,3,1,547
Artificial Intelligence,Data Preprocessing,6,2,2,83
Artificial Intelligence,Data Preprocessing,16,2,1,325
Computer Networks,Lab Simulation,12,2,3,121
Software Engineering,System Design,24,2,1,540
Computer Networks,Lab Simulation,19,1,2,173
Artificial Intelligence,Data Preprocessing,22,3,2,556
Artificial Intelligence,Reading Research Papers,21,2,3,233
Software Engineering,Writing Code,2,1,1,24
Computer Networks,Configuring Routers,21,1,2,155
Computer Networks,Lab Simulation,11,2,1,208
Software Engineering,Code Review,16,2,3,161
Artificial Intelligence,Data Preprocessing,21,1,2,192
Artificial Intelligence,Data Preprocessing,24,1,1,421
Software Engineering,Reading Documentation,22,1,1,355
Artificial Intelligence,Math/Algorithm Review,9,2,2,99
Computer Networks,Network Troubleshooting,22,2,2,267
Artificial Intelligence,Reading Research Papers,16,1,2,160
Software Engineering,Reading Documentation,5,2,3,40
Software Engineering,System Design,1,2,3,10
Software Engineering,System Design,16,3,1,488
Artificial Intelligence,Model Training,23,1,3,144
Software Engineering,Debugging,8,3,1,185
Software Engineering,Debugging,23,3,2,624
Computer Networks,Lab Simulation,23,2,2,299
Software Engineering,Writing Code,7,3,2,150
Computer Networks,Network Troubleshooting,3,1,2,26
Software Engineering,Code Review,19,2,1,390
Computer Networks,Configuring Routers,11,2,3,110
Computer Networks,Lab Simulation,1,2,3,9
Software Engineering,Reading Documentation,12,2,1,238
Computer Networks,Security Auditing,13,1,3,78
Artificial Intelligence,Reading Research Papers,7,1,1,87
Software Engineering,System Design,23,1,1,329
Artificial Intelligence,Writing Code,8,1,1,94
Artificial Intelligence,Model Training,15,2,1,299
Software Engineering,Reading Documentation,18,1,1,275
Software Engineering,Writing Code,17,2,2,214
Artificial Intelligence,Model Training,19,1,1,242
Artificial Intelligence,Data Preprocessing,8,3,2,189
Software Engineering,Debugging,8,3,2,193
Computer Networks,Lab Simulation,17,2,3,145
Software Engineering,Reading Documentation,1,1,3,7
Software Engineering,Writing Code,17,2,2,255
Computer Networks,Reading Protocols,16,2,1,267
Artificial Intelligence,Reading Research Papers,11,2,3,115
Software Engineering,Debugging,17,3,2,354
Computer Networks,Security Auditing,23,1,3,166
Computer Networks,Network Troubleshooting,18,1,1,296
Computer Networks,Reading Protocols,15,1,2,130
Artificial Intelligence,Model Training,10,2,1,189
Software Engineering,Reading Documentation,12,1,1,198
Artificial Intelligence,Math/Algorithm Review,21,2,1,395
Software Engineering,Code Review,2,1,1,31
Artificial Intelligence,Reading Research Papers,23,2,2,410
Software Engineering,System Design,8,1,2,74
Computer Networks,Lab Simulation,5,2,3,57
Software Engineering,Code Review,10,1,2,71
Computer Networks,Configuring Routers,11,2,1,197
Computer Networks,Lab Simulation,10,1,2,88
Software Engineering,System Design,4,2,1,83
Artificial Intelligence,Reading Research Papers,20,3,1,614
Computer Networks,Network Troubleshooting,16,3,2,364
Computer Networks,Reading Protocols,5,1,2,57
Software Engineering,Writing Code,24,1,3,159
Software Engineering,Debugging,23,1,1,228
Artificial Intelligence,Writing Code,1,1,1,12
Software Engineering,Writing Code,17,2,1,393
Computer Networks,Network Troubleshooting,20,1,3,142
Computer Networks,Security Auditing,13,1,2,106
Computer Networks,Lab Simulation,11,2,3,114
Artificial Intelligence,Reading Research Papers,10,2,3,115
Software Engineering,Debugging,21,2,2,353
Artificial Intelligence,Writing Code,19,2,1,402
Computer Networks,Network Troubleshooting,14,3,2,336
Computer Networks,Reading Protocols,23,2,3,281
Computer Networks,Security Auditing,23,3,2,444
Computer Networks,Lab Simulation,16,1,1,264
Computer Networks,Configuring Routers,17,3,1,546
Software Engineering,Debugging,19,3,3,398
Computer Networks,Network Troubleshooting,4,1,1,55
Software Engineering,Code Review,18,2,1,456
Software Engineering,System Design,20,2,2,311
Computer Networks,Lab Simulation,18,2,2,215
Software Engineering,Reading Documentation,22,1,1,240
Artificial Intelligence,Math/Algorithm Review,1,2,1,17
Computer Networks,Configuring Routers,24,2,1,551
Artificial Intelligence,Math/Algorithm Review,18,2,1,443
Artificial Intelligence,Writing Code,3,2,1,23
Artificial Intelligence,Writing Code,4,2,2,56
Computer Networks,Configuring Routers,5,3,2,111
Artificial Intelligence,Model Training,17,2,1,323
Computer Networks,Lab Simulation,4,2,1,78
Artificial Intelligence,Math/Algorithm Review,21,3,3,339
Computer Networks,Network Troubleshooting,23,2,1,498
Computer Networks,Network Troubleshooting,7,2,2,96
Artificial Intelligence,Model Training,16,2,3,118
Software Engineering,System Design,12,2,2,173
Computer Networks,Reading Protocols,14,1,1,225
Computer Networks,Network Troubleshooting,4,2,1,72
Software Engineering,Debugging,4,2,1,63
Software Engineering,Debugging,21,3,1,727
Artificial Intelligence,Data Preprocessing,14,2,1,286
Computer Networks,Security Auditing,20,3,1,473
Artificial Intelligence,Math/Algorithm Review,17,2,1,250
Software Engineering,Debugging,2,1,2,17
Software Engineering,Writing Code,7,2,2,99
Software Engineering,System Design,12,3,3,179
Computer Networks,Lab Simulation,12,2,3,119
Artificial Intelligence,Model Training,13,3,3,235
Computer Networks,Configuring Routers,14,2,1,211
Software Engineering,Writing Code,23,1,2,200
Artificial Intelligence,Writing Code,3,1,1,43
Software Engineering,System Design,21,3,2,412
Computer Networks,Security Auditing,21,2,3,199
Computer Networks,Security Auditing,13,2,2,159
Computer Networks,Security Auditing,19,2,1,442
Software Engineering,Writing Code,21,1,1,262
Software Engineering,Code Review,21,1,1,269
Software Engineering,Debugging,22,3,3,429
Artificial Intelligence,Math/Algorithm Review,13,3,2,284
Software Engineering,Reading Documentation,17,2,3,171
Computer Networks,Network Troubleshooting,14,1,1,205
Computer Networks,Network Troubleshooting,5,1,1,54
Software Engineering,Writing Code,17,2,2,225
Software Engineering,System Design,24,2,2,284
Software Engineering,System Design,17,1,3,126
Computer Networks,Reading Protocols,3,2,2,44
Software Engineering,Code Review,17,1,1,211
Computer Networks,Lab Simulation,4,2,2,61
Computer Networks,Security Auditing,6,3,3,79
Computer Networks,Security Auditing,16,2,3,145
Computer Networks,Security Auditing,16,2,3,133
Artificial Intelligence,Math/Algorithm Review,4,3,1,115
Computer Networks,Network Troubleshooting,18,2,3,188
Artificial Intelligence,Model Training,7,2,2,101
Artificial Intelligence,Data Preprocessing,16,2,2,224
Computer Networks,Reading Protocols,6,2,3,66
Software Engineering,Debugging,20,2,1,383
Artificial Intelligence,Reading Research Papers,11,2,2,149
Computer Networks,Lab Simulation,2,2,2,30
Computer Networks,Configuring Routers,5,2,1,91
Software Engineering,Writing Code,2,3,2,40
Software Engineering,Code Review,7,1,3,61
Computer Networks,Lab Simulation,24,1,1,283
Computer Networks,Configuring Routers,17,1,2,230
Computer Networks,Network Troubleshooting,11,1,3,64
Software Engineering,System Design,12,2,3,115
Artificial Intelligence,Reading Research Papers,21,2,3,204
Artificial Intelligence,Model Training,18,3,3,285
Computer Networks,Lab Simulation,4,1,2,40
Computer Networks,Configuring Routers,14,1,2,150
Software Engineering,System Design,16,2,2,193
Software Engineering,Debugging,14,3,1,385
Artificial Intelligence,Reading Research Papers,20,3,1,534
Software Engineering,Code Review,8,2,3,91
Artificial Intelligence,Writing Code,10,3,2,232
Artificial Intelligence,Reading Research Papers,5,3,1,156
Computer Networks,Security Auditing,16,2,2,182
Software Engineering,Writing Code,18,2,1,304
Artificial Intelligence,Data Preprocessing,5,2,3,53
Software Engineering,Code Review,8,2,2,110
Computer Networks,Lab Simulation,11,1,3,73
Software Engineering,Debugging,22,2,2,310
Computer Networks,Network Troubleshooting,3,1,1,39
Artificial Intelligence,Model Training,20,2,3,198
Computer Networks,Network Troubleshooting,18,3,1,565
Software Engineering,Reading Documentation,13,1,1,212
Computer Networks,Lab Simulation,12,2,1,174
Artificial Intelligence,Math/Algorithm Review,22,2,2,373
Computer Networks,Lab Simulation,6,2,1,107
Computer Networks,Network Troubleshooting,7,2,1,137
Computer Networks,Reading Protocols,4,3,2,101
Artificial Intelligence,Writing Code,15,2,2,225
Artificial Intelligence,Math/Algorithm Review,1,1,1,14
Artificial Intelligence,Model Training,22,2,2,344
Artificial Intelligence,Math/Algorithm Review,12,2,2,177
Computer Networks,Configuring Routers,6,2,2,99
Artificial Intelligence,Model Training,8,1,2,73
Artificial Intelligence,Data Preprocessing,7,2,1,153
Computer Networks,Configuring Routers,21,2,1,388
Software Engineering,Writing Code,6,1,1,84
Computer Networks,Lab Simulation,11,3,2,275
Computer Networks,Lab Simulation,18,1,3,109
Artificial Intelligence,Reading Research Papers,1,2,3,11
Artificial Intelligence,Reading Research Papers,7,2,3,63
Computer Networks,Network Troubleshooting,14,3,3,173
Computer Networks,Lab Simulation,1,3,1,29
Software Engineering,Reading Documentation,21,1,2,211
Artificial Intelligence,Reading Research Papers,10,1,3,62
Artificial Intelligence,Writing Code,1,2,1,21
Artificial Intelligence,Model Training,12,2,1,320
Artificial Intelligence,Data Preprocessing,8,1,1,101
Software Engineering,System Design,7,1,2,50
Computer Networks,Network Troubleshooting,7,2,3,78
Artificial Intelligence,Model Training,1,3,1,32
Artificial Intelligence,Writing Code,20,2,1,478
Artificial Intelligence,Data Preprocessing,13,2,1,316
Computer Networks,Security Auditing,21,3,2,457
Artificial Intelligence,Writing Code,17,3,3,299
Software Engineering,System Design,7,1,1,100
Artificial Intelligence,Data Preprocessing,13,2,2,174
Software Engineering,Debugging,11,2,2,168
Software Engineering,System Design,21,1,1,289
Computer Networks,Security Auditing,17,2,2,277
Computer Networks,Reading Protocols,19,3,2,443
Artificial Intelligence,Data Preprocessing,6,1,2,74
Computer Networks,Configuring Routers,16,2,1,240
Software Engineering,Writing Code,19,1,1,269
Software Engineering,Reading Documentation,4,2,3,47
Computer Networks,Lab Simulation,13,1,2,137
Artificial Intelligence,Reading Research Papers,23,1,3,124
Computer Networks,Security Auditing,20,2,1,444
Artificial Intelligence,Model Training,15,2,1,310
Computer Networks,Configuring Routers,7,2,2,106
Computer Networks,Reading Protocols,2,3,1,45
Artificial Intelligence,Data Preprocessing,22,2,3,199
Artificial Intelligence,Model Training,21,3,1,367
Software Engineering,Reading Documentation,16,2,1,314
Artificial Intelligence,Reading Research Papers,2,3,1,76
Artificial Intelligence,Model Training,7,2,1,123
Software Engineering,System Design,3,2,2,42
Computer Networks,Network Troubleshooting,21,1,1,270
Computer Networks,Network Troubleshooting,22,3,1,811
Computer Networks,Lab Simulation,24,2,1,484
Software Engineering,Reading Documentation,18,3,1,589
Software Engineering,Reading Documentation,22,2,3,185
Computer Networks,Security Auditing,2,3,2,42
Artificial Intelligence,Math/Algorithm Review,9,1,1,99
Software Engineering,Code Review,15,1,3,123
Computer Networks,Lab Simulation,5,2,1,94
Software Engineering,Writing Code,20,2,2,275
Artificial Intelligence,Data Preprocessing,15,2,2,236
Software Engineering,Code Review,1,3,3,16
Computer Networks,Reading Protocols,17,2,3,221
Computer Networks,Lab Simulation,12,2,1,185
Software Engineering,Writing Code,3,2,1,62
Artificial Intelligence,Reading Research Papers,15,1,1,193
Computer Networks,Security Auditing,18,1,1,254
Artificial Intelligence,Data Preprocessing,17,2,2,258
Software Engineering,Reading Documentation,6,3,2,132
Software Engineering,Debugging,11,2,1,217
Software Engineering,Code Review,16,2,1,289
Artificial Intelligence,Writing Code,2,1,2,20
Software Engineering,Debugging,1,3,1,25
Artificial Intelligence,Reading Research Papers,2,2,2,34
Computer Networks,Security Auditing,4,1,2,40
Artificial Intelligence,Math/Algorithm Review,15,3,2,382
Computer Networks,Network Troubleshooting,22,2,1,484
Computer Networks,Configuring Routers,18,2,2,206
Artificial Intelligence,Model Training,7,3,1,149
Computer Networks,Network Troubleshooting,3,3,2,66
Artificial Intelligence,Model Training,2,1,1,18
Artificial Intelligence,Data Preprocessing,20,2,3,256
Artificial Intelligence,Reading Research Papers,16,2,2,233
Computer Networks,Reading Protocols,6,1,3,40
Computer Networks,Reading Protocols,14,2,1,230
Software Engineering,Code Review,1,1,3,5
Computer Networks,Lab Simulation,18,3,3,342
Software Engineering,Writing Code,4,3,1,84
Software Engineering,System Design,21,2,3,254
Software Engineering,Reading Documentation,5,2,2,64
Software Engineering,System Design,5,2,2,53
Computer Networks,Security Auditing,9,2,1,211
Software Engineering,Reading Documentation,19,2,1,488
Software Engineering,Writing Code,3,2,2,41
Software Engineering,Writing Code,17,2,1,370
Computer Networks,Lab Simulation,9,2,1,157
Computer Networks,Lab Simulation,16,3,2,353
Artificial Intelligence,Math/Algorithm Review,19,1,1,279
Artificial Intelligence,Writing Code,18,1,1,254
Artificial Intelligence,Reading Research Papers,1,1,2,6
Artificial Intelligence,Data Preprocessing,8,2,2,104
Artificial Intelligence,Reading Research Papers,11,1,1,167
Software Engineering,System Design,8,1,1,124
Computer Networks,Configuring Routers,12,2,2,157
Artificial Intelligence,Data Preprocessing,22,3,2,591
Artificial Intelligence,Math/Algorithm Review,8,2,2,106
Software Engineering,Debugging,24,2,2,331
Artificial Intelligence,Model Training,2,1,1,24
Software Engineering,Debugging,12,1,1,167
Software Engineering,Code Review,18,1,2,173
Artificial Intelligence,Math/Algorithm Review,3,2,2,41
Computer Networks,Lab Simulation,22,2,3,195
Software Engineering,System Design,2,1,2,22
Software Engineering,Code Review,2,2,1,45
Artificial Intelligence,Writing Code,3,2,1,68
Software Engineering,Writing Code,4,3,2,76
Computer Networks,Security Auditing,10,2,3,111
Artificial Intelligence,Reading Research Papers,9,1,1,93
Computer Networks,Configuring Routers,16,1,2,135
Artificial Intelligence,Model Training,3,3,1,87
Artificial Intelligence,Model Training,15,2,1,366
Software Engineering,Reading Documentation,19,1,2,151
Software Engineering,Writing Code,3,2,1,64
Software Engineering,Code Review,10,2,1,234
Artificial Intelligence,Data Preprocessing,19,3,2,319
Computer Networks,Lab Simulation,3,1,1,40
Software Engineering,Debugging,17,3,1,479
Artificial Intelligence,Reading Research Papers,1,1,3,7
Software Engineering,System Design,4,3,1,129
Artificial Intelligence,Writing Code,8,2,1,138
Software Engineering,System Design,20,2,2,333
Software Engineering,Writing Code,2,3,2,50
Artificial Intelligence,Math/Algorithm Review,18,1,2,183
Artificial Intelligence,Writing Code,24,2,3,227
Software Engineering,Writing Code,15,2,2,197
Computer Networks,Reading Protocols,18,2,1,389
Software Engineering,Writing Code,13,3,3,180
Computer Networks,Reading Protocols,7,2,1,120
Artificial Intelligence,Writing Code,24,1,2,141
Software Engineering,Reading Documentation,22,2,2,277
Software Engineering,System Design,5,3,1,156
Artificial Intelligence,Reading Research Papers,17,1,2,131
Artificial Intelligence,Reading Research Papers,12,3,1,390
Artificial Intelligence,Model Training,20,2,1,339
Artificial Intelligence,Writing Code,12,2,1,224
Artificial Intelligence,Model Training,19,2,2,290
Computer Networks,Reading Protocols,16,2,3,154
Computer Networks,Lab Simulation,18,2,2,282
Software Engineering,Reading Documentation,11,2,1,256
Computer Networks,Reading Protocols,17,1,1,229
Computer Networks,Reading Protocols,8,3,1,262
Software Engineering,Reading Documentation,21,2,2,331
Software Engineering,Writing Code,12,2,2,182
Software Engineering,Debugging,18,1,2,180
Software Engineering,Debugging,17,1,1,241
Computer Networks,Network Troubleshooting,24,1,1,224
Artificial Intelligence,Reading Research Papers,18,2,3,219
Computer Networks,Security Auditing,10,2,1,193
Software Engineering,Debugging,8,3,2,185
Software Engineering,Debugging,16,1,3,68
Computer Networks,Reading Protocols,6,3,2,129
Software Engineering,System Design,14,3,1,331
Computer Networks,Reading Protocols,20,3,2,538
Computer Networks,Security Auditing,18,1,1,291
Artificial Intelligence,Writing Code,6,1,2,44
Software Engineering,Writing Code,6,1,1,87
Software Engineering,System Design,8,1,2,87
Artificial Intelligence,Writing Code,12,1,2,109
Software Engineering,System Design,8,1,1,119
Artificial Intelligence,Model Training,23,2,2,400
Artificial Intelligence,Data Preprocessing,21,1,1,317
Artificial Intelligence,Model Training,19,2,1,369
Artificial Intelligence,Reading Research Papers,2,1,2,20
Computer Networks,Network Troubleshooting,14,2,1,271
Artificial Intelligence,Math/Algorithm Review,24,1,3,140
Artificial Intelligence,Data Preprocessing,7,2,2,93
Artificial Intelligence,Model Training,22,3,3,358
Artificial Intelligence,Data Preprocessing,15,1,3,93
Software Engineering,Writing Code,14,3,2,298
Computer Networks,Security Auditing,5,2,3,51
Artificial Intelligence,Math/Algorithm Review,22,2,1,464
Artificial Intelligence,Model Training,23,1,1,260
Software Engineering,Writing Code,7,2,2,72
Artificial Intelligence,Data Preprocessing,4,2,2,73
Computer Networks,Configuring Routers,18,1,2,147
Software Engineering,Debugging,8,3,2,175
Computer Networks,Security Auditing,7,1,2,61
Artificial Intelligence,Model Training,13,1,3,103
Computer Networks,Reading Protocols,8,2,2,86
Software Engineering,Writing Code,24,3,1,825
Computer Networks,Security Auditing,19,3,3,240
Artificial Intelligence,Writing Code,14,2,3,123
Artificial Intelligence,Reading Research Papers,13,3,3,244
Software Engineering,Debugging,9,1,3,59
Artificial Intelligence,Model Training,20,1,2,178
Software Engineering,Debugging,1,2,3,10
Computer Networks,Configuring Routers,16,2,2,177
Artificial Intelligence,Reading Research Papers,10,3,1,286
Artificial Intelligence,Data Preprocessing,15,1,1,205
Artificial Intelligence,Model Training,24,2,1,410
Artificial Intelligence,Model Training,2,1,2,20
Artificial Intelligence,Writing Code,19,3,1,507
Computer Networks,Security Auditing,2,3,2,41
Computer Networks,Configuring Routers,24,1,1,314
Computer Networks,Security Auditing,16,1,2,150
Computer Networks,Network Troubleshooting,17,2,1,279
Artificial Intelligence,Writing Code,18,2,2,243
Computer Networks,Lab Simulation,24,2,1,596
Computer Networks,Lab Simulation,5,2,1,79
Artificial Intelligence,Data Preprocessing,17,3,3,237
Software Engineering,Reading Documentation,6,3,2,125
Computer Networks,Configuring Routers,6,1,2,67
Computer Networks,Network Troubleshooting,17,2,1,352
Computer Networks,Lab Simulation,17,1,1,174
Computer Networks,Security Auditing,22,3,1,665
Software Engineering,Code Review,9,1,3,60
Software Engineering,Reading Documentation,6,3,1,167
Software Engineering,Debugging,10,3,1,234
Computer Networks,Network Troubleshooting,12,2,3,107
Software Engineering,Debugging,10,3,1,324
Software Engineering,Writing Code,4,3,3,62
Software Engineering,System Design,19,1,1,191
Computer Networks,Lab Simulation,16,1,1,181
Computer Networks,Security Auditing,8,2,1,138
Computer Networks,Security Auditing,23,2,1,416
Software Engineering,Reading Documentation,19,2,2,295
Computer Networks,Reading Protocols,10,3,3,153
Artificial Intelligence,Data Preprocessing,15,2,2,229
Software Engineering,System Design,6,2,1,85
Artificial Intelligence,Reading Research Papers,5,2,3,62
Artificial Intelligence,Model Training,19,1,2,193
Artificial Intelligence,Model Training,9,1,3,52
Software Engineering,Debugging,24,2,3,289
Computer Networks,Security Auditing,4,1,2,44
Software Engineering,Code Review,1,2,1,22
Artificial Intelligence,Data Preprocessing,23,2,2,274
Computer Networks,Configuring Routers,4,2,2,65
Computer Networks,Configuring Routers,3,2,3,27
Artificial Intelligence,Data Preprocessing,1,2,2,12
Software Engineering,Writing Code,10,2,1,184
Software Engineering,Code Review,8,2,2,112
Software Engineering,Code Review,18,2,2,216
Artificial Intelligence,Math/Algorithm Review,18,1,1,268
Artificial Intelligence,Model Training,20,2,2,299
Software Engineering,System Design,4,2,2,55
Software Engineering,Debugging,15,3,1,479
Artificial Intelligence,Model Training,6,2,1,83
Software Engineering,Code Review,16,2,2,203
Computer Networks,Configuring Routers,12,1,1,194
Artificial Intelligence,Data Preprocessing,18,2,2,197
Computer Networks,Configuring Routers,12,2,2,156
Computer Networks,Security Auditing,19,3,1,505
Computer Networks,Lab Simulation,9,2,3,89
Software Engineering,Debugging,4,2,1,74
Artificial Intelligence,Data Preprocessing,10,1,3,71
Software Engineering,System Design,21,2,3,247
Artificial Intelligence,Data Preprocessing,13,2,2,168
Computer Networks,Configuring Routers,6,1,2,67
Computer Networks,Network Troubleshooting,21,2,1,452
Computer Networks,Reading Protocols,13,2,3,156
Computer Networks,Configuring Routers,18,2,3,162
Software Engineering,Debugging,14,2,3,108
Software Engineering,System Design,21,1,2,156
Artificial Intelligence,Model Training,3,2,1,51
Artificial Intelligence,Math/Algorithm Review,22,2,3,228
Artificial Intelligence,Writing Code,18,1,2,150
Artificial Intelligence,Model Training,8,2,2,140
Artificial Intelligence,Data Preprocessing,8,1,2,99
Artificial Intelligence,Math/Algorithm Review,22,2,1,485
Computer Networks,Reading Protocols,13,1,1,146
Computer Networks,Configuring Routers,4,2,1,80
Artificial Intelligence,Model Training,13,2,3,120
Computer Networks,Security Auditing,13,2,1,293
Computer Networks,Network Troubleshooting,21,2,1,500
Artificial Intelligence,Model Training,6,3,1,167
Software Engineering,Writing Code,11,2,1,195
Artificial Intelligence,Data Preprocessing,15,3,1,432
Software Engineering,Code Review,13,2,1,319
Artificial Intelligence,Writing Code,12,2,2,126
Artificial Intelligence,Reading Research Papers,6,3,1,249
Computer Networks,Security Auditing,8,2,3,102
Software Engineering,Debugging,20,2,1,356
Artificial Intelligence,Reading Research Papers,23,1,1,273
Artificial Intelligence,Math/Algorithm Review,3,1,1,39
Software Engineering,Reading Documentation,1,1,1,10
Computer Networks,Network Troubleshooting,3,2,2,41
Software Engineering,Code Review,12,3,3,201
Software Engineering,Code Review,20,1,2,215
Artificial Intelligence,Model Training,7,2,2,93
Computer Networks,Configuring Routers,3,1,3,20
Software Engineering,Debugging,11,2,2,180
Software Engineering,System Design,15,2,2,177
Artificial Intelligence,Model Training,12,2,2,161
Artificial Intelligence,Reading Research Papers,16,1,1,281
Software Engineering,Code Review,16,2,3,194
Computer Networks,Configuring Routers,22,2,2,367
Artificial Intelligence,Model Training,23,1,2,218
Software Engineering,Writing Code,3,3,2,55
Software Engineering,Writing Code,19,2,3,200
Artificial Intelligence,Math/Algorithm Review,7,2,2,105
Software Engineering,Debugging,15,2,1,245
Artificial Intelligence,Model Training,2,1,3,11
Computer Networks,Security Auditing,11,2,2,140
Computer Networks,Network Troubleshooting,15,1,3,94
Artificial Intelligence,Reading Research Papers,13,2,1,314
Computer Networks,Reading Protocols,20,2,1,502
Software Engineering,Code Review,4,2,2,55
Software Engineering,Writing Code,24,3,2,458
Artificial Intelligence,Writing Code,22,3,3,299
Artificial Intelligence,Model Training,11,1,1,176
Computer Networks,Network Troubleshooting,6,3,2,154
Computer Networks,Network Troubleshooting,2,1,1,24
Computer Networks,Network Troubleshooting,1,1,2,8
Computer Networks,Lab Simulation,1,2,1,17
Artificial Intelligence,Writing Code,12,1,2,114
Artificial Intelligence,Model Training,3,3,3,44
Computer Networks,Configuring Routers,2,3,1,66
Artificial Intelligence,Model Training,18,2,2,279
Computer Networks,Configuring Routers,21,2,1,460
Software Engineering,Code Review,2,1,2,17
Artificial Intelligence,Model Training,2,2,3,17
Artificial Intelligence,Reading Research Papers,9,1,1,104
Artificial Intelligence,Reading Research Papers,8,3,2,146
Computer Networks,Configuring Routers,16,2,3,157
Artificial Intelligence,Reading Research Papers,9,2,3,88
Software Engineering,Debugging,14,1,3,133
Artificial Intelligence,Data Preprocessing,1,2,3,11
Software Engineering,Reading Documentation,24,2,1,352
Computer Networks,Reading Protocols,7,1,2,68
Software Engineering,Reading Documentation,15,1,2,158
Software Engineering,Reading Documentation,2,2,2,27
Computer Networks,Lab Simulation,24,3,1,726
Artificial Intelligence,Model Training,12,1,1,110
Computer Networks,Lab Simulation,1,2,2,12
Computer Networks,Network Troubleshooting,11,2,3,100
Computer Networks,Security Auditing,6,2,1,126
Software Engineering,Writing Code,10,1,2,93
Software Engineering,Writing Code,16,3,2,338
Artificial Intelligence,Model Training,15,1,1,187
Artificial Intelligence,Writing Code,24,3,2,572
Computer Networks,Network Troubleshooting,19,2,2,265
Software Engineering,Code Review,17,2,2,267
Software Engineering,System Design,16,1,1,241
Artificial Intelligence,Data Preprocessing,15,1,2,106
Software Engineering,Debugging,6,2,3,70
Computer Networks,Configuring Routers,4,2,3,37
Computer Networks,Configuring Routers,13,2,2,166
Software Engineering,Debugging,7,1,3,43
Software Engineering,System Design,8,2,1,167
Software Engineering,Writing Code,21,2,2,357
Artificial Intelligence,Reading Research Papers,12,2,1,220
Computer Networks,Reading Protocols,6,2,2,89
Artificial Intelligence,Reading Research Papers,18,2,1,285
Artificial Intelligence,Data Preprocessing,11,2,1,193
Computer Networks,Network Troubleshooting,23,2,1,448
Computer Networks,Configuring Routers,13,1,2,115
Computer Networks,Reading Protocols,4,3,2,71
Artificial Intelligence,Reading Research Papers,22,2,1,357
Software Engineering,System Design,12,3,3,193
Computer Networks,Network Troubleshooting,1,2,1,20
Computer Networks,Network Troubleshooting,2,3,1,52
Software Engineering,Reading Documentation,19,2,2,221
Artificial Intelligence,Math/Algorithm Review,1,2,2,14
Computer Networks,Network Troubleshooting,16,2,2,227
Artificial Intelligence,Writing Code,1,1,1,13
Software Engineering,Reading Documentation,9,1,1,99
Software Engineering,Writing Code,1,1,1,16
Artificial Intelligence,Writing Code,17,1,3,147
Software Engineering,Reading Documentation,18,3,1,381
Software Engineering,System Design,12,3,2,211
Computer Networks,Network Troubleshooting,20,2,2,238
Computer Networks,Reading Protocols,10,1,2,82
Artificial Intelligence,Data Preprocessing,5,3,1,155
Artificial Intelligence,Reading Research Papers,14,2,2,211
Artificial Intelligence,Reading Research Papers,12,2,2,188
Artificial Intelligence,Writing Code,18,1,3,98
Artificial Intelligence,Data Preprocessing,22,2,1,470
Software Engineering,Reading Documentation,6,1,2,70
Computer Networks,Security Auditing,23,3,1,561
Software Engineering,Writing Code,15,2,1,299
Artificial Intelligence,Data Preprocessing,8,2,1,151
Artificial Intelligence,Reading Research Papers,3,2,2,30
Computer Networks,Reading Protocols,11,1,1,200
Software Engineering,Reading Documentation,19,2,1,421
Computer Networks,Reading Protocols,2,3,1,65
Computer Networks,Security Auditing,24,2,2,330
Software Engineering,Reading Documentation,10,2,1,223
Computer Networks,Security Auditing,4,3,2,87
Software Engineering,Writing Code,23,1,1,256
Artificial Intelligence,Data Preprocessing,10,2,2,154
Software Engineering,Code Review,17,1,1,227
Artificial Intelligence,Model Training,4,3,1,135
Software Engineering,Writing Code,12,2,3,137
Artificial Intelligence,Reading Research Papers,18,2,3,198
Artificial Intelligence,Math/Algorithm Review,6,1,1,76
Software Engineering,Reading Documentation,24,2,3,273
Computer Networks,Configuring Routers,19,2,1,224
Software Engineering,Reading Documentation,21,2,1,428
Software Engineering,Code Review,15,3,3,166
Software Engineering,Reading Documentation,8,1,1,100
Software Engineering,Code Review,3,3,2,79
Computer Networks,Security Auditing,20,2,1,510
Computer Networks,Reading Protocols,11,3,1,349
Software Engineering,Debugging,22,2,3,257
Artificial Intelligence,Math/Algorithm Review,15,2,2,251
Software Engineering,Writing Code,4,3,1,124
Artificial Intelligence,Math/Algorithm Review,15,3,2,271
Computer Networks,Reading Protocols,23,1,1,342
Software Engineering,Reading Documentation,17,2,1,372
Computer Networks,Configuring Routers,22,2,2,363
Computer Networks,Network Troubleshooting,23,1,1,308
Software Engineering,Writing Code,16,2,2,235
Artificial Intelligence,Writing Code,20,1,2,201
Computer Networks,Reading Protocols,17,2,1,301
Computer Networks,Network Troubleshooting,21,2,2,281
Software Engineering,Reading Documentation,6,2,2,86
Computer Networks,Security Auditing,23,1,3,141
Software Engineering,Code Review,24,2,2,405
Computer Networks,Network Troubleshooting,7,2,1,135
Computer Networks,Configuring Routers,3,3,1,103
Artificial Intelligence,Data Preprocessing,19,3,2,435
Software Engineering,System Design,11,2,2,169
Software Engineering,Writing Code,6,3,2,147
Computer Networks,Lab Simulation,15,2,2,248
Computer Networks,Security Auditing,16,1,2,132
Software Engineering,System Design,3,1,2,22
Artificial Intelligence,Data Preprocessing,2,2,2,33
Software Engineering,Reading Documentation,18,1,1,210
Computer Networks,Security Auditing,9,2,1,227
Software Engineering,Reading Documentation,16,2,2,232
Software Engineering,Debugging,14,2,1,308
Software Engineering,Reading Documentation,6,2,1,116
Computer Networks,Reading Protocols,18,2,3,199
Computer Networks,Lab Simulation,4,1,3,22
Artificial Intelligence,Math/Algorithm Review,14,1,2,100
Software Engineering,Reading Documentation,23,3,2,625
Artificial Intelligence,Model Training,22,2,1,343
Artificial Intelligence,Writing Code,18,3,1,593
Computer Networks,Configuring Routers,19,3,1,550
Artificial Intelligence,Reading Research Papers,3,2,3,28
Computer Networks,Reading Protocols,5,2,1,101
Software Engineering,Writing Code,14,1,1,152
Artificial Intelligence,Math/Algorithm Review,9,2,2,116
Computer Networks,Security Auditing,16,2,2,227
Software Engineering,Writing Code,7,2,3,68
Computer Networks,Configuring Routers,17,2,1,314
Artificial Intelligence,Reading Research Papers,1,1,3,5
Software Engineering,System Design,11,2,2,171
Computer Networks,Lab Simulation,22,2,2,188
Software Engineering,Writing Code,16,2,2,269
Software Engineering,System Design,5,2,3,63
Computer Networks,Network Troubleshooting,16,2,2,206
Computer Networks,Security Auditing,1,3,2,23
Artificial Intelligence,Model Training,18,2,2,249
Software Engineering,Debugging,15,2,1,260
Artificial Intelligence,Model Training,12,2,1,172
Software Engineering,Code Review,22,1,1,240
Software Engineering,System Design,18,1,1,252
Software Engineering,Code Review,17,1,2,143
Software Engineering,System Design,6,1,2,50
Artificial Intelligence,Math/Algorithm Review,21,2,1,603
Computer Networks,Configuring Routers,20,3,1,548
Computer Networks,Network Troubleshooting,14,2,3,105
Software Engineering,Reading Documentation,12,1,3,90
Software Engineering,System Design,12,2,1,180
Artificial Intelligence,Data Preprocessing,8,2,1,175
Software Engineering,System Design,22,2,1,373
Computer Networks,Network Troubleshooting,14,2,2,248
Artificial Intelligence,Math/Algorithm Review,16,3,3,248
Software Engineering,System Design,7,2,3,54
Computer Networks,Configuring Routers,22,2,3,229
Software Engineering,System Design,14,2,2,214
Software Engineering,Debugging,10,1,1,144
Artificial Intelligence,Math/Algorithm Review,2,2,3,20
Artificial Intelligence,Model Training,16,1,2,147
Software Engineering,Debugging,11,1,2,108
Computer Networks,Reading Protocols,22,2,3,212
Artificial Intelligence,Math/Algorithm Review,14,1,3,78
Artificial Intelligence,Writing Code,4,2,1,87
Artificial Intelligence,Reading Research Papers,10,2,1,242
Software Engineering,Code Review,17,2,3,141
Artificial Intelligence,Math/Algorithm Review,13,2,1,218
Software Engineering,Reading Documentation,2,2,1,40
Software Engineering,Debugging,2,1,3,13
Artificial Intelligence,Model Training,3,3,3,52
Software Engineering,System Design,9,2,2,145
Software Engineering,System Design,10,2,1,192
Computer Networks,Lab Simulation,23,3,3,263
Software Engineering,Code Review,15,1,1,252
Software Engineering,Debugging,5,1,2,53
Computer Networks,Reading Protocols,13,2,2,182
Artificial Intelligence,Reading Research Papers,7,2,3,88
Software Engineering,Writing Code,2,1,2,16
Software Engineering,Debugging,3,3,3,35
Software Engineering,Code Review,22,3,2,625
Computer Networks,Lab Simulation,9,2,2,108
Software Engineering,Reading Documentation,9,1,2,94
Computer Networks,Configuring Routers,5,3,3,55
Software Engineering,System Design,22,3,1,713
Artificial Intelligence,Math/Algorithm Review,19,1,3,142
Artificial Intelligence,Math/Algorithm Review,4,2,1,77
Software Engineering,Writing Code,4,1,2,44
Software Engineering,System Design,17,2,2,243
Computer Networks,Security Auditing,13,2,2,190
Artificial Intelligence,Math/Algorithm Review,24,2,2,357
Computer Networks,Lab Simulation,2,2,3,16
Computer Networks,Reading Protocols,19,2,1,344
Artificial Intelligence,Math/Algorithm Review,22,2,1,514
Software Engineering,Reading Documentation,8,2,1,155
Software Engineering,Debugging,18,1,3,105
Computer Networks,Security Auditing,23,1,2,258
Software Engineering,Code Review,7,2,2,93
Software Engineering,Debugging,15,1,3,108
Computer Networks,Security Auditing,9,2,1,207
Artificial Intelligence,Reading Research Papers,10,2,2,143
Artificial Intelligence,Reading Research Papers,22,1,1,334
Software Engineering,Code Review,6,1,1,88
Artificial Intelligence,Model Training,23,2,1,421
Software Engineering,Writing Code,13,2,2,221
Software Engineering,Code Review,21,1,1,250
Computer Networks,Lab Simulation,14,2,3,123
Computer Networks,Network Troubleshooting,22,3,2,385
Computer Networks,Configuring Routers,16,2,1,288
Software Engineering,Writing Code,5,2,2,78
Software Engineering,Code Review,23,2,2,244
Artificial Intelligence,Writing Code,19,3,2,424
Computer Networks,Reading Protocols,8,2,2,87
Computer Networks,Reading Protocols,5,2,3,53
Software Engineering,System Design,8,1,1,102
Artificial Intelligence,Model Training,13,3,1,368
Artificial Intelligence,Writing Code,22,3,1,576
Software Engineering,Code Review,9,2,2,146
Software Engineering,Reading Documentation,8,2,1,171
Software Engineering,System Design,6,1,1,67
Artificial Intelligence,Writing Code,16,2,1,362
Computer Networks,Reading Protocols,19,2,3,206
Computer Networks,Security Auditing,15,3,3,273
Computer Networks,Configuring Routers,11,2,3,95
Computer Networks,Configuring Routers,2,2,1,49
Software Engineering,Debugging,4,2,1,86
Computer Networks,Reading Protocols,4,2,3,41
Artificial Intelligence,Data Preprocessing,24,1,3,175
Software Engineering,Debugging,1,2,2,12
Artificial Intelligence,Reading Research Papers,19,2,1,341
Computer Networks,Reading Protocols,7,1,2,72
Software Engineering,Reading Documentation,7,1,1,98
Software Engineering,Writing Code,10,2,1,182
Computer Networks,Security Auditing,23,1,2,180
Computer Networks,Security Auditing,2,2,1,36
Software Engineering,Writing Code,8,2,1,151
Artificial Intelligence,Math/Algorithm Review,18,2,2,249
Computer Networks,Reading Protocols,6,2,2,83
Software Engineering,Reading Documentation,15,1,1,279
Artificial Intelligence,Writing Code,3,2,1,84
Computer Networks,Network Troubleshooting,17,3,1,425
Artificial Intelligence,Writing Code,22,2,3,226
Software Engineering,Debugging,6,1,2,52
Artificial Intelligence,Data Preprocessing,20,2,2,270
Computer Networks,Configuring Routers,8,3,3,137
Computer Networks,Network Troubleshooting,7,1,1,80
Computer Networks,Network Troubleshooting,2,1,1,23
Artificial Intelligence,Data Preprocessing,16,2,3,185
Artificial Intelligence,Model Training,5,2,3,56
Software Engineering,System Design,19,2,2,297
Software Engineering,System Design,22,2,1,346
Artificial Intelligence,Writing Code,16,2,1,339
Artificial Intelligence,Math/Algorithm Review,4,2,3,32
Computer Networks,Network Troubleshooting,23,1,1,325
Software Engineering,System Design,19,2,1,469
Software Engineering,Debugging,16,2,2,239
Computer Networks,Lab Simulation,11,1,1,115
Software Engineering,Reading Documentation,24,3,1,957
Artificial Intelligence,Math/Algorithm Review,4,2,2,63
Software Engineering,Reading Documentation,3,2,1,58
Software Engineering,System Design,21,3,1,668
Artificial Intelligence,Reading Research Papers,10,2,3,116
Computer Networks,Reading Protocols,11,2,3,103
Computer Networks,Security Auditing,8,2,1,123
Software Engineering,System Design,13,2,2,243
Software Engineering,System Design,20,3,3,256
Computer Networks,Lab Simulation,23,2,2,311
Artificial Intelligence,Model Training,2,2,1,43
Computer Networks,Lab Simulation,20,2,2,338
Computer Networks,Configuring Routers,12,1,1,181
Artificial Intelligence,Model Training,20,2,1,443
Artificial Intelligence,Model Training,24,2,2,278
Artificial Intelligence,Writing Code,2,3,3,36
Computer Networks,Configuring Routers,14,2,2,211
Software Engineering,Writing Code,21,3,2,493
Computer Networks,Network Troubleshooting,15,2,3,164
Computer Networks,Reading Protocols,16,2,1,261
Software Engineering,System Design,9,1,2,75
Artificial Intelligence,Model Training,16,3,2,245
Computer Networks,Reading Protocols,10,1,3,72
Computer Networks,Configuring Routers,4,2,1,98
Computer Networks,Network Troubleshooting,17,2,2,219
Software Engineering,System Design,1,3,2,21
Artificial Intelligence,Data Preprocessing,3,1,2,22
Artificial Intelligence,Math/Algorithm Review,23,1,1,252
Software Engineering,Debugging,19,2,2,283
Artificial Intelligence,Reading Research Papers,24,2,2,315
Software Engineering,Code Review,23,2,2,244
Software Engineering,Writing Code,8,3,1,338
Computer Networks,Lab Simulation,14,2,1,344
Artificial Intelligence,Writing Code,15,2,1,296
Computer Networks,Lab Simulation,18,3,1,517
Software Engineering,Writing Code,11,3,3,184
Software Engineering,Code Review,22,2,3,231
Software Engineering,Debugging,18,3,2,370
Artificial Intelligence,Model Training,9,2,2,109
Computer Networks,Network Troubleshooting,7,3,1,223
Computer Networks,Network Troubleshooting,11,2,1,233
Software Engineering,Reading Documentation,3,1,2,35
Software Engineering,Debugging,18,2,2,224
Computer Networks,Security Auditing,12,2,2,226
Artificial Intelligence,Data Preprocessing,17,3,2,344
Software Engineering,Reading Documentation,19,2,1,481
Artificial Intelligence,Reading Research Papers,6,2,2,80
Software Engineering,Reading Documentation,10,1,1,92
Artificial Intelligence,Data Preprocessing,22,1,3,132
Computer Networks,Network Troubleshooting,4,2,2,52
Computer Networks,Security Auditing,23,2,2,327
Software Engineering,Writing Code,16,3,1,504
Artificial Intelligence,Model Training,6,2,2,88
Artificial Intelligence,Reading Research Papers,13,1,2,122
Software Engineering,Debugging,23,2,2,348
Artificial Intelligence,Math/Algorithm Review,3,2,1,63
Software Engineering,Code Review,12,2,2,157
Software Engineering,System Design,13,3,3,168
Software Engineering,Reading Documentation,3,3,2,69
Software Engineering,Reading Documentation,9,3,1,296
Computer Networks,Configuring Routers,15,2,2,195
Artificial Intelligence,Math/Algorithm Review,9,3,2,129
Software Engineering,Debugging,14,2,1,309
Computer Networks,Security Auditing,22,3,3,378
Software Engineering,Code Review,5,1,1,68
Computer Networks,Network Troubleshooting,14,2,2,166
Computer Networks,Reading Protocols,1,2,2,14
Software Engineering,Writing Code,19,3,2,495
Computer Networks,Lab Simulation,17,3,3,259
Artificial Intelligence,Model Training,21,1,3,160
Artificial Intelligence,Model Training,4,1,3,30
Computer Networks,Lab Simulation,3,1,1,45
Software Engineering,Code Review,8,2,1,120
Software Engineering,Writing Code,5,2,3,50
Computer Networks,Security Auditing,1,1,1,15
Software Engineering,System Design,9,1,1,150
Software Engineering,Writing Code,2,2,1,41
Artificial Intelligence,Writing Code,16,1,1,212
Artificial Intelligence,Writing Code,7,3,2,170
Software Engineering,Debugging,17,2,2,313
Computer Networks,Network Troubleshooting,10,2,2,152
Software Engineering,Reading Documentation,5,2,2,76
Artificial Intelligence,Writing Code,19,3,1,471
Software Engineering,Reading Documentation,5,1,3,21
Artificial Intelligence,Math/Algorithm Review,10,2,3,108
Artificial Intelligence,Writing Code,17,3,3,219
Artificial Intelligence,Math/Algorithm Review,21,1,1,314
Computer Networks,Reading Protocols,18,1,1,215
Computer Networks,Security Auditing,12,1,1,145
Artificial Intelligence,Data Preprocessing,16,3,2,328
Artificial Intelligence,Data Preprocessing,10,2,3,78
Artificial Intelligence,Data Preprocessing,9,3,3,102
Computer Networks,Configuring Routers,14,3,1,470
Computer Networks,Reading Protocols,24,1,2,253
Artificial Intelligence,Data Preprocessing,17,2,2,236
Computer Networks,Network Troubleshooting,22,2,2,295
Computer Networks,Reading Protocols,2,1,3,14
Software Engineering,Reading Documentation,22,2,2,313
Software Engineering,Code Review,9,1,2,91
Software Engineering,Writing Code,2,1,3,18
Computer Networks,Network Troubleshooting,19,2,1,485
Computer Networks,Security Auditing,10,2,3,98
Computer Networks,Network Troubleshooting,18,2,1,320
Software Engineering,Debugging,4,2,2,68
Computer Networks,Lab Simulation,21,3,2,447
Computer Networks,Configuring Routers,8,2,3,79
Computer Networks,Security Auditing,4,2,3,34
Artificial Intelligence,Data Preprocessing,16,2,3,193
Artificial Intelligence,Math/Algorithm Review,12,2,2,154
Computer Networks,Network Troubleshooting,1,2,3,8
Computer Networks,Configuring Routers,3,3,2,67
Artificial Intelligence,Data Preprocessing,15,2,1,273
Computer Networks,Network Troubleshooting,3,3,2,51
Computer Networks,Configuring Routers,3,2,3,29
Artificial Intelligence,Math/Algorithm Review,17,1,2,175
Artificial Intelligence,Math/Algorithm Review,2,1,2,14
Computer Networks,Configuring Routers,22,1,1,301
Software Engineering,Writing Code,22,2,1,405
Software Engineering,Reading Documentation,10,1,1,140
Artificial Intelligence,Writing Code,12,1,1,170
Software Engineering,System Design,4,2,1,67
Software Engineering,Reading Documentation,15,2,1,296
Computer Networks,Lab Simulation,15,3,2,314
Software Engineering,Writing Code,3,2,2,46
Software Engineering,Code Review,13,1,2,110
Software Engineering,Writing Code,24,3,1,619
Software Engineering,Debugging,19,3,2,436
Artificial Intelligence,Reading Research Papers,18,3,3,206
Artificial Intelligence,Math/Algorithm Review,14,3,2,317
Artificial Intelligence,Reading Research Papers,8,1,1,101
Software Engineering,Reading Documentation,17,2,1,295
Software Engineering,System Design,2,2,2,23
Software Engineering,System Design,7,2,2,126
Software Engineering,Debugging,18,1,2,170
Software Engineering,Reading Documentation,10,1,1,121
Software Engineering,Writing Code,16,1,1,195
Software Engineering,Debugging,4,2,1,92
Computer Networks,Lab Simulation,23,2,3,169
Software Engineering,System Design,13,1,2,90
Software Engineering,Writing Code,10,1,3,71
Software Engineering,Reading Documentation,12,2,1,227
Artificial Intelligence,Data Preprocessing,21,1,1,256
Computer Networks,Security Auditing,16,2,1,306
Artificial Intelligence,Model Training,6,2,2,78
Artificial Intelligence,Writing Code,7,1,1,81
Computer Networks,Network Troubleshooting,22,1,1,266
Software Engineering,Debugging,13,2,2,211
Software Engineering,Code Review,23,1,1,253
Computer Networks,Network Troubleshooting,16,1,3,138
Software Engineering,System Design,20,1,2,195
Software Engineering,Writing Code,5,1,3,35
Artificial Intelligence,Writing Code,6,2,2,106
Software Engineering,System Design,18,3,3,283
Software Engineering,Reading Documentation,5,2,3,44
Computer Networks,Security Auditing,2,1,3,13
Computer Networks,Reading Protocols,22,2,3,171
Computer Networks,Configuring Routers,23,3,1,725
Software Engineering,System Design,13,3,2,281
Artificial Intelligence,Data Preprocessing,3,2,2,37
Software Engineering,Debugging,15,1,2,162
Software Engineering,Debugging,16,3,1,498
Artificial Intelligence,Writing Code,7,2,3,58
Computer Networks,Reading Protocols,20,2,3,183
Artificial Intelligence,Data Preprocessing,8,3,2,201
Software Engineering,Code Review,10,2,3,116
Artificial Intelligence,Model Training,18,1,2,162
Computer Networks,Network Troubleshooting,6,1,2,48
Artificial Intelligence,Model Training,11,3,1,299
Computer Networks,Configuring Routers,11,3,1,295
Artificial Intelligence,Writing Code,6,2,3,56
Artificial Intelligence,Math/Algorithm Review,19,2,1,388
Computer Networks,Security Auditing,15,1,2,118
Software Engineering,System Design,21,2,2,287
Computer Networks,Reading Protocols,4,2,2,47
Software Engineering,Code Review,13,2,1,286
Software Engineering,Reading Documentation,20,2,2,265
Software Engineering,Writing Code,13,1,1,140
Software Engineering,System Design,14,1,2,153
Computer Networks,Network Troubleshooting,24,2,3,177
Computer Networks,Network Troubleshooting,15,2,1,255
Artificial Intelligence,Data Preprocessing,11,3,3,215
Artificial Intelligence,Reading Research Papers,4,1,1,67
Software Engineering,System Design,23,2,2,264
Computer Networks,Network Troubleshooting,10,3,2,253
Software Engineering,Reading Documentation,22,2,2,323
Software Engineering,Debugging,13,3,1,367
Computer Networks,Security Auditing,17,1,3,112
Artificial Intelligence,Reading Research Papers,9,2,1,205
Artificial Intelligence,Model Training,15,3,1,466
Software Engineering,Code Review,11,2,2,164
Software Engineering,Debugging,15,1,2,152
Artificial Intelligence,Math/Algorithm Review,3,2,1,49
Software Engineering,Code Review,6,2,2,101
Artificial Intelligence,Data Preprocessing,23,2,2,263
Software Engineering,Writing Code,24,1,3,137
Artificial Intelligence,Data Preprocessing,20,1,2,220
Artificial Intelligence,Reading Research Papers,5,3,3,77
Software Engineering,Code Review,15,2,2,200
Computer Networks,Network Troubleshooting,22,2,2,383
Computer Networks,Configuring Routers,5,1,1,57
Computer Networks,Reading Protocols,9,2,2,150
Artificial Intelligence,Math/Algorithm Review,21,1,3,176
Artificial Intelligence,Model Training,24,2,3,275
Artificial Intelligence,Writing Code,11,3,2,206
Artificial Intelligence,Reading Research Papers,3,3,2,69
Software Engineering,Debugging,2,2,2,24
Artificial Intelligence,Model Training,15,3,3,198
Artificial Intelligence,Data Preprocessing,11,2,2,130
Computer Networks,Reading Protocols,18,2,1,343
Computer Networks,Network Troubleshooting,5,2,3,48
Artificial Intelligence,Math/Algorithm Review,17,2,2,236
Software Engineering,Debugging,19,3,2,404
Computer Networks,Security Auditing,4,2,3,36
Artificial Intelligence,Writing Code,22,1,1,268
Artificial Intelligence,Data Preprocessing,4,3,2,85
Software Engineering,Reading Documentation,1,2,2,14
Computer Networks,Network Troubleshooting,17,2,2,310
Software Engineering,Reading Documentation,17,2,1,297
Artificial Intelligence,Reading Research Papers,10,2,1,189
Software Engineering,Code Review,17,2,1,394
Artificial Intelligence,Writing Code,1,3,1,25
Software Engineering,System Design,5,1,1,51
Software Engineering,Writing Code,5,1,2,47
Software Engineering,Reading Documentation,24,3,1,612
Computer Networks,Security Auditing,11,2,1,194
Software Engineering,Writing Code,21,1,3,118
Artificial Intelligence,Writing Code,4,2,1,65
Computer Networks,Reading Protocols,8,2,1,136
Software Engineering,Writing Code,15,2,2,226
Software Engineering,Writing Code,7,2,2,122
Software Engineering,Writing Code,17,2,1,328
Software Engineering,Reading Documentation,11,3,2,253
Software Engineering,Debugging,9,2,2,143
Artificial Intelligence,Reading Research Papers,22,1,1,298
Computer Networks,Security Auditing,10,1,2,99
Computer Networks,Reading Protocols,6,2,2,89
Software Engineering,Reading Documentation,10,3,2,196
Computer Networks,Security Auditing,5,3,1,142
Artificial Intelligence,Reading Research Papers,14,3,3,236
Computer Networks,Security Auditing,7,2,1,195
Artificial Intelligence,Model Training,19,1,1,224
Artificial Intelligence,Model Training,12,2,1,176
Software Engineering,Code Review,10,2,2,144
Computer Networks,Lab Simulation,8,1,1,88
Computer Networks,Configuring Routers,17,3,2,312
Artificial Intelligence,Model Training,11,3,2,256
Software Engineering,System Design,4,2,2,47
Computer Networks,Security Auditing,1,2,1,18
Computer Networks,Reading Protocols,7,2,2,103
Artificial Intelligence,Writing Code,23,1,1,326
Computer Networks,Security Auditing,12,3,2,285
Computer Networks,Network Troubleshooting,4,2,1,81
Artificial Intelligence,Model Training,17,2,1,341
Computer Networks,Security Auditing,22,2,1,473
Artificial Intelligence,Reading Research Papers,20,2,3,201
Software Engineering,Writing Code,10,3,3,135
Computer Networks,Network Troubleshooting,8,2,1,127
Software Engineering,Reading Documentation,10,2,3,101
Artificial Intelligence,Model Training,24,3,1,674
Software Engineering,Debugging,11,2,3,101
Software Engineering,Reading Documentation,16,2,2,265
Software Engineering,Debugging,14,1,1,203
Artificial Intelligence,Data Preprocessing,21,2,3,186
Computer Networks,Security Auditing,24,1,2,297
Software Engineering,System Design,1,2,2,14
Artificial Intelligence,Math/Algorithm Review,17,1,1,229
Artificial Intelligence,Data Preprocessing,17,1,1,165
Software Engineering,Code Review,9,2,2,145
Software Engineering,System Design,13,1,1,203
Software Engineering,Writing Code,24,2,2,257
Computer Networks,Security Auditing,2,2,2,27
Artificial Intelligence,Data Preprocessing,1,1,1,11
Computer Networks,Reading Protocols,23,1,2,265
Artificial Intelligence,Reading Research Papers,20,2,1,505
Software Engineering,System Design,15,2,3,151
Artificial Intelligence,Data Preprocessing,4,2,2,67
Computer Networks,Reading Protocols,3,1,3,16
Artificial Intelligence,Math/Algorithm Review,2,3,2,47
Artificial Intelligence,Reading Research Papers,11,2,3,121
Computer Networks,Network Troubleshooting,2,2,1,48
Computer Networks,Configuring Routers,4,2,1,76
Computer Networks,Lab Simulation,11,3,2,257
Artificial Intelligence,Data Preprocessing,2,2,1,36
Computer Networks,Configuring Routers,24,2,2,283
Software Engineering,System Design,14,1,2,104
Computer Networks,Configuring Routers,10,3,3,152
Artificial Intelligence,Writing Code,15,2,2,211
Artificial Intelligence,Math/Algorithm Review,1,2,3,10
Artificial Intelligence,Model Training,5,3,2,108
Software Engineering,Code Review,20,1,1,326
Computer Networks,Configuring Routers,5,1,2,52
Artificial Intelligence,Model Training,23,3,2,452
Computer Networks,Configuring Routers,11,2,1,201
Computer Networks,Reading Protocols,11,2,2,176
Computer Networks,Lab Simulation,2,3,2,38
Artificial Intelligence,Writing Code,17,2,2,245
Artificial Intelligence,Reading Research Papers,13,1,2,145
Computer Networks,Reading Protocols,9,2,2,133
Computer Networks,Reading Protocols,19,3,2,352
Computer Networks,Configuring Routers,7,1,1,71
Artificial Intelligence,Writing Code,9,2,3,117
Software Engineering,Debugging,7,1,1,96
Artificial Intelligence,Data Preprocessing,22,2,2,339
Software Engineering,System Design,16,3,2,373
Artificial Intelligence,Math/Algorithm Review,20,2,3,238
Software Engineering,Reading Documentation,17,2,2,178
Computer Networks,Configuring Routers,22,1,2,220
Software Engineering,Code Review,16,2,1,328
Artificial Intelligence,Reading Research Papers,11,3,2,246
Software Engineering,Code Review,9,3,3,115
Software Engineering,Debugging,15,2,2,234
Artificial Intelligence,Data Preprocessing,17,3,1,596
Software Engineering,Writing Code,2,2,3,21
Computer Networks,Network Troubleshooting,6,2,1,109
Artificial Intelligence,Model Training,18,2,2,236
Computer Networks,Lab Simulation,19,1,1,290
Computer Networks,Reading Protocols,2,2,2,28
Software Engineering,Code Review,7,3,2,131
Computer Networks,Configuring Routers,3,1,1,45
Computer Networks,Security Auditing,10,2,2,151
Artificial Intelligence,Data Preprocessing,20,2,2,356
Software Engineering,Code Review,13,1,1,212
Computer Networks,Lab Simulation,18,3,1,630
Software Engineering,System Design,24,1,3,159
Computer Networks,Reading Protocols,11,1,3,66
Computer Networks,Reading Protocols,10,3,2,235
Software Engineering,Debugging,18,3,1,529
Computer Networks,Network Troubleshooting,3,2,1,59
Computer Networks,Network Troubleshooting,24,2,1,525
Computer Networks,Lab Simulation,7,3,2,142
Computer Networks,Security Auditing,10,1,1,129
Computer Networks,Network Troubleshooting,7,3,2,136
Computer Networks,Configuring Routers,2,1,1,32
Computer Networks,Reading Protocols,13,1,1,189
Artificial Intelligence,Reading Research Papers,19,3,1,575
Software Engineering,Reading Documentation,9,1,3,51
Computer Networks,Reading Protocols,14,3,1,395
Artificial Intelligence,Writing Code,18,1,1,222
Artificial Intelligence,Data Preprocessing,13,1,2,108
Artificial Intelligence,Reading Research Papers,18,1,3,122
Artificial Intelligence,Data Preprocessing,23,3,3,241
Software Engineering,Debugging,20,3,2,363
Software Engineering,Writing Code,7,1,1,97
Computer Networks,Configuring Routers,13,2,1,240
Artificial Intelligence,Data Preprocessing,8,2,3,66
Artificial Intelligence,Reading Research Papers,11,2,1,235
Artificial Intelligence,Model Training,8,2,3,65
Artificial Intelligence,Math/Algorithm Review,15,2,1,371
Computer Networks,Lab Simulation,1,1,1,15
Artificial Intelligence,Reading Research Papers,9,2,2,103
Software Engineering,Writing Code,13,3,2,310
Artificial Intelligence,Math/Algorithm Review,12,2,3,126
Artificial Intelligence,Reading Research Papers,13,2,2,143
Software Engineering,System Design,20,2,3,231
Computer Networks,Security Auditing,5,3,2,95
Software Engineering,Code Review,4,1,2,40
Software Engineering,Writing Code,3,3,2,67
Software Engineering,Debugging,9,1,1,87
Artificial Intelligence,Reading Research Papers,17,1,1,194
Computer Networks,Security Auditing,3,1,1,35
Artificial Intelligence,Model Training,20,1,2,215
Computer Networks,Security Auditing,10,1,1,93
Computer Networks,Reading Protocols,3,1,2,30
Artificial Intelligence,Model Training,19,1,1,236
Computer Networks,Lab Simulation,24,1,1,310
Artificial Intelligence,Writing Code,21,2,2,307
Computer Networks,Security Auditing,6,3,1,153
Software Engineering,Reading Documentation,20,3,2,361
Computer Networks,Reading Protocols,8,1,1,94
Software Engineering,Debugging,5,2,2,78
Artificial Intelligence,Data Preprocessing,24,3,2,478
Software Engineering,Reading Documentation,23,2,2,250
Software Engineering,Debugging,19,2,2,258
Computer Networks,Network Troubleshooting,6,2,1,79
Artificial Intelligence,Reading Research Papers,3,2,1,52
Software Engineering,Writing Code,4,2,1,66
Software Engineering,Debugging,20,1,2,240
Software Engineering,System Design,12,1,2,123
Artificial Intelligence,Writing Code,21,3,2,433
Software Engineering,Code Review,7,2,1,121
Artificial Intelligence,Model Training,4,2,1,70
Artificial Intelligence,Model Training,8,3,1,212
Computer Networks,Reading Protocols,15,3,1,478
Software Engineering,Writing Code,19,1,1,267
Artificial Intelligence,Reading Research Papers,11,2,2,142
Artificial Intelligence,Model Training,3,2,1,56
Software Engineering,Code Review,3,3,1,78
Computer Networks,Network Troubleshooting,11,1,1,145
Artificial Intelligence,Math/Algorithm Review,18,2,3,240
Artificial Intelligence,Writing Code,15,2,1,301
Artificial Intelligence,Reading Research Papers,24,1,2,240
Artificial Intelligence,Math/Algorithm Review,15,3,2,379
Software Engineering,Writing Code,6,2,1,109
Artificial Intelligence,Math/Algorithm Review,20,1,2,222
Artificial Intelligence,Model Training,14,3,1,433
Computer Networks,Lab Simulation,20,1,3,154
Artificial Intelligence,Writing Code,17,2,2,261
Computer Networks,Configuring Routers,6,2,2,79
Computer Networks,Network Troubleshooting,1,2,2,16
Computer Networks,Lab Simulation,10,1,2,99
Software Engineering,Debugging,8,3,3,116
Computer Networks,Network Troubleshooting,24,2,2,453
Software Engineering,Code Review,6,2,1,135
Artificial Intelligence,Writing Code,17,2,2,298
Software Engineering,Code Review,20,2,2,299
Artificial Intelligence,Writing Code,20,1,1,254
Artificial Intelligence,Model Training,5,1,3,38
Software Engineering,Writing Code,21,1,2,261
Software Engineering,Debugging,17,1,2,146
Computer Networks,Network Troubleshooting,4,2,1,64
Artificial Intelligence,Data Preprocessing,21,1,1,244
Computer Networks,Configuring Routers,10,1,2,90
Computer Networks,Security Auditing,12,2,2,192
Artificial Intelligence,Model Training,21,2,1,372
Artificial Intelligence,Data Preprocessing,2,2,1,43
Artificial Intelligence,Model Training,2,2,2,22
Computer Networks,Configuring Routers,3,3,2,70
Computer Networks,Network Troubleshooting,3,1,1,54
Artificial Intelligence,Math/Algorithm Review,16,2,3,192
Artificial Intelligence,Model Training,18,3,2,310
Artificial Intelligence,Model Training,9,2,1,189
Software Engineering,Debugging,14,3,1,524
Artificial Intelligence,Math/Algorithm Review,19,3,2,449
Software Engineering,Debugging,16,2,2,241
Computer Networks,Configuring Routers,24,3,1,625
Computer Networks,Network Troubleshooting,1,3,1,30
Software Engineering,Debugging,19,1,2,180
Computer Networks,Reading Protocols,21,1,3,125
Computer Networks,Lab Simulation,24,2,2,263
Computer Networks,Network Troubleshooting,21,2,1,351
Artificial Intelligence,Math/Algorithm Review,1,3,2,18
Software Engineering,Writing Code,8,2,1,115
Computer Networks,Security Auditing,4,1,2,52
Computer Networks,Reading Protocols,13,1,1,162
Artificial Intelligence,Data Preprocessing,7,2,2,72
Software Engineering,Debugging,14,3,2,425
Software Engineering,System Design,20,2,3,210
Software Engineering,Writing Code,18,2,2,324
Artificial Intelligence,Reading Research Papers,2,2,2,31
Computer Networks,Lab Simulation,18,2,2,227
Software Engineering,Writing Code,17,2,2,316
Computer Networks,Configuring Routers,15,2,2,213
Software Engineering,Reading Documentation,13,2,2,154
Artificial Intelligence,Model Training,13,3,1,307
Artificial Intelligence,Writing Code,2,3,2,55
Artificial Intelligence,Writing Code,14,1,2,139
Computer Networks,Security Auditing,9,3,2,198
Computer Networks,Reading Protocols,10,2,1,184
Artificial Intelligence,Model Training,24,3,2,564
Software Engineering,System Design,13,3,1,365
Computer Networks,Reading Protocols,22,3,1,664
Software Engineering,Writing Code,4,1,1,63
Software Engineering,Code Review,6,3,1,160
Artificial Intelligence,Model Training,12,2,2,184
Computer Networks,Security Auditing,11,2,1,264
Software Engineering,Debugging,17,2,3,153
Artificial Intelligence,Math/Algorithm Review,10,2,3,101
Software Engineering,System Design,6,2,2,86
Artificial Intelligence,Reading Research Papers,5,1,2,36
Software Engineering,Debugging,19,1,1,294
Artificial Intelligence,Model Training,19,1,2,161
Artificial Intelligence,Model Training,12,1,3,77
Computer Networks,Reading Protocols,21,1,2,188
Artificial Intelligence,Data Preprocessing,14,1,2,122
Artificial Intelligence,Model Training,10,2,2,125
Software Engineering,Writing Code,11,2,2,166
Software Engineering,Debugging,13,3,2,268
Software Engineering,Reading Documentation,3,1,2,32
Computer Networks,Network Troubleshooting,1,2,2,14
Computer Networks,Configuring Routers,8,2,1,138
Software Engineering,Debugging,14,2,1,241
Computer Networks,Configuring Routers,21,2,1,439
Artificial Intelligence,Data Preprocessing,4,2,2,61
Computer Networks,Lab Simulation,1,1,1,13
Computer Networks,Configuring Routers,3,2,1,48
Software Engineering,Reading Documentation,8,2,3,65
Software Engineering,Code Review,10,2,1,207
Artificial Intelligence,Data Preprocessing,11,2,2,107
Computer Networks,Configuring Routers,3,2,2,44
Artificial Intelligence,Reading Research Papers,20,2,2,195
Artificial Intelligence,Math/Algorithm Review,17,3,3,293
Software Engineering,System Design,14,2,1,322
Software Engineering,Reading Documentation,9,2,2,143
Artificial Intelligence,Reading Research Papers,24,2,1,522
Artificial Intelligence,Math/Algorithm Review,13,2,3,114
Software Engineering,Writing Code,23,3,1,634
Computer Networks,Network Troubleshooting,5,2,1,72
Artificial Intelligence,Math/Algorithm Review,21,3,2,573
Computer Networks,Reading Protocols,20,1,2,181
Artificial Intelligence,Math/Algorithm Review,3,2,2,45
Artificial Intelligence,Math/Algorithm Review,16,2,1,279
Artificial Intelligence,Model Training,17,2,1,358
Artificial Intelligence,Writing Code,1,2,3,9
Computer Networks,Lab Simulation,17,2,2,258
Software Engineering,Writing Code,17,2,2,182
Software Engineering,Writing Code,19,1,1,270
Artificial Intelligence,Reading Research Papers,5,2,2,66
Artificial Intelligence,Math/Algorithm Review,6,1,2,57
Software Engineering,System Design,12,3,1,358
Software Engineering,Reading Documentation,12,2,2,178
Software Engineering,Writing Code,15,3,2,281
Artificial Intelligence,Data Preprocessing,14,1,3,92
Computer Networks,Network Troubleshooting,19,3,1,633
Software Engineering,System Design,21,2,2,317
Software Engineering,Writing Code,2,3,1,65
Artificial Intelligence,Writing Code,9,1,1,150
Artificial Intelligence,Data Preprocessing,11,1,1,149
Computer Networks,Configuring Routers,24,2,3,245
Computer Networks,Network Troubleshooting,1,2,3,12
Computer Networks,Network Troubleshooting,19,1,1,205
Artificial Intelligence,Math/Algorithm Review,22,2,3,177
Software Engineering,Writing Code,5,1,1,47
Software Engineering,Code Review,23,1,1,278
Computer Networks,Security Auditing,11,1,1,186
Computer Networks,Configuring Routers,17,1,1,264
Computer Networks,Configuring Routers,10,3,1,241
Artificial Intelligence,Math/Algorithm Review,14,3,2,281
Artificial Intelligence,Writing Code,3,2,1,79
Software Engineering,Reading Documentation,6,2,3,68
Software Engineering,Reading Documentation,1,1,2,10
Software Engineering,Code Review,2,2,2,24
Software Engineering,Debugging,3,3,1,106
Computer Networks,Security Auditing,12,1,2,101
Software Engineering,Debugging,21,2,1,419
Computer Networks,Configuring Routers,7,2,2,107
Computer Networks,Configuring Routers,8,2,2,99
Computer Networks,Lab Simulation,20,2,2,338
Software Engineering,Reading Documentation,11,1,3,72
Computer Networks,Reading Protocols,10,2,2,153
Software Engineering,System Design,19,2,3,156
Artificial Intelligence,Writing Code,5,3,2,116
Artificial Intelligence,Math/Algorithm Review,21,1,1,239
Software Engineering,Debugging,7,3,1,210
Artificial Intelligence,Math/Algorithm Review,19,1,3,113
Computer Networks,Reading Protocols,7,3,2,175
Software Engineering,Debugging,11,3,3,203
Artificial Intelligence,Reading Research Papers,24,2,2,398
Computer Networks,Lab Simulation,8,1,1,109
Artificial Intelligence,Writing Code,21,3,3,283
Software Engineering,Reading Documentation,8,2,2,122
Computer Networks,Security Auditing,17,1,1,235
Artificial Intelligence,Writing Code,16,2,2,244
Software Engineering,System Design,22,3,3,349
Software Engineering,Debugging,13,2,1,304
Computer Networks,Configuring Routers,6,1,2,55
Computer Networks,Lab Simulation,21,1,3,155
Software Engineering,Code Review,9,2,1,152
Computer Networks,Lab Simulation,18,2,1,375
Software Engineering,Reading Documentation,23,1,2,166
Computer Networks,Reading Protocols,6,3,1,184
Artificial Intelligence,Writing Code,9,1,3,64
Computer Networks,Network Troubleshooting,20,3,2,267
Software Engineering,Reading Documentation,15,1,2,127
Software Engineering,System Design,13,1,1,166
Artificial Intelligence,Math/Algorithm Review,16,2,3,138
Software Engineering,Writing Code,17,1,1,207
Artificial Intelligence,Writing Code,13,3,2,254
Software Engineering,Code Review,13,1,1,223
Software Engineering,Writing Code,15,1,1,177
Artificial Intelligence,Math/Algorithm Review,6,2,3,47
Computer Networks,Configuring Routers,15,1,1,245
Software Engineering,Writing Code,15,2,2,179
Software Engineering,System Design,19,2,2,284
Artificial Intelligence,Writing Code,11,1,1,166
Software Engineering,System Design,12,1,1,163
Artificial Intelligence,Model Training,8,2,1,125
Software Engineering,Code Review,21,2,1,484
Software Engineering,System Design,24,1,2,247
Software Engineering,Writing Code,23,2,1,449
Software Engineering,Code Review,13,2,3,128
Software Engineering,Writing Code,7,2,3,76
Computer Networks,Security Auditing,11,1,2,117
Computer Networks,Configuring Routers,11,2,3,128
Software Engineering,Debugging,7,3,2,133
Computer Networks,Lab Simulation,5,2,2,74
Computer Networks,Network Troubleshooting,8,1,1,141
Artificial Intelligence,Writing Code,22,2,2,274
Computer Networks,Reading Protocols,14,2,3,150
Software Engineering,System Design,14,2,3,128
Computer Networks,Lab Simulation,22,1,1,298
Software Engineering,System Design,24,2,3,224
Computer Networks,Reading Protocols,24,2,2,354
Artificial Intelligence,Reading Research Papers,19,2,1,387
Artificial Intelligence,Model Training,5,2,1,87
Computer Networks,Network Troubleshooting,17,2,1,418
Software Engineering,Code Review,21,2,1,394
Artificial Intelligence,Math/Algorithm Review,5,1,1,73
Computer Networks,Security Auditing,2,1,2,16
Software Engineering,Code Review,3,2,2,46
Computer Networks,Network Troubleshooting,19,1,2,179
Computer Networks,Configuring Routers,11,3,1,363
Software Engineering,Reading Documentation,8,3,2,200
Software Engineering,Debugging,6,2,2,83
Software Engineering,Code Review,17,1,1,156
Software Engineering,System Design,14,2,2,257
Computer Networks,Security Auditing,12,1,3,93
Artificial Intelligence,Model Training,1,2,2,14
Software Engineering,Debugging,22,1,2,228
Computer Networks,Lab Simulation,23,2,1,393
Computer Networks,Configuring Routers,20,2,2,283
Artificial Intelligence,Reading Research Papers,3,1,1,41
Computer Networks,Lab Simulation,16,2,1,377
Computer Networks,Security Auditing,2,3,3,29
Artificial Intelligence,Reading Research Papers,6,1,2,58
Artificial Intelligence,Writing Code,8,3,1,210
Software Engineering,Writing Code,21,3,2,443
Computer Networks,Security Auditing,17,2,1,306
Software Engineering,Code Review,18,2,2,250
Computer Networks,Configuring Routers,2,1,2,17
Software Engineering,System Design,21,3,1,551
Artificial Intelligence,Reading Research Papers,4,2,1,78
Computer Networks,Reading Protocols,21,2,2,313
Software Engineering,Reading Documentation,21,2,3,224
Computer Networks,Lab Simulation,6,2,2,79
Computer Networks,Configuring Routers,6,2,2,57
Computer Networks,Reading Protocols,13,3,2,188
Computer Networks,Network Troubleshooting,18,1,1,254
Software Engineering,Debugging,13,1,1,155
Artificial Intelligence,Writing Code,18,2,2,256
Computer Networks,Reading Protocols,4,2,3,43
Computer Networks,Configuring Routers,17,2,2,238
Software Engineering,System Design,17,3,2,322
Computer Networks,Network Troubleshooting,22,2,1,542
Software Engineering,Code Review,20,3,3,275
Computer Networks,Lab Simulation,10,2,1,192
Software Engineering,Code Review,23,3,3,291
Computer Networks,Network Troubleshooting,23,3,2,380
Software Engineering,System Design,7,2,1,164
Software Engineering,Debugging,7,1,2,64
Software Engineering,Writing Code,19,1,2,163
Computer Networks,Reading Protocols,24,3,2,585
Software Engineering,Reading Documentation,7,2,2,112
Artificial Intelligence,Math/Algorithm Review,17,3,2,344
Software Engineering,Writing Code,9,2,2,131
Software Engineering,Writing Code,18,2,2,232
Computer Networks,Security Auditing,11,1,1,160
Computer Networks,Lab Simulation,7,2,1,140
Artificial Intelligence,Math/Algorithm Review,12,1,1,159
Computer Networks,Network Troubleshooting,14,2,1,151
Computer Networks,Configuring Routers,12,2,2,169
Computer Networks,Lab Simulation,18,1,2,161
Computer Networks,Network Troubleshooting,22,1,2,219
Software Engineering,Reading Documentation,7,2,1,150
Computer Networks,Network Troubleshooting,23,3,1,746
Artificial Intelligence,Model Training,19,2,2,326
Artificial Intelligence,Model Training,8,1,1,106
Computer Networks,Network Troubleshooting,18,3,2,391
Computer Networks,Configuring Routers,22,2,2,238
Computer Networks,Lab Simulation,19,3,2,439
Computer Networks,Network Troubleshooting,20,1,1,272
Software Engineering,Writing Code,16,2,1,346
Software Engineering,Debugging,12,2,1,255
Computer Networks,Reading Protocols,13,2,2,199
Software Engineering,Reading Documentation,19,1,3,140
Computer Networks,Reading Protocols,21,2,1,286
Computer Networks,Reading Protocols,20,1,3,124
Computer Networks,Configuring Routers,13,1,2,139
Artificial Intelligence,Reading Research Papers,21,2,1,370
Computer Networks,Security Auditing,9,1,3,64
Software Engineering,Reading Documentation,5,1,1,65
Software Engineering,System Design,8,2,3,79
Artificial Intelligence,Data Preprocessing,7,3,2,147
Artificial Intelligence,Reading Research Papers,17,2,3,126
Computer Networks,Lab Simulation,9,2,2,122
Software Engineering,Code Review,21,2,3,272
Computer Networks,Configuring Routers,10,1,2,88
Computer Networks,Security Auditing,4,2,1,71
Computer Networks,Configuring Routers,22,2,2,273
Software Engineering,Writing Code,18,2,3,196
Software Engineering,Writing Code,17,3,2,436
Artificial Intelligence,Writing Code,16,2,1,284
Software Engineering,Code Review,15,3,1,498
Software Engineering,Writing Code,11,2,3,95
Software Engineering,Code Review,3,1,1,42
Computer Networks,Configuring Routers,20,3,1,761
Artificial Intelligence,Writing Code,2,1,1,29
Computer Networks,Network Troubleshooting,11,2,2,175
Computer Networks,Reading Protocols,24,2,1,442
Artificial Intelligence,Model Training,12,3,1,362
Software Engineering,Code Review,22,1,3,130
Software Engineering,Writing Code,20,3,2,529
Artificial Intelligence,Data Preprocessing,15,1,2,162
Software Engineering,Reading Documentation,21,2,3,208
Computer Networks,Network Troubleshooting,15,1,2,133
Artificial Intelligence,Writing Code,23,2,2,348
Software Engineering,System Design,20,2,3,215
Computer Networks,Configuring Routers,10,2,1,185
Computer Networks,Security Auditing,2,3,2,46
Software Engineering,Code Review,2,1,2,17
Computer Networks,Configuring Routers,8,2,1,144
Artificial Intelligence,Data Preprocessing,6,1,3,50
Artificial Intelligence,Model Training,8,2,1,131
Artificial Intelligence,Data Preprocessing,22,1,1,287
Computer Networks,Configuring Routers,1,2,2,7
Artificial Intelligence,Math/Algorithm Review,7,3,2,185
Software Engineering,System Design,1,1,2,9
Computer Networks,Security Auditing,15,2,1,412
Artificial Intelligence,Math/Algorithm Review,14,2,2,161
Computer Networks,Reading Protocols,13,2,1,286
Computer Networks,Reading Protocols,9,1,1,115
Computer Networks,Reading Protocols,10,2,1,208
Computer Networks,Lab Simulation,16,2,1,385
Software Engineering,Debugging,19,1,2,164
Artificial Intelligence,Data Preprocessing,6,2,3,63
Computer Networks,Security Auditing,11,2,2,165
Artificial Intelligence,Model Training,20,1,2,210
Artificial Intelligence,Model Training,10,3,2,228
Artificial Intelligence,Writing Code,13,1,3,75
Software Engineering,Reading Documentation,8,1,2,65
Computer Networks,Reading Protocols,20,1,1,324
Computer Networks,Security Auditing,23,2,1,584
Computer Networks,Network Troubleshooting,23,2,1,394
Software Engineering,Debugging,15,3,2,287
Computer Networks,Configuring Routers,10,2,1,176
Computer Networks,Reading Protocols,10,2,2,126
Computer Networks,Lab Simulation,17,2,1,363
Software Engineering,Debugging,14,1,2,101
Computer Networks,Lab Simulation,4,2,3,39
Artificial Intelligence,Reading Research Papers,19,1,2,184
Computer Networks,Security Auditing,6,2,2,95
Software Engineering,Debugging,5,3,1,128
Computer Networks,Security Auditing,12,2,1,286
Artificial Intelligence,Reading Research Papers,13,3,3,224
Artificial Intelligence,Model Training,20,2,2,243
Computer Networks,Network Troubleshooting,7,3,2,137
Artificial Intelligence,Math/Algorithm Review,17,1,2,161
Computer Networks,Network Troubleshooting,8,2,2,148
Artificial Intelligence,Reading Research Papers,17,1,3,98
Computer Networks,Reading Protocols,14,3,3,186
Artificial Intelligence,Reading Research Papers,23,1,1,321
Software Engineering,Debugging,10,2,1,233
Computer Networks,Security Auditing,16,2,2,187
Software Engineering,Code Review,20,2,1,389
Computer Networks,Security Auditing,7,2,2,99
Computer Networks,Network Troubleshooting,21,2,1,437
Artificial Intelligence,Reading Research Papers,19,2,3,154
Software Engineering,Writing Code,18,3,2,383
Computer Networks,Network Troubleshooting,19,1,2,203
Software Engineering,Debugging,5,3,2,147
Artificial Intelligence,Data Preprocessing,13,3,3,212
Computer Networks,Configuring Routers,7,2,1,128
Computer Networks,Lab Simulation,11,2,2,137
Artificial Intelligence,Model Training,15,2,2,203
Computer Networks,Lab Simulation,11,1,2,112
Software Engineering,Reading Documentation,17,1,1,215
Computer Networks,Configuring Routers,17,2,2,224
Artificial Intelligence,Reading Research Papers,22,1,1,266
Artificial Intelligence,Math/Algorithm Review,11,1,3,74
Artificial Intelligence,Reading Research Papers,21,2,2,361
Computer Networks,Reading Protocols,14,2,1,169
Artificial Intelligence,Writing Code,7,2,1,140
Computer Networks,Security Auditing,23,1,3,167
Artificial Intelligence,Reading Research Papers,5,2,1,127
Artificial Intelligence,Writing Code,6,3,2,137
Software Engineering,Writing Code,24,2,2,323
Artificial Intelligence,Writing Code,10,3,2,200
Software Engineering,Debugging,19,1,3,155
Software Engineering,Debugging,2,3,1,65
Computer Networks,Security Auditing,12,3,2,234
Artificial Intelligence,Math/Algorithm Review,7,3,3,116
Computer Networks,Security Auditing,21,3,2,426
Software Engineering,Code Review,10,2,2,172
Computer Networks,Configuring Routers,13,1,1,168
Software Engineering,System Design,15,2,2,184
Software Engineering,Code Review,17,1,2,192
Computer Networks,Configuring Routers,22,1,1,326
Artificial Intelligence,Writing Code,21,2,1,463
Computer Networks,Configuring Routers,8,2,2,109
Computer Networks,Reading Protocols,22,1,3,124
Computer Networks,Reading Protocols,21,1,2,188
Computer Networks,Network Troubleshooting,1,2,1,15
Computer Networks,Configuring Routers,22,2,1,401
Artificial Intelligence,Writing Code,11,1,1,184
Software Engineering,Reading Documentation,14,2,3,131
Artificial Intelligence,Reading Research Papers,10,3,3,163
Computer Networks,Lab Simulation,2,2,1,40
Software Engineering,Writing Code,13,2,1,298
Artificial Intelligence,Data Preprocessing,7,3,1,174
Artificial Intelligence,Data Preprocessing,16,2,3,188
Artificial Intelligence,Writing Code,15,1,2,155
Computer Networks,Network Troubleshooting,10,3,1,356
Computer Networks,Configuring Routers,12,3,1,342
Artificial Intelligence,Writing Code,9,2,1,193
Software Engineering,Code Review,13,3,1,386
Computer Networks,Security Auditing,4,2,1,51
Software Engineering,System Design,21,1,2,208
Artificial Intelligence,Reading Research Papers,18,3,3,288
Artificial Intelligence,Data Preprocessing,19,3,3,160
Software Engineering,Debugging,8,3,2,190
Artificial Intelligence,Reading Research Papers,14,2,2,223
Software Engineering,System Design,4,2,2,58
Computer Networks,Network Troubleshooting,2,2,2,28
Software Engineering,Reading Documentation,14,2,2,151
Software Engineering,Writing Code,20,3,2,393
Artificial Intelligence,Math/Algorithm Review,5,1,2,50
Software Engineering,Debugging,4,2,3,43
Software Engineering,Writing Code,15,2,1,268
Software Engineering,System Design,23,2,2,264
Artificial Intelligence,Model Training,8,2,1,177
Computer Networks,Reading Protocols,2,2,2,26
Software Engineering,Reading Documentation,10,2,1,190
Artificial Intelligence,Model Training,19,2,2,264
Artificial Intelligence,Data Preprocessing,1,3,1,23
Computer Networks,Configuring Routers,2,2,1,30
Computer Networks,Configuring Routers,5,1,1,63
Computer Networks,Lab Simulation,18,3,1,614
Artificial Intelligence,Writing Code,20,2,1,469
Artificial Intelligence,Data Preprocessing,16,3,2,374
Artificial Intelligence,Writing Code,15,3,2,275
Computer Networks,Network Troubleshooting,12,2,1,258
Software Engineering,Debugging,14,2,2,179
Artificial Intelligence,Data Preprocessing,20,1,1,254
Software Engineering,Code Review,21,1,1,312
Artificial Intelligence,Reading Research Papers,3,2,2,45
Software Engineering,System Design,15,2,2,259
Artificial Intelligence,Math/Algorithm Review,9,2,1,206
Computer Networks,Network Troubleshooting,20,2,2,265
Computer Networks,Network Troubleshooting,18,3,2,380
Artificial Intelligence,Math/Algorithm Review,7,3,2,151
Computer Networks,Reading Protocols,11,3,1,370
Software Engineering,Debugging,7,1,1,104
Artificial Intelligence,Math/Algorithm Review,23,1,2,210
Software Engineering,Debugging,4,3,2,77
Artificial Intelligence,Model Training,18,2,1,394
Software Engineering,Reading Documentation,6,1,3,33
Artificial Intelligence,Writing Code,12,1,3,73
Software Engineering,Reading Documentation,9,2,3,113
Computer Networks,Reading Protocols,23,1,2,204
Software Engineering,Writing Code,13,3,2,301
Artificial Intelligence,Data Preprocessing,5,2,1,76
Artificial Intelligence,Reading Research Papers,9,1,2,78
Computer Networks,Security Auditing,15,2,1,344
Artificial Intelligence,Writing Code,7,2,3,46
Software Engineering,Reading Documentation,2,2,1,32
Artificial Intelligence,Writing Code,24,2,2,359
Artificial Intelligence,Reading Research Papers,8,2,2,117
Computer Networks,Reading Protocols,7,2,1,122
Software Engineering,System Design,23,2,2,402
Artificial Intelligence,Data Preprocessing,6,2,1,125
Computer Networks,Network Troubleshooting,4,2,2,55
Artificial Intelligence,Data Preprocessing,21,2,2,280
Computer Networks,Configuring Routers,16,1,2,169
Artificial Intelligence,Reading Research Papers,3,3,1,89
Artificial Intelligence,Data Preprocessing,12,1,2,106
Computer Networks,Network Troubleshooting,14,2,1,302
Artificial Intelligence,Data Preprocessing,14,2,3,183
Artificial Intelligence,Writing Code,22,2,1,460
Software Engineering,Code Review,23,2,2,330
Artificial Intelligence,Writing Code,18,2,1,419
Software Engineering,Code Review,10,1,1,129
Artificial Intelligence,Reading Research Papers,7,2,2,57
Software Engineering,Reading Documentation,5,2,2,70
Software Engineering,Writing Code,23,1,1,311
Computer Networks,Security Auditing,2,3,2,37
Software Engineering,Reading Documentation,1,3,1,27
Software Engineering,Writing Code,14,2,1,270
Artificial Intelligence,Math/Algorithm Review,21,2,1,347
Artificial Intelligence,Model Training,23,2,1,535
Artificial Intelligence,Writing Code,2,2,3,12
Computer Networks,Reading Protocols,10,2,2,153
Artificial Intelligence,Math/Algorithm Review,17,1,2,181
Computer Networks,Security Auditing,1,2,2,15
Artificial Intelligence,Math/Algorithm Review,23,3,2,526
Artificial Intelligence,Writing Code,16,1,2,146
Software Engineering,Reading Documentation,9,2,1,184
Software Engineering,Code Review,23,1,3,183
Artificial Intelligence,Writing Code,5,2,1,118
Artificial Intelligence,Data Preprocessing,8,3,2,159
Artificial Intelligence,Reading Research Papers,14,1,1,193
Artificial Intelligence,Math/Algorithm Review,9,2,3,97
Computer Networks,Lab Simulation,14,1,2,112
Computer Networks,Reading Protocols,3,2,2,40
Computer Networks,Lab Simulation,18,2,3,215
Artificial Intelligence,Writing Code,23,1,1,276
Artificial Intelligence,Data Preprocessing,9,1,3,62
Computer Networks,Lab Simulation,5,2,2,73
Artificial Intelligence,Data Preprocessing,5,1,3,26
Software Engineering,Writing Code,16,2,1,216
Artificial Intelligence,Reading Research Papers,19,2,3,175
Artificial Intelligence,Model Training,15,1,2,150
Computer Networks,Configuring Routers,18,2,2,252
Artificial Intelligence,Math/Algorithm Review,4,3,3,62
Software Engineering,Code Review,8,2,3,67
Computer Networks,Reading Protocols,18,2,3,162
Artificial Intelligence,Model Training,23,2,1,425
Computer Networks,Lab Simulation,19,1,1,218
Software Engineering,System Design,2,2,2,27
Software Engineering,Writing Code,11,2,1,208
Computer Networks,Security Auditing,4,1,3,23
Artificial Intelligence,Math/Algorithm Review,6,1,2,64
Software Engineering,Debugging,16,1,2,185
Software Engineering,Code Review,4,2,2,36
Computer Networks,Reading Protocols,11,2,2,168
Computer Networks,Lab Simulation,13,2,1,274
Artificial Intelligence,Reading Research Papers,21,3,2,410
Artificial Intelligence,Math/Algorithm Review,18,3,2,365
Software Engineering,Reading Documentation,17,3,1,490
Software Engineering,Debugging,9,2,3,88
Artificial Intelligence,Writing Code,9,2,3,65
Software Engineering,System Design,20,1,3,116
Software Engineering,System Design,17,3,1,473
Artificial Intelligence,Reading Research Papers,22,2,3,161
Computer Networks,Reading Protocols,22,2,2,381
Software Engineering,Writing Code,10,2,1,244
Computer Networks,Lab Simulation,24,2,3,210
Software Engineering,Reading Documentation,23,3,3,316
Computer Networks,Reading Protocols,22,1,1,282
Computer Networks,Network Troubleshooting,9,1,2,83
Artificial Intelligence,Math/Algorithm Review,16,3,1,530
Artificial Intelligence,Data Preprocessing,15,3,1,401
Computer Networks,Configuring Routers,9,2,2,145
Computer Networks,Reading Protocols,17,2,3,188
Computer Networks,Reading Protocols,9,3,2,212
Artificial Intelligence,Reading Research Papers,18,3,1,470
Software Engineering,Writing Code,11,2,1,285
Software Engineering,Reading Documentation,23,1,1,294
Software Engineering,Reading Documentation,22,2,3,201
Computer Networks,Network Troubleshooting,14,1,1,218
Artificial Intelligence,Reading Research Papers,12,2,2,218
Computer Networks,Reading Protocols,15,1,3,82
Software Engineering,System Design,8,3,1,201
Artificial Intelligence,Reading Research Papers,2,3,2,36
Software Engineering,Debugging,7,3,3,136
Artificial Intelligence,Reading Research Papers,20,2,2,287
Computer Networks,Network Troubleshooting,20,2,3,236
Computer Networks,Reading Protocols,17,1,2,112
Software Engineering,Reading Documentation,9,3,1,242
Computer Networks,Lab Simulation,20,3,3,277
Artificial Intelligence,Reading Research Papers,3,2,2,49
Software Engineering,Reading Documentation,21,3,3,316
Computer Networks,Security Auditing,11,2,2,170
Artificial Intelligence,Math/Algorithm Review,13,2,1,272
Computer Networks,Network Troubleshooting,13,3,2,266
Computer Networks,Reading Protocols,2,1,1,22
Computer Networks,Network Troubleshooting,22,2,3,221
Artificial Intelligence,Math/Algorithm Review,9,2,1,194
Software Engineering,System Design,5,1,2,57
Computer Networks,Reading Protocols,2,2,1,47
Software Engineering,Reading Documentation,14,1,1,154
Computer Networks,Configuring Routers,17,1,3,113
Computer Networks,Reading Protocols,21,1,1,324
Computer Networks,Reading Protocols,18,2,2,241
Computer Networks,Lab Simulation,8,3,2,186
Software Engineering,Reading Documentation,9,3,2,225
Computer Networks,Configuring Routers,23,3,1,803
Artificial Intelligence,Writing Code,4,1,1,47
Artificial Intelligence,Model Training,22,2,2,293
Software Engineering,Reading Documentation,6,1,3,35
Artificial Intelligence,Reading Research Papers,4,3,2,94
Software Engineering,System Design,18,3,2,364
Computer Networks,Network Troubleshooting,14,2,2,173
Computer Networks,Lab Simulation,10,2,1,150
Computer Networks,Lab Simulation,11,2,3,115
Computer Networks,Configuring Routers,9,1,3,67
Software Engineering,Reading Documentation,24,2,1,529
Computer Networks,Security Auditing,14,1,3,97
Software Engineering,Writing Code,20,1,2,167
Artificial Intelligence,Reading Research Papers,7,3,2,183
Artificial Intelligence,Writing Code,15,1,3,111
Computer Networks,Configuring Routers,11,2,2,182
Artificial Intelligence,Model Training,6,2,1,81
Artificial Intelligence,Data Preprocessing,5,2,3,52
Computer Networks,Network Troubleshooting,13,2,1,303
Computer Networks,Configuring Routers,9,1,3,55
Artificial Intelligence,Data Preprocessing,23,2,1,379
Artificial Intelligence,Model Training,19,2,1,404
Software Engineering,Writing Code,14,1,1,143
Artificial Intelligence,Math/Algorithm Review,5,2,3,62
Computer Networks,Network Troubleshooting,14,1,1,178
Computer Networks,Configuring Routers,21,2,2,263
Software Engineering,Code Review,6,2,3,44
Artificial Intelligence,Data Preprocessing,10,1,2,104
Computer Networks,Configuring Routers,11,1,1,125
Computer Networks,Lab Simulation,12,2,1,235
Software Engineering,Debugging,20,3,2,388
Artificial Intelligence,Data Preprocessing,14,2,2,252
Computer Networks,Reading Protocols,8,2,3,76
Artificial Intelligence,Model Training,12,2,3,133
Artificial Intelligence,Math/Algorithm Review,1,1,1,11
Artificial Intelligence,Math/Algorithm Review,20,1,3,85
Artificial Intelligence,Math/Algorithm Review,4,2,1,88
Artificial Intelligence,Reading Research Papers,24,2,1,434
Artificial Intelligence,Reading Research Papers,11,2,1,231
Software Engineering,Debugging,21,1,2,196
Artificial Intelligence,Model Training,16,2,1,372
Software Engineering,Code Review,8,2,1,158
Artificial Intelligence,Writing Code,17,1,3,121
Software Engineering,Reading Documentation,3,1,2,32
Software Engineering,Debugging,15,2,3,125
Artificial Intelligence,Reading Research Papers,21,3,3,256
Artificial Intelligence,Writing Code,14,2,3,133
Software Engineering,Code Review,20,2,2,284
Artificial Intelligence,Math/Algorithm Review,1,2,2,12
Artificial Intelligence,Reading Research Papers,9,1,2,92
Software Engineering,Code Review,10,3,2,210
Software Engineering,Reading Documentation,11,2,1,227
Artificial Intelligence,Data Preprocessing,7,3,1,211
Software Engineering,Reading Documentation,21,2,2,335
Artificial Intelligence,Writing Code,6,2,2,105
Software Engineering,Reading Documentation,24,1,3,182
Software Engineering,Debugging,11,1,1,168
Software Engineering,Debugging,7,1,2,78
Software Engineering,System Design,7,1,2,58
Computer Networks,Security Auditing,24,2,2,418
Computer Networks,Lab Simulation,12,2,1,283
Software Engineering,System Design,3,2,3,25
Computer Networks,Configuring Routers,4,2,2,60
Artificial Intelligence,Writing Code,3,2,1,60
Computer Networks,Reading Protocols,10,2,1,252
Computer Networks,Network Troubleshooting,19,2,2,268
Software Engineering,System Design,23,2,2,308
Artificial Intelligence,Data Preprocessing,2,2,2,32
Software Engineering,Reading Documentation,22,3,2,475
Artificial Intelligence,Math/Algorithm Review,2,3,1,39
Software Engineering,System Design,4,3,2,84
Computer Networks,Network Troubleshooting,4,2,3,19
Software Engineering,Code Review,23,3,1,637
Computer Networks,Reading Protocols,9,2,1,189
Software Engineering,Code Review,12,2,2,168
Computer Networks,Lab Simulation,7,1,1,82
Computer Networks,Lab Simulation,20,2,2,325
Computer Networks,Configuring Routers,9,2,1,203
Software Engineering,Reading Documentation,22,3,3,442
Artificial Intelligence,Reading Research Papers,16,2,2,205
Artificial Intelligence,Math/Algorithm Review,7,2,1,126
Software Engineering,Writing Code,8,2,2,89
Artificial Intelligence,Math/Algorithm Review,5,2,2,81
Software Engineering,Code Review,20,3,3,279
Computer Networks,Security Auditing,9,1,2,83
Computer Networks,Configuring Routers,11,2,3,118
Artificial Intelligence,Writing Code,13,2,2,213
Artificial Intelligence,Writing Code,13,2,2,189
Software Engineering,Reading Documentation,7,3,2,141
Computer Networks,Network Troubleshooting,7,1,2,76
Artificial Intelligence,Model Training,11,1,2,78
Computer Networks,Security Auditing,16,2,2,244
Software Engineering,Debugging,14,1,2,153
Computer Networks,Configuring Routers,6,3,1,216
Software Engineering,Debugging,9,2,3,66
Software Engineering,System Design,8,2,1,173
Computer Networks,Configuring Routers,15,3,2,288
Artificial Intelligence,Math/Algorithm Review,2,1,3,12
Software Engineering,Reading Documentation,12,1,1,167
Artificial Intelligence,Writing Code,8,2,1,141
Computer Networks,Lab Simulation,9,1,3,48
Software Engineering,Writing Code,13,1,2,116
Computer Networks,Network Troubleshooting,23,3,1,751
Computer Networks,Reading Protocols,16,2,2,275
Computer Networks,Configuring Routers,22,2,2,363
Computer Networks,Network Troubleshooting,6,2,1,122
Software Engineering,Debugging,16,2,1,252
Artificial Intelligence,Writing Code,4,2,1,70
Software Engineering,Reading Documentation,16,1,1,204
Software Engineering,Debugging,20,3,2,400
Computer Networks,Configuring Routers,24,3,3,376
Software Engineering,Debugging,15,2,3,151
Artificial Intelligence,Writing Code,21,2,2,276
Software Engineering,Code Review,15,2,2,236
Computer Networks,Lab Simulation,18,3,1,304
Software Engineering,Code Review,18,2,2,311
Software Engineering,Debugging,14,1,2,128
Software Engineering,Reading Documentation,17,2,2,261
Computer Networks,Security Auditing,21,1,3,125
Computer Networks,Lab Simulation,16,2,1,387
Artificial Intelligence,Data Preprocessing,20,2,3,166
Artificial Intelligence,Reading Research Papers,4,1,1,49
Computer Networks,Security Auditing,12,1,1,192
Software Engineering,Writing Code,16,1,2,153
Artificial Intelligence,Data Preprocessing,24,2,1,659
Software Engineering,System Design,11,3,1,328
Artificial Intelligence,Reading Research Papers,4,1,1,47
Artificial Intelligence,Writing Code,5,2,2,47
Software Engineering,Reading Documentation,17,1,3,115
Computer Networks,Lab Simulation,22,2,2,342
Artificial Intelligence,Model Training,6,3,2,137
Artificial Intelligence,Data Preprocessing,24,1,2,245
Software Engineering,Writing Code,1,1,1,15
Artificial Intelligence,Model Training,14,2,2,194
Computer Networks,Security Auditing,24,3,1,607
Computer Networks,Lab Simulation,10,2,2,138
Software Engineering,System Design,23,1,2,226
Artificial Intelligence,Writing Code,17,2,2,291
Artificial Intelligence,Model Training,4,2,1,61
Software Engineering,Code Review,7,2,2,83
Artificial Intelligence,Writing Code,5,1,3,31
Software Engineering,System Design,18,2,3,155
Artificial Intelligence,Data Preprocessing,6,2,1,115
Computer Networks,Reading Protocols,9,2,1,159
Artificial Intelligence,Reading Research Papers,5,2,2,85
Software Engineering,System Design,7,2,1,114
Software Engineering,Debugging,11,3,3,175
Software Engineering,Writing Code,22,1,3,159
Artificial Intelligence,Model Training,8,3,2,160
Software Engineering,Debugging,13,2,1,296
Software Engineering,System Design,22,2,1,506
Software Engineering,Debugging,16,3,1,369
Artificial Intelligence,Model Training,21,1,2,198
Computer Networks,Network Troubleshooting,5,3,2,96
Software Engineering,Debugging,11,1,3,72
Software Engineering,System Design,13,2,1,304
Artificial Intelligence,Reading Research Papers,11,3,1,443
Software Engineering,Debugging,19,1,1,241
Computer Networks,Security Auditing,9,1,2,78
Software Engineering,Code Review,21,1,1,290
Software Engineering,Code Review,22,2,2,320
Computer Networks,Reading Protocols,10,1,1,102
Computer Networks,Security Auditing,11,3,1,431
Computer Networks,Lab Simulation,15,3,2,285
Computer Networks,Network Troubleshooting,19,1,1,240
Artificial Intelligence,Math/Algorithm Review,9,2,1,169
Computer Networks,Configuring Routers,23,2,1,458
Computer Networks,Security Auditing,19,2,2,253
Software Engineering,Writing Code,10,2,1,240
Software Engineering,System Design,2,2,1,29
Artificial Intelligence,Model Training,18,2,1,339
Software Engineering,Code Review,16,2,3,137
Software Engineering,Code Review,20,1,3,131
Artificial Intelligence,Math/Algorithm Review,8,2,3,76
Software Engineering,Reading Documentation,8,2,1,224
Computer Networks,Configuring Routers,20,2,1,334
Computer Networks,Network Troubleshooting,13,2,3,103
Software Engineering,Reading Documentation,23,2,2,351
Computer Networks,Network Troubleshooting,14,1,1,182
Computer Networks,Configuring Routers,15,3,3,245
Computer Networks,Network Troubleshooting,14,2,1,317
Software Engineering,System Design,9,2,2,161
Computer Networks,Security Auditing,2,1,2,22
Computer Networks,Configuring Routers,8,2,3,76
Artificial Intelligence,Writing Code,11,1,2,119
Software Engineering,Writing Code,16,1,3,77
Software Engineering,Debugging,9,2,3,86
Artificial Intelligence,Writing Code,3,2,2,37
Software Engineering,Reading Documentation,19,3,2,326
Artificial Intelligence,Math/Algorithm Review,13,2,1,261
Software Engineering,System Design,22,2,1,398
Artificial Intelligence,Writing Code,14,3,1,367
Artificial Intelligence,Data Preprocessing,24,2,1,404
Software Engineering,Reading Documentation,14,2,2,164
Computer Networks,Lab Simulation,18,1,1,229
Artificial Intelligence,Model Training,2,3,2,43
Artificial Intelligence,Model Training,9,2,3,93
Software Engineering,Code Review,23,3,1,689
Software Engineering,System Design,23,2,1,487
Software Engineering,Writing Code,14,1,1,182
Computer Networks,Reading Protocols,5,2,1,114
Artificial Intelligence,Reading Research Papers,7,3,1,208
Artificial Intelligence,Writing Code,21,1,1,301
Software Engineering,Debugging,7,3,2,135
Software Engineering,Debugging,2,2,1,42
Artificial Intelligence,Model Training,10,1,2,106
Computer Networks,Security Auditing,11,3,1,328
Software Engineering,Code Review,7,1,2,75
Artificial Intelligence,Math/Algorithm Review,21,2,1,408
Software Engineering,Reading Documentation,18,2,1,364
Software Engineering,Reading Documentation,7,3,1,226
Artificial Intelligence,Writing Code,8,1,3,59
Software Engineering,System Design,21,3,3,327
Artificial Intelligence,Writing Code,3,1,2,29
Artificial Intelligence,Data Preprocessing,4,2,1,76
Software Engineering,System Design,23,1,2,206
Software Engineering,Reading Documentation,6,3,1,188
Computer Networks,Network Troubleshooting,16,2,1,370
Computer Networks,Reading Protocols,12,2,3,113
Artificial Intelligence,Writing Code,5,2,2,76
Artificial Intelligence,Math/Algorithm Review,2,2,2,26
Artificial Intelligence,Math/Algorithm Review,8,1,3,42
Software Engineering,Reading Documentation,3,2,2,48
Computer Networks,Lab Simulation,2,2,3,23
Artificial Intelligence,Reading Research Papers,9,1,1,111
Software Engineering,Code Review,9,3,3,169
Software Engineering,Debugging,19,2,1,361
Software Engineering,Code Review,21,2,2,224
Artificial Intelligence,Writing Code,4,1,2,44
Artificial Intelligence,Reading Research Papers,13,1,2,139
Software Engineering,Debugging,21,2,1,453
Software Engineering,Writing Code,2,3,1,56
Computer Networks,Security Auditing,9,2,1,162
Computer Networks,Security Auditing,9,2,2,141
Software Engineering,Reading Documentation,23,1,3,150
Computer Networks,Security Auditing,10,1,2,93
Software Engineering,Debugging,5,3,2,146
Software Engineering,System Design,1,2,1,19
Computer Networks,Configuring Routers,11,2,2,179
Artificial Intelligence,Data Preprocessing,23,2,1,503
Software Engineering,Debugging,16,2,1,304
Computer Networks,Security Auditing,15,1,1,178
Software Engineering,Writing Code,16,1,1,261
Computer Networks,Configuring Routers,5,3,1,186
Computer Networks,Network Troubleshooting,3,3,1,112
Software Engineering,Code Review,24,1,3,150
Artificial Intelligence,Data Preprocessing,2,2,1,40
Software Engineering,Code Review,19,2,1,380
Artificial Intelligence,Data Preprocessing,18,2,3,172
Artificial Intelligence,Reading Research Papers,6,2,3,62
Software Engineering,System Design,21,3,1,667
Computer Networks,Security Auditing,15,3,1,481
Computer Networks,Reading Protocols,22,3,2,393
Software Engineering,Writing Code,3,1,2,30
Artificial Intelligence,Math/Algorithm Review,6,2,2,90
Software Engineering,Reading Documentation,18,3,1,551
Artificial Intelligence,Model Training,15,1,2,144
Artificial Intelligence,Model Training,20,2,1,407
Artificial Intelligence,Model Training,19,3,2,382
Software Engineering,Writing Code,22,1,3,126
Software Engineering,Code Review,16,2,2,286
Software Engineering,Writing Code,4,1,1,61
Computer Networks,Lab Simulation,24,1,2,166
Artificial Intelligence,Data Preprocessing,7,2,1,137
Software Engineering,Writing Code,16,3,2,302
Computer Networks,Network Troubleshooting,4,2,2,44
Artificial Intelligence,Writing Code,22,1,3,142
Software Engineering,Code Review,4,2,1,89
Software Engineering,System Design,3,2,1,54
Computer Networks,Reading Protocols,12,2,3,132
Computer Networks,Lab Simulation,13,2,2,168
Artificial Intelligence,Math/Algorithm Review,13,2,2,207
Software Engineering,Reading Documentation,16,2,1,265
Software Engineering,Debugging,8,1,2,84
Artificial Intelligence,Writing Code,15,1,3,93
Computer Networks,Security Auditing,17,1,2,120
Computer Networks,Lab Simulation,6,2,1,129
Software Engineering,System Design,21,2,3,229
Software Engineering,Writing Code,1,2,2,13
Artificial Intelligence,Reading Research Papers,22,2,2,382
Software Engineering,Code Review,22,1,2,211
Software Engineering,Writing Code,23,2,2,348
Artificial Intelligence,Math/Algorithm Review,17,2,2,281
Computer Networks,Network Troubleshooting,22,3,1,898
Computer Networks,Configuring Routers,16,3,2,308
Computer Networks,Lab Simulation,2,2,2,36
Software Engineering,Debugging,4,1,3,32
Computer Networks,Reading Protocols,10,1,2,83
Computer Networks,Security Auditing,2,2,3,18
Artificial Intelligence,Writing Code,23,2,1,544
Computer Networks,Configuring Routers,17,2,2,267
Computer Networks,Reading Protocols,18,2,1,267
Software Engineering,System Design,12,2,1,260
Software Engineering,Code Review,7,1,3,49
Artificial Intelligence,Writing Code,16,1,3,133
Artificial Intelligence,Writing Code,21,2,2,245
Artificial Intelligence,Data Preprocessing,7,2,3,59
Software Engineering,Writing Code,12,1,2,115
Artificial Intelligence,Reading Research Papers,21,2,2,320
Artificial Intelligence,Reading Research Papers,17,2,2,249
Computer Networks,Security Auditing,11,1,2,126
Computer Networks,Lab Simulation,21,3,1,731
Computer Networks,Configuring Routers,24,2,2,269
Artificial Intelligence,Math/Algorithm Review,10,3,1,313
Software Engineering,Reading Documentation,4,2,2,63
Computer Networks,Configuring Routers,11,2,1,202
Software Engineering,Code Review,7,2,1,137
Computer Networks,Configuring Routers,17,1,1,275
Artificial Intelligence,Math/Algorithm Review,7,1,2,77
Computer Networks,Lab Simulation,9,1,2,96
Artificial Intelligence,Reading Research Papers,5,1,3,30
Software Engineering,Code Review,17,3,2,433
Artificial Intelligence,Data Preprocessing,24,1,2,263
Software Engineering,Debugging,18,2,1,455
Software Engineering,Writing Code,14,1,2,147
Computer Networks,Lab Simulation,19,3,2,329
Software Engineering,Writing Code,18,2,1,383
Artificial Intelligence,Writing Code,10,3,1,306
Software Engineering,Reading Documentation,3,2,3,30
Artificial Intelligence,Reading Research Papers,1,1,3,7
Software Engineering,System Design,24,2,3,251
Computer Networks,Security Auditing,3,3,1,96
Artificial Intelligence,Model Training,21,2,1,515
Artificial Intelligence,Writing Code,19,2,2,268
Software Engineering,Code Review,11,2,1,285
Software Engineering,Debugging,18,2,2,227
Computer Networks,Reading Protocols,17,3,1,547
Computer Networks,Reading Protocols,14,1,2,164
Software Engineering,Writing Code,9,3,2,191
Software Engineering,Writing Code,6,3,1,214
Computer Networks,Configuring Routers,13,2,2,226
Artificial Intelligence,Writing Code,12,1,1,182
Computer Networks,Network Troubleshooting,1,1,3,6
Computer Networks,Security Auditing,22,1,1,226
Artificial Intelligence,Data Preprocessing,5,2,2,57
Software Engineering,Debugging,18,1,2,158
Software Engineering,Code Review,16,1,1,204
Software Engineering,Reading Documentation,18,1,1,255
Software Engineering,Reading Documentation,10,2,3,109
Artificial Intelligence,Reading Research Papers,1,2,3,13
Software Engineering,System Design,16,2,2,174
Computer Networks,Security Auditing,15,3,2,298
Computer Networks,Lab Simulation,20,1,2,169
Computer Networks,Configuring Routers,11,3,2,157
Software Engineering,System Design,10,2,3,121
Artificial Intelligence,Math/Algorithm Review,18,3,1,523
Software Engineering,Writing Code,2,2,2,23
Software Engineering,Code Review,15,2,1,311
Computer Networks,Network Troubleshooting,22,3,1,531
Computer Networks,Network Troubleshooting,2,1,2,16
Computer Networks,Reading Protocols,8,1,1,86
Artificial Intelligence,Writing Code,14,1,2,115
Software Engineering,System Design,21,2,2,260
Software Engineering,Reading Documentation,13,2,2,159
Artificial Intelligence,Model Training,7,1,1,73
Computer Networks,Lab Simulation,10,2,1,171
Software Engineering,Reading Documentation,8,3,1,241
Artificial Intelligence,Reading Research Papers,2,2,1,31
Software Engineering,Writing Code,20,3,2,511
Software Engineering,Writing Code,24,1,3,141
Software Engineering,Debugging,18,2,1,352
Artificial Intelligence,Model Training,9,2,1,161
Software Engineering,Writing Code,15,1,1,185
Computer Networks,Security Auditing,7,3,2,155
Computer Networks,Lab Simulation,16,2,1,348
Software Engineering,Writing Code,17,1,1,240
Computer Networks,Network Troubleshooting,5,1,2,49
Computer Networks,Reading Protocols,12,2,2,159
Computer Networks,Reading Protocols,23,1,3,163
Software Engineering,Writing Code,20,1,2,163
Artificial Intelligence,Model Training,17,2,1,355
Computer Networks,Reading Protocols,13,1,3,93
Software Engineering,System Design,5,3,2,108
Artificial Intelligence,Writing Code,23,1,2,191
Computer Networks,Security Auditing,15,3,1,544
Software Engineering,Writing Code,16,3,2,353
Artificial Intelligence,Writing Code,11,3,2,280
Software Engineering,Writing Code,9,2,3,83
Software Engineering,Writing Code,3,2,1,62
Artificial Intelligence,Reading Research Papers,2,2,3,23
Artificial Intelligence,Reading Research Papers,4,1,3,31
Computer Networks,Security Auditing,3,2,1,68
Software Engineering,Reading Documentation,6,2,2,66
Computer Networks,Reading Protocols,1,3,2,17
Software Engineering,Writing Code,5,1,3,26
Artificial Intelligence,Writing Code,7,1,2,47
Computer Networks,Configuring Routers,12,2,2,208
Computer Networks,Reading Protocols,6,3,1,162
Software Engineering,Debugging,1,2,1,16
Computer Networks,Network Troubleshooting,24,3,1,505
Artificial Intelligence,Writing Code,22,2,1,461
Software Engineering,System Design,10,3,3,145
Software Engineering,Debugging,8,1,1,142
Artificial Intelligence,Data Preprocessing,9,2,3,75
Artificial Intelligence,Data Preprocessing,22,2,2,290
Software Engineering,System Design,18,3,3,274
Software Engineering,Code Review,19,3,3,189
Software Engineering,Reading Documentation,23,1,1,235
Artificial Intelligence,Model Training,7,2,2,105
Software Engineering,Code Review,19,2,2,258
Software Engineering,Writing Code,10,3,2,165
Software Engineering,System Design,19,2,2,282
Artificial Intelligence,Data Preprocessing,7,2,2,103
Computer Networks,Lab Simulation,19,2,2,309
Software Engineering,Reading Documentation,19,3,2,418
Artificial Intelligence,Math/Algorithm Review,10,2,2,132
Software Engineering,Code Review,24,2,2,434
Software Engineering,Code Review,21,1,2,144
Computer Networks,Configuring Routers,5,2,1,89
Artificial Intelligence,Math/Algorithm Review,15,2,2,239
Computer Networks,Reading Protocols,8,1,1,89
Computer Networks,Reading Protocols,20,3,1,623
Software Engineering,System Design,15,2,1,238
Computer Networks,Lab Simulation,9,3,3,145
Artificial Intelligence,Math/Algorithm Review,19,2,1,320
Computer Networks,Network Troubleshooting,14,2,3,139
Artificial Intelligence,Writing Code,14,1,2,128
Software Engineering,System Design,11,3,1,352
Artificial Intelligence,Data Preprocessing,13,2,1,223
Artificial Intelligence,Writing Code,17,3,2,351
Artificial Intelligence,Model Training,24,1,2,251
Artificial Intelligence,Writing Code,23,1,1,268
Software Engineering,Code Review,1,2,2,15
Artificial Intelligence,Math/Algorithm Review,18,2,2,211
Software Engineering,Reading Documentation,22,1,3,142
Software Engineering,Writing Code,13,3,3,152
Software Engineering,Code Review,12,2,1,299
Artificial Intelligence,Data Preprocessing,6,3,3,84
Software Engineering,System Design,20,1,2,260
Computer Networks,Lab Simulation,8,2,2,110
Computer Networks,Lab Simulation,5,1,3,34
Software Engineering,Debugging,20,2,2,309
Software Engineering,Debugging,3,2,1,60
Computer Networks,Network Troubleshooting,13,1,2,132
Software Engineering,Debugging,24,3,2,622
Software Engineering,Writing Code,8,3,1,308
Computer Networks,Security Auditing,13,3,3,157
Artificial Intelligence,Reading Research Papers,19,2,2,289
Computer Networks,Configuring Routers,3,3,2,73
Computer Networks,Lab Simulation,8,1,3,42
Computer Networks,Reading Protocols,8,2,1,151
Computer Networks,Network Troubleshooting,3,2,2,44
Computer Networks,Network Troubleshooting,16,1,3,119
Computer Networks,Lab Simulation,5,1,2,40
Software Engineering,System Design,13,2,2,185
Computer Networks,Security Auditing,3,1,3,18
Software Engineering,System Design,10,2,3,126
Artificial Intelligence,Writing Code,4,3,2,87
Artificial Intelligence,Math/Algorithm Review,21,2,3,188
Artificial Intelligence,Writing Code,6,2,2,98
Software Engineering,System Design,14,2,2,184
Software Engineering,Debugging,24,2,3,268
Artificial Intelligence,Writing Code,6,2,3,63
Software Engineering,Debugging,16,2,1,336
Artificial Intelligence,Data Preprocessing,9,2,3,82
Artificial Intelligence,Model Training,12,1,1,193
Artificial Intelligence,Math/Algorithm Review,22,2,1,394
Software Engineering,Reading Documentation,4,1,1,53
Artificial Intelligence,Model Training,6,2,2,109
Artificial Intelligence,Reading Research Papers,13,2,2,193
Computer Networks,Lab Simulation,23,3,2,518
Artificial Intelligence,Writing Code,5,1,1,60
Artificial Intelligence,Writing Code,3,3,1,121
Software Engineering,System Design,15,1,2,146
Computer Networks,Reading Protocols,13,3,3,198
Computer Networks,Network Troubleshooting,21,3,3,349
Artificial Intelligence,Writing Code,24,2,2,404
Artificial Intelligence,Reading Research Papers,19,1,3,107
Artificial Intelligence,Reading Research Papers,6,2,2,62
Software Engineering,Writing Code,19,1,2,163
Artificial Intelligence,Math/Algorithm Review,17,2,2,235
Software Engineering,Writing Code,19,2,3,234
Software Engineering,Reading Documentation,16,2,2,145
Software Engineering,System Design,17,2,2,174
Artificial Intelligence,Writing Code,24,1,2,238
Software Engineering,Writing Code,23,1,2,221
Software Engineering,System Design,14,1,2,120
Computer Networks,Configuring Routers,18,1,3,126
Computer Networks,Reading Protocols,8,2,1,117
Artificial Intelligence,Model Training,16,2,2,261
Software Engineering,System Design,13,2,1,223
Software Engineering,Reading Documentation,15,2,1,261
Computer Networks,Reading Protocols,24,2,2,405
Computer Networks,Network Troubleshooting,10,1,2,99
Computer Networks,Configuring Routers,18,2,2,279
Computer Networks,Lab Simulation,18,1,3,144
Artificial Intelligence,Model Training,13,2,1,231
Computer Networks,Network Troubleshooting,22,3,3,371
Artificial Intelligence,Data Preprocessing,1,3,1,27
Computer Networks,Lab Simulation,12,1,2,134
Artificial Intelligence,Reading Research Papers,4,2,3,32
Software Engineering,System Design,6,1,2,50
Software Engineering,Reading Documentation,10,2,1,164
Software Engineering,Writing Code,10,2,1,194
Software Engineering,System Design,3,2,2,50
Computer Networks,Lab Simulation,24,2,1,410
Software Engineering,Debugging,9,1,3,50
Artificial Intelligence,Writing Code,15,1,1,163
Computer Networks,Security Auditing,24,1,1,314
Software Engineering,Reading Documentation,18,1,1,228
Artificial Intelligence,Model Training,6,1,3,44
Software Engineering,Code Review,17,1,2,136
Artificial Intelligence,Writing Code,4,3,1,138
Artificial Intelligence,Writing Code,7,3,1,236
Computer Networks,Reading Protocols,18,1,2,156
Software Engineering,Debugging,13,1,2,128
Software Engineering,System Design,16,3,2,333
Computer Networks,Network Troubleshooting,22,1,2,201
Artificial Intelligence,Reading Research Papers,13,2,1,267
Software Engineering,Debugging,19,1,2,228
Computer Networks,Lab Simulation,2,3,1,57
Computer Networks,Lab Simulation,11,2,1,210
Software Engineering,Writing Code,17,2,1,322
Software Engineering,System Design,3,2,1,55
Software Engineering,System Design,24,2,1,533
Software Engineering,Writing Code,9,3,2,217
Artificial Intelligence,Writing Code,5,2,2,73
Artificial Intelligence,Model Training,8,1,2,78
Computer Networks,Security Auditing,16,2,2,212
Artificial Intelligence,Writing Code,13,1,1,137
Software Engineering,Reading Documentation,19,2,1,464
Computer Networks,Configuring Routers,21,3,3,292
Software Engineering,System Design,11,2,1,250
Artificial Intelligence,Model Training,2,3,2,34
Software Engineering,System Design,16,1,2,136
Computer Networks,Lab Simulation,24,2,2,300
Artificial Intelligence,Math/Algorithm Review,24,3,2,490
Computer Networks,Security Auditing,13,2,1,253
Software Engineering,System Design,6,3,3,119
Software Engineering,Debugging,3,2,1,65
Artificial Intelligence,Writing Code,14,1,1,168
Computer Networks,Lab Simulation,4,2,1,77
Software Engineering,System Design,5,3,1,171
Software Engineering,Code Review,11,1,2,90
Computer Networks,Security Auditing,14,3,3,166
Computer Networks,Lab Simulation,23,1,1,326
Software Engineering,Writing Code,10,3,2,147
Software Engineering,Debugging,6,2,2,83
Software Engineering,Reading Documentation,2,2,3,22
Artificial Intelligence,Reading Research Papers,9,2,1,188
Computer Networks,Lab Simulation,5,3,2,106
Artificial Intelligence,Reading Research Papers,12,2,2,193
Software Engineering,System Design,10,2,3,96
Computer Networks,Network Troubleshooting,10,2,1,264
Artificial Intelligence,Writing Code,9,2,1,217
Software Engineering,Code Review,2,1,1,23
Software Engineering,Reading Documentation,19,1,2,158
Artificial Intelligence,Writing Code,14,2,1,312
Computer Networks,Security Auditing,8,2,1,151
Software Engineering,Code Review,17,2,2,233
Artificial Intelligence,Model Training,20,1,1,264
Computer Networks,Network Troubleshooting,12,2,1,267
Artificial Intelligence,Model Training,6,2,1,110
Artificial Intelligence,Reading Research Papers,3,2,2,49
Artificial Intelligence,Data Preprocessing,1,2,3,11
Artificial Intelligence,Math/Algorithm Review,5,3,3,78
Software Engineering,Debugging,6,1,3,35
Artificial Intelligence,Writing Code,11,3,1,327
Computer Networks,Security Auditing,2,3,1,48
Computer Networks,Reading Protocols,3,1,2,28
Software Engineering,Reading Documentation,20,2,3,212
Software Engineering,Code Review,15,2,2,165
Computer Networks,Configuring Routers,17,2,3,177
Artificial Intelligence,Reading Research Papers,23,2,2,269
Computer Networks,Security Auditing,17,1,1,237
Artificial Intelligence,Model Training,24,1,1,396
Computer Networks,Reading Protocols,4,2,2,76
Software Engineering,Reading Documentation,4,2,1,76
Software Engineering,Code Review,6,2,2,63
Software Engineering,Debugging,5,1,2,51
Artificial Intelligence,Data Preprocessing,3,3,3,46
Artificial Intelligence,Model Training,17,1,3,98
Software Engineering,Reading Documentation,19,2,3,214
Computer Networks,Lab Simulation,19,2,2,396
Software Engineering,Reading Documentation,23,1,1,305
Artificial Intelligence,Model Training,2,1,1,23
Artificial Intelligence,Writing Code,4,1,1,59
Software Engineering,Writing Code,19,3,3,371
Computer Networks,Configuring Routers,17,1,1,199
Computer Networks,Configuring Routers,7,1,2,66
Software Engineering,Debugging,9,3,3,134
Computer Networks,Security Auditing,24,2,3,232
Artificial Intelligence,Reading Research Papers,6,1,3,43
Computer Networks,Network Troubleshooting,10,2,2,141
Software Engineering,Reading Documentation,19,2,3,104
Software Engineering,Debugging,4,2,2,43
Computer Networks,Lab Simulation,18,1,1,304
Computer Networks,Lab Simulation,9,2,2,142
Artificial Intelligence,Data Preprocessing,22,2,3,189
Software Engineering,Debugging,7,3,2,152
Computer Networks,Security Auditing,13,3,2,213
Computer Networks,Network Troubleshooting,13,2,2,146
Software Engineering,Debugging,9,3,1,321
Artificial Intelligence,Writing Code,6,1,2,48
Computer Networks,Configuring Routers,16,1,2,144
Computer Networks,Reading Protocols,18,2,3,185
Computer Networks,Lab Simulation,1,3,3,15
Computer Networks,Network Troubleshooting,12,2,3,91
Software Engineering,System Design,7,1,2,80
Computer Networks,Lab Simulation,4,1,2,33
Artificial Intelligence,Reading Research Papers,13,1,2,149
Software Engineering,Code Review,8,2,3,82
Software Engineering,Debugging,5,2,2,68
Computer Networks,Lab Simulation,5,2,1,111
Artificial Intelligence,Math/Algorithm Review,17,2,2,277
Computer Networks,Lab Simulation,4,2,2,80
Artificial Intelligence,Model Training,17,3,3,271
Computer Networks,Configuring Routers,20,2,2,280
Computer Networks,Configuring Routers,22,1,3,161
Computer Networks,Reading Protocols,5,2,2,71
Artificial Intelligence,Reading Research Papers,3,2,3,25
Software Engineering,Reading Documentation,12,2,2,135
Software Engineering,Debugging,23,1,1,363
Computer Networks,Reading Protocols,22,2,3,205
Computer Networks,Reading Protocols,5,1,2,47
Software Engineering,Reading Documentation,3,1,1,42
Software Engineering,Writing Code,8,1,3,50
Artificial Intelligence,Writing Code,14,2,3,174
Software Engineering,System Design,6,2,2,79
Artificial Intelligence,Reading Research Papers,6,2,1,117
Artificial Intelligence,Model Training,9,1,3,58
Computer Networks,Lab Simulation,3,1,1,49
Computer Networks,Reading Protocols,15,2,1,340
Software Engineering,Reading Documentation,5,1,3,33
Computer Networks,Configuring Routers,13,2,3,107
Computer Networks,Security Auditing,9,3,2,184
Software Engineering,System Design,7,3,3,101
Artificial Intelligence,Math/Algorithm Review,4,2,1,81
Software Engineering,Code Review,17,3,3,310
Software Engineering,Code Review,19,2,1,407
Software Engineering,Reading Documentation,8,3,2,169
Software Engineering,System Design,23,2,2,329
Computer Networks,Reading Protocols,15,2,3,174
Computer Networks,Lab Simulation,16,2,2,242
Computer Networks,Lab Simulation,3,2,2,43
Artificial Intelligence,Reading Research Papers,21,2,1,443
Computer Networks,Security Auditing,13,2,1,233
Computer Networks,Lab Simulation,13,2,2,161
Software Engineering,System Design,1,2,2,15
Artificial Intelligence,Data Preprocessing,22,1,3,166
Software Engineering,System Design,18,3,3,278
Artificial Intelligence,Math/Algorithm Review,14,3,2,301
Artificial Intelligence,Math/Algorithm Review,6,1,2,52
Computer Networks,Lab Simulation,20,1,2,170
Software Engineering,Reading Documentation,23,3,2,660
Computer Networks,Reading Protocols,9,2,2,94
Software Engineering,Reading Documentation,18,2,2,242
Software Engineering,Code Review,12,3,3,212
Artificial Intelligence,Reading Research Papers,10,1,3,59
Software Engineering,System Design,7,2,2,100
Computer Networks,Network Troubleshooting,16,1,1,240
Artificial Intelligence,Model Training,6,3,1,151
Computer Networks,Network Troubleshooting,14,1,1,203
Artificial Intelligence,Math/Algorithm Review,19,2,2,348
Software Engineering,Debugging,10,2,1,165
Artificial Intelligence,Writing Code,3,1,1,39
Software Engineering,System Design,18,2,3,212
Software Engineering,Debugging,9,1,1,76
Artificial Intelligence,Reading Research Papers,10,2,2,163
Computer Networks,Lab Simulation,17,2,3,191
Software Engineering,System Design,8,1,2,77
Computer Networks,Security Auditing,3,2,3,41
Computer Networks,Network Troubleshooting,11,1,1,110
Computer Networks,Reading Protocols,3,2,2,48
Artificial Intelligence,Reading Research Papers,3,3,1,76
Software Engineering,Code Review,21,2,1,353
Artificial Intelligence,Data Preprocessing,15,2,3,139
Computer Networks,Reading Protocols,19,3,1,524
Artificial Intelligence,Model Training,11,1,1,129
Computer Networks,Lab Simulation,8,3,2,168
Computer Networks,Security Auditing,12,2,1,275
Computer Networks,Configuring Routers,13,1,1,204
Computer Networks,Lab Simulation,16,1,3,94
Software Engineering,System Design,3,2,2,40
Artificial Intelligence,Math/Algorithm Review,2,3,3,32
Software Engineering,System Design,23,2,1,441
Software Engineering,Code Review,15,3,1,399
Artificial Intelligence,Writing Code,15,3,1,490
Artificial Intelligence,Writing Code,9,1,1,120
Artificial Intelligence,Writing Code,6,1,1,75
Computer Networks,Network Troubleshooting,2,2,1,38
Computer Networks,Network Troubleshooting,7,2,3,67
Artificial Intelligence,Model Training,5,2,2,63
Software Engineering,Writing Code,7,2,1,116
Software Engineering,Reading Documentation,22,2,2,375
Computer Networks,Reading Protocols,8,2,2,102
Software Engineering,Debugging,23,2,2,290
Artificial Intelligence,Writing Code,11,1,3,95
Software Engineering,System Design,21,2,2,339
Artificial Intelligence,Model Training,17,2,1,316
Computer Networks,Security Auditing,18,2,1,302
Artificial Intelligence,Data Preprocessing,2,1,2,18
Computer Networks,Security Auditing,5,2,1,98
Software Engineering,Debugging,7,1,2,75
Artificial Intelligence,Reading Research Papers,2,3,2,46
Computer Networks,Configuring Routers,12,2,3,84
Artificial Intelligence,Writing Code,3,1,1,35
Artificial Intelligence,Data Preprocessing,8,3,2,194
Computer Networks,Security Auditing,21,2,1,495
Artificial Intelligence,Model Training,8,2,1,141
Computer Networks,Security Auditing,6,3,2,85
Software Engineering,Writing Code,15,2,3,164
Artificial Intelligence,Writing Code,16,1,1,192
Software Engineering,Debugging,17,2,1,343
Computer Networks,Reading Protocols,8,2,2,137
Computer Networks,Network Troubleshooting,8,1,1,121
Software Engineering,Reading Documentation,16,1,2,184
Software Engineering,Reading Documentation,3,1,1,37
Software Engineering,Code Review,22,1,2,239
Software Engineering,Reading Documentation,16,2,2,237
Computer Networks,Security Auditing,13,2,2,209
Computer Networks,Configuring Routers,7,2,2,101
Computer Networks,Reading Protocols,1,2,3,12
Software Engineering,System Design,20,1,1,297
Computer Networks,Security Auditing,5,3,2,123
Artificial Intelligence,Math/Algorithm Review,24,2,1,382
Software Engineering,Reading Documentation,13,3,1,383
Artificial Intelligence,Math/Algorithm Review,3,1,1,42
Artificial Intelligence,Reading Research Papers,15,2,2,253
Software Engineering,Reading Documentation,11,2,2,155
Artificial Intelligence,Math/Algorithm Review,18,1,2,155
Software Engineering,Debugging,24,1,1,298
Artificial Intelligence,Model Training,2,3,1,52
Computer Networks,Configuring Routers,17,2,1,347
Computer Networks,Security Auditing,18,3,1,457
Computer Networks,Configuring Routers,23,2,1,302
Computer Networks,Configuring Routers,17,3,1,539
Artificial Intelligence,Data Preprocessing,10,2,1,210
Computer Networks,Lab Simulation,18,1,2,173
Computer Networks,Lab Simulation,11,3,2,305
Computer Networks,Network Troubleshooting,16,1,2,155
Computer Networks,Security Auditing,10,2,1,178
Software Engineering,Debugging,3,2,1,48
Computer Networks,Reading Protocols,20,1,2,202
Artificial Intelligence,Reading Research Papers,15,2,1,282
Artificial Intelligence,Writing Code,13,2,1,241
Computer Networks,Configuring Routers,7,2,2,92
Artificial Intelligence,Reading Research Papers,12,2,1,192
Software Engineering,Reading Documentation,4,2,3,43
Software Engineering,System Design,12,3,2,302
Software Engineering,Debugging,11,2,2,177
Software Engineering,Debugging,10,2,1,208
Computer Networks,Lab Simulation,2,2,1,48
Computer Networks,Reading Protocols,8,1,2,80
Artificial Intelligence,Data Preprocessing,7,2,2,86
Artificial Intelligence,Model Training,18,2,2,189
Software Engineering,System Design,22,2,2,217
Artificial Intelligence,Writing Code,13,1,2,121
Computer Networks,Network Troubleshooting,13,2,1,245
Software Engineering,Debugging,24,2,1,534
Software Engineering,Debugging,19,1,2,121
Computer Networks,Security Auditing,10,1,1,164
Computer Networks,Network Troubleshooting,18,1,2,152
Software Engineering,System Design,4,2,2,48
Software Engineering,Debugging,20,2,2,258
Artificial Intelligence,Model Training,4,2,2,65
Artificial Intelligence,Math/Algorithm Review,21,2,1,329
Computer Networks,Network Troubleshooting,5,2,1,94
Artificial Intelligence,Writing Code,13,2,2,205
Computer Networks,Lab Simulation,6,2,1,138
Software Engineering,Code Review,22,2,1,467
Artificial Intelligence,Reading Research Papers,17,1,1,234
Computer Networks,Network Troubleshooting,18,2,2,194
Computer Networks,Lab Simulation,9,2,3,86
Software Engineering,System Design,6,3,2,115
Computer Networks,Reading Protocols,8,1,2,80
Computer Networks,Reading Protocols,8,3,1,228
Computer Networks,Configuring Routers,7,3,3,90
Computer Networks,Configuring Routers,1,2,1,20
Computer Networks,Reading Protocols,18,2,2,312
Computer Networks,Network Troubleshooting,8,3,1,222
Software Engineering,Code Review,9,1,1,127
Software Engineering,Reading Documentation,12,2,1,176
Artificial Intelligence,Math/Algorithm Review,23,2,1,481
Computer Networks,Reading Protocols,8,1,1,115
Artificial Intelligence,Model Training,9,2,1,167
Computer Networks,Network Troubleshooting,18,2,1,429
Software Engineering,Code Review,4,2,2,39
Computer Networks,Network Troubleshooting,6,2,2,91
Software Engineering,Debugging,8,1,2,52
Software Engineering,Debugging,5,2,2,82
Software Engineering,Debugging,22,2,3,210
Computer Networks,Configuring Routers,15,3,1,402
Artificial Intelligence,Writing Code,17,2,2,196
Artificial Intelligence,Model Training,23,1,1,294
Artificial Intelligence,Data Preprocessing,9,3,2,183
Software Engineering,Reading Documentation,9,3,2,204
Computer Networks,Security Auditing,22,2,1,462
Software Engineering,Writing Code,3,2,3,27
Software Engineering,System Design,15,2,1,353
Computer Networks,Security Auditing,1,3,2,21
Artificial Intelligence,Model Training,24,1,2,270
Computer Networks,Configuring Routers,3,1,2,32
Software Engineering,Writing Code,14,2,2,244
Computer Networks,Reading Protocols,7,3,1,168
Computer Networks,Security Auditing,19,2,3,218
Computer Networks,Security Auditing,10,3,1,336
Computer Networks,Lab Simulation,22,2,3,235
Software Engineering,Reading Documentation,19,1,2,198
Computer Networks,Lab Simulation,12,3,1,427
Software Engineering,System Design,18,1,1,185
Computer Networks,Lab Simulation,21,2,1,338
Computer Networks,Reading Protocols,8,2,1,172
Computer Networks,Configuring Routers,16,2,1,349
Software Engineering,System Design,8,3,3,85
Artificial Intelligence,Data Preprocessing,4,1,2,26
Software Engineering,Reading Documentation,18,1,1,211
Computer Networks,Network Troubleshooting,16,2,3,116
Software Engineering,Code Review,19,2,2,236
Software Engineering,Debugging,3,1,1,47
Computer Networks,Configuring Routers,13,3,1,276
Software Engineering,System Design,21,1,2,232
Artificial Intelligence,Writing Code,1,2,1,17
Artificial Intelligence,Math/Algorithm Review,17,1,2,170
Artificial Intelligence,Model Training,9,1,3,62
Artificial Intelligence,Reading Research Papers,23,2,2,429
Software Engineering,System Design,5,2,2,82
Artificial Intelligence,Data Preprocessing,21,2,1,401
Software Engineering,Debugging,21,3,2,455
Computer Networks,Configuring Routers,15,1,1,212
Computer Networks,Network Troubleshooting,8,2,3,88
Software Engineering,Code Review,9,1,2,66
Software Engineering,System Design,13,2,3,142
Artificial Intelligence,Data Preprocessing,20,2,2,286
Artificial Intelligence,Math/Algorithm Review,24,2,2,353
Software Engineering,Writing Code,1,3,1,25
Artificial Intelligence,Writing Code,24,2,1,374
Artificial Intelligence,Model Training,4,1,2,47
Computer Networks,Configuring Routers,15,1,2,144
Computer Networks,Reading Protocols,5,1,2,40
Software Engineering,Debugging,12,1,2,130
Software Engineering,System Design,5,2,1,124
Computer Networks,Lab Simulation,10,2,1,230
Software Engineering,Reading Documentation,19,3,1,663
Software Engineering,Code Review,9,2,1,225
Software Engineering,Code Review,21,1,2,181
Software Engineering,Debugging,17,1,1,265
Artificial Intelligence,Model Training,15,2,2,245
Artificial Intelligence,Data Preprocessing,14,1,1,216
Computer Networks,Reading Protocols,20,3,1,556
Artificial Intelligence,Model Training,12,2,2,196
Artificial Intelligence,Writing Code,6,3,2,125
Computer Networks,Network Troubleshooting,14,2,2,167
Software Engineering,Writing Code,9,2,1,144
Computer Networks,Reading Protocols,24,2,1,498
Computer Networks,Security Auditing,8,2,3,72
Software Engineering,Debugging,17,2,2,228
Artificial Intelligence,Data Preprocessing,8,2,2,115
Artificial Intelligence,Data Preprocessing,8,2,3,69
Software Engineering,Code Review,1,1,1,11
Software Engineering,System Design,4,1,1,76
Artificial Intelligence,Data Preprocessing,3,1,2,33
Computer Networks,Network Troubleshooting,2,1,2,23
Computer Networks,Security Auditing,6,2,1,130
Software Engineering,System Design,20,2,1,410
Artificial Intelligence,Data Preprocessing,15,2,1,220
Computer Networks,Configuring Routers,23,1,1,336
Artificial Intelligence,Data Preprocessing,4,1,2,35
Software Engineering,Code Review,24,2,1,582
Artificial Intelligence,Data Preprocessing,10,2,2,101
Software Engineering,Debugging,10,2,2,183
Software Engineering,Writing Code,24,2,1,494
Computer Networks,Network Troubleshooting,11,1,1,146
Artificial Intelligence,Writing Code,24,2,1,625
Computer Networks,Security Auditing,16,1,3,108
Software Engineering,Writing Code,4,1,2,36
Computer Networks,Lab Simulation,22,2,3,244
Artificial Intelligence,Model Training,4,1,2,44
Computer Networks,Security Auditing,10,1,3,60
Software Engineering,Writing Code,22,2,2,271
Artificial Intelligence,Writing Code,16,3,3,293
Software Engineering,Reading Documentation,23,1,1,328
Software Engineering,Debugging,13,1,3,88
Software Engineering,System Design,17,2,2,350
Software Engineering,System Design,13,1,3,87
Computer Networks,Configuring Routers,16,2,1,217
Computer Networks,Security Auditing,5,1,1,54
Artificial Intelligence,Data Preprocessing,19,3,2,436
Software Engineering,Code Review,5,2,2,68
Artificial Intelligence,Model Training,1,2,2,14
Software Engineering,Reading Documentation,18,3,2,399
Artificial Intelligence,Model Training,13,2,2,193
Artificial Intelligence,Model Training,13,2,2,159
Computer Networks,Security Auditing,2,3,2,35
Software Engineering,Debugging,14,2,3,143
Software Engineering,Debugging,24,1,1,345
Computer Networks,Security Auditing,8,2,2,155
Computer Networks,Lab Simulation,7,1,3,53
Computer Networks,Network Troubleshooting,12,2,2,214
Artificial Intelligence,Writing Code,24,2,1,450
Artificial Intelligence,Data Preprocessing,14,2,1,306
Software Engineering,System Design,23,1,2,202
Computer Networks,Network Troubleshooting,22,2,2,390
Software Engineering,Reading Documentation,3,2,2,45
Software Engineering,Debugging,8,1,3,55
Software Engineering,Code Review,24,3,2,544
Software Engineering,Code Review,12,2,3,123
Software Engineering,Reading Documentation,16,2,2,203
Artificial Intelligence,Data Preprocessing,16,2,1,324
Computer Networks,Network Troubleshooting,5,3,3,53
Software Engineering,System Design,3,3,3,34
Computer Networks,Security Auditing,14,2,1,253
Artificial Intelligence,Math/Algorithm Review,9,3,1,329
Artificial Intelligence,Math/Algorithm Review,13,1,3,108
Computer Networks,Lab Simulation,10,2,3,100
Software Engineering,Writing Code,20,2,1,383
Software Engineering,Writing Code,2,1,3,14
Computer Networks,Reading Protocols,13,2,2,199
Computer Networks,Network Troubleshooting,8,3,2,192
Computer Networks,Security Auditing,20,2,1,432
Artificial Intelligence,Math/Algorithm Review,9,2,2,116
Software Engineering,Debugging,4,1,1,49
Computer Networks,Network Troubleshooting,9,2,2,120
Artificial Intelligence,Data Preprocessing,4,2,2,48
Artificial Intelligence,Model Training,23,1,2,262
Computer Networks,Network Troubleshooting,10,2,2,159
Computer Networks,Configuring Routers,20,1,1,219
Software Engineering,Debugging,7,2,1,132
Software Engineering,Reading Documentation,13,3,3,153
Computer Networks,Security Auditing,8,2,2,129
Computer Networks,Security Auditing,10,1,3,75
Software Engineering,Writing Code,24,1,1,365
Artificial Intelligence,Reading Research Papers,5,3,1,126
Software Engineering,Code Review,7,1,1,99
Software Engineering,Writing Code,7,2,2,101
Computer Networks,Lab Simulation,1,3,3,14
Software Engineering,Code Review,17,2,2,241
Artificial Intelligence,Math/Algorithm Review,13,2,2,196
Computer Networks,Lab Simulation,1,1,1,13
Artificial Intelligence,Reading Research Papers,19,1,1,232
Software Engineering,System Design,4,3,2,96
Artificial Intelligence,Reading Research Papers,15,2,3,176
Software Engineering,System Design,12,1,1,172
Software Engineering,Code Review,9,3,2,160
Computer Networks,Network Troubleshooting,11,2,1,209
Computer Networks,Network Troubleshooting,9,1,2,78
Computer Networks,Lab Simulation,24,2,1,445
Computer Networks,Security Auditing,1,3,3,14
Computer Networks,Configuring Routers,19,2,2,268
Computer Networks,Configuring Routers,11,2,2,174
Software Engineering,Reading Documentation,24,1,1,374
Artificial Intelligence,Reading Research Papers,13,2,1,215
Computer Networks,Reading Protocols,13,1,2,104
Software Engineering,System Design,15,2,1,271
Computer Networks,Reading Protocols,2,2,3,24
Computer Networks,Security Auditing,16,3,2,365
Software Engineering,Code Review,3,3,2,62
Software Engineering,Code Review,18,2,2,298
Computer Networks,Reading Protocols,20,3,1,541
Artificial Intelligence,Writing Code,7,3,1,151
Software Engineering,Code Review,14,3,2,279
Artificial Intelligence,Model Training,10,2,2,147
Computer Networks,Reading Protocols,7,1,2,62
Computer Networks,Lab Simulation,20,2,1,474
Artificial Intelligence,Writing Code,4,3,3,71
Artificial Intelligence,Model Training,2,2,2,22
Software Engineering,System Design,11,1,1,165
Artificial Intelligence,Model Training,1,3,3,11
Software Engineering,Debugging,3,3,2,71
Computer Networks,Network Troubleshooting,12,2,1,79
Software Engineering,Reading Documentation,11,3,3,177
Software Engineering,System Design,22,2,2,291
Software Engineering,Writing Code,1,3,1,37
Software Engineering,Writing Code,15,2,1,319
Artificial Intelligence,Reading Research Papers,9,2,3,87
Artificial Intelligence,Reading Research Papers,20,1,3,131
Software Engineering,Code Review,1,2,2,12
Computer Networks,Security Auditing,13,1,1,171
Software Engineering,Code Review,19,1,1,224
Software Engineering,Writing Code,22,2,1,409
Software Engineering,Debugging,6,1,1,81
Computer Networks,Network Troubleshooting,6,2,1,130
Software Engineering,Debugging,23,3,1,726
Software Engineering,Reading Documentation,3,2,1,58
Computer Networks,Security Auditing,4,1,2,36
Computer Networks,Network Troubleshooting,1,2,2,14
Artificial Intelligence,Math/Algorithm Review,9,3,1,262
Computer Networks,Network Troubleshooting,24,2,2,396
Software Engineering,Reading Documentation,7,2,2,111
Software Engineering,Reading Documentation,7,2,1,128
Computer Networks,Configuring Routers,14,2,3,142
Computer Networks,Security Auditing,2,2,1,41
Artificial Intelligence,Reading Research Papers,2,1,2,18
Artificial Intelligence,Reading Research Papers,6,1,1,81
Software Engineering,Reading Documentation,16,1,2,188
Computer Networks,Reading Protocols,23,1,2,247
Software Engineering,Writing Code,12,2,2,195
Computer Networks,Network Troubleshooting,11,1,1,127
Computer Networks,Security Auditing,2,2,2,24
Software Engineering,Code Review,12,1,2,114
Software Engineering,Debugging,22,2,1,417
Computer Networks,Configuring Routers,1,2,2,13
Artificial Intelligence,Reading Research Papers,21,2,3,104
Computer Networks,Security Auditing,1,2,1,21
Software Engineering,System Design,19,2,1,496
Artificial Intelligence,Reading Research Papers,18,2,3,127
Computer Networks,Lab Simulation,4,3,3,52
Computer Networks,Lab Simulation,19,3,1,578
Artificial Intelligence,Writing Code,22,1,2,188
Software Engineering,Reading Documentation,5,2,2,37
Computer Networks,Security Auditing,5,3,2,135
Computer Networks,Network Troubleshooting,8,1,3,51
Computer Networks,Network Troubleshooting,18,2,3,196
Software Engineering,Reading Documentation,11,2,2,158
Computer Networks,Reading Protocols,13,2,1,268
Artificial Intelligence,Model Training,19,3,1,695
Computer Networks,Lab Simulation,10,1,1,131
Artificial Intelligence,Reading Research Papers,4,1,1,55
Software Engineering,Reading Documentation,16,1,1,214
Computer Networks,Configuring Routers,23,2,1,563
Computer Networks,Network Troubleshooting,3,2,3,29
Computer Networks,Security Auditing,17,1,2,147
Software Engineering,Code Review,6,3,2,136
Computer Networks,Reading Protocols,10,3,2,240
Computer Networks,Security Auditing,15,1,1,193
Artificial Intelligence,Data Preprocessing,18,1,2,201
Artificial Intelligence,Reading Research Papers,4,3,2,122
Computer Networks,Security Auditing,1,1,3,6
Software Engineering,System Design,22,2,3,214
Software Engineering,Reading Documentation,3,3,1,83
Computer Networks,Lab Simulation,5,3,3,114
Artificial Intelligence,Data Preprocessing,12,3,1,346
Computer Networks,Lab Simulation,4,2,2,66
Software Engineering,Reading Documentation,13,1,2,102
Computer Networks,Security Auditing,20,2,2,223
Artificial Intelligence,Model Training,20,3,1,624
Computer Networks,Security Auditing,11,3,1,299
Artificial Intelligence,Data Preprocessing,19,2,3,186
Software Engineering,System Design,4,3,2,75
Software Engineering,Writing Code,24,2,1,429
Artificial Intelligence,Reading Research Papers,12,3,3,164
Computer Networks,Lab Simulation,14,2,3,131
Artificial Intelligence,Reading Research Papers,9,1,3,64
Artificial Intelligence,Writing Code,14,3,3,197
Computer Networks,Security Auditing,12,2,2,145
Artificial Intelligence,Data Preprocessing,9,1,2,71
Computer Networks,Security Auditing,18,3,1,509
Artificial Intelligence,Writing Code,11,1,2,91
Computer Networks,Lab Simulation,7,1,3,37
Software Engineering,Code Review,20,1,2,189
Software Engineering,Reading Documentation,22,2,1,391
Software Engineering,Reading Documentation,24,1,2,228
Artificial Intelligence,Data Preprocessing,3,3,1,76
Artificial Intelligence,Reading Research Papers,21,3,1,587
Software Engineering,Debugging,19,2,1,304
Computer Networks,Configuring Routers,22,2,1,310
Computer Networks,Reading Protocols,15,1,2,155
Computer Networks,Network Troubleshooting,13,1,2,153
Computer Networks,Configuring Routers,11,1,1,135
Software Engineering,System Design,20,2,2,292
Software Engineering,Code Review,19,3,3,209
Software Engineering,System Design,1,2,1,24
Software Engineering,Code Review,23,1,1,288
Software Engineering,Reading Documentation,20,2,1,408
Software Engineering,Writing Code,17,2,2,209
Computer Networks,Reading Protocols,4,2,2,63
Artificial Intelligence,Writing Code,24,1,1,211
Computer Networks,Configuring Routers,16,2,2,225
Computer Networks,Security Auditing,16,1,2,149
Computer Networks,Configuring Routers,22,2,3,227
Software Engineering,System Design,5,3,2,124
Software Engineering,System Design,18,1,2,212
Artificial Intelligence,Model Training,11,1,1,134
Software Engineering,Debugging,15,1,1,244
Computer Networks,Reading Protocols,8,2,3,62
Artificial Intelligence,Data Preprocessing,15,1,2,164
Software Engineering,Writing Code,6,1,1,78
Software Engineering,System Design,24,2,1,442
Computer Networks,Network Troubleshooting,20,3,2,457
Computer Networks,Lab Simulation,1,1,2,9
Artificial Intelligence,Model Training,11,1,1,154
Computer Networks,Security Auditing,8,3,2,187
Computer Networks,Network Troubleshooting,15,2,2,235
Software Engineering,System Design,16,2,3,162
Computer Networks,Network Troubleshooting,3,2,3,20
Computer Networks,Network Troubleshooting,15,1,1,200
Software Engineering,Reading Documentation,18,3,2,373
Artificial Intelligence,Reading Research Papers,7,2,1,159
Computer Networks,Lab Simulation,16,3,1,457
Computer Networks,Lab Simulation,12,1,1,148
Software Engineering,Code Review,19,1,1,249
Software Engineering,Reading Documentation,7,2,2,94
Software Engineering,Reading Documentation,11,2,3,102
Artificial Intelligence,Writing Code,5,2,2,69
Software Engineering,Debugging,18,1,1,225
Software Engineering,Code Review,23,3,2,461
Computer Networks,Reading Protocols,10,2,1,242
Software Engineering,Reading Documentation,4,1,1,56
Artificial Intelligence,Math/Algorithm Review,20,2,2,342
Computer Networks,Lab Simulation,15,3,3,283
Software Engineering,Code Review,13,2,2,215
Computer Networks,Configuring Routers,4,1,3,30
Artificial Intelligence,Writing Code,17,3,2,327
Computer Networks,Configuring Routers,18,1,1,258
Computer Networks,Network Troubleshooting,19,2,1,347
Computer Networks,Network Troubleshooting,15,3,2,375
Artificial Intelligence,Math/Algorithm Review,12,2,2,152
Software Engineering,Reading Documentation,15,2,1,317
Artificial Intelligence,Data Preprocessing,3,3,3,50
Computer Networks,Reading Protocols,18,1,2,133
Computer Networks,Lab Simulation,15,1,2,146
Computer Networks,Network Troubleshooting,13,1,1,167
Computer Networks,Lab Simulation,8,2,2,123
Computer Networks,Network Troubleshooting,4,2,1,85
Computer Networks,Network Troubleshooting,21,1,3,124
Software Engineering,System Design,12,3,3,172
Software Engineering,System Design,2,1,3,12
Artificial Intelligence,Model Training,11,3,1,213
Software Engineering,Debugging,9,1,1,94
Software Engineering,Writing Code,21,2,2,279
Software Engineering,Reading Documentation,6,1,2,61
Computer Networks,Network Troubleshooting,2,3,1,58
Software Engineering,Debugging,12,2,3,135
Artificial Intelligence,Writing Code,12,2,2,160
Computer Networks,Configuring Routers,10,2,1,194
Software Engineering,System Design,21,2,2,351
Software Engineering,System Design,9,2,1,182
Artificial Intelligence,Model Training,21,1,1,253
Software Engineering,Debugging,9,3,3,122
Artificial Intelligence,Data Preprocessing,24,2,2,303
Artificial Intelligence,Reading Research Papers,24,2,2,374
Artificial Intelligence,Math/Algorithm Review,1,1,1,15
Artificial Intelligence,Model Training,24,2,2,262
Artificial Intelligence,Data Preprocessing,16,3,1,409
Computer Networks,Security Auditing,4,1,1,66
Computer Networks,Configuring Routers,21,1,2,187
Computer Networks,Lab Simulation,16,2,1,296
Artificial Intelligence,Math/Algorithm Review,9,1,3,45
Computer Networks,Security Auditing,9,2,2,117
Computer Networks,Configuring Routers,14,2,1,234
Software Engineering,Debugging,15,1,1,186
Computer Networks,Lab Simulation,17,2,1,349
Software Engineering,System Design,13,3,2,331
Artificial Intelligence,Model Training,3,2,1,41
Artificial Intelligence,Writing Code,7,2,1,86
Computer Networks,Configuring Routers,22,1,3,139
Computer Networks,Configuring Routers,19,2,2,296
Software Engineering,Code Review,24,2,3,251
Artificial Intelligence,Math/Algorithm Review,11,1,1,145
Artificial Intelligence,Math/Algorithm Review,23,1,3,169
Computer Networks,Configuring Routers,5,1,2,46
Computer Networks,Network Troubleshooting,8,2,3,80
Computer Networks,Security Auditing,8,2,1,140
Computer Networks,Security Auditing,20,2,1,325
Computer Networks,Security Auditing,8,2,2,110
Artificial Intelligence,Data Preprocessing,19,2,1,360
Artificial Intelligence,Data Preprocessing,14,2,1,289
Artificial Intelligence,Writing Code,12,2,1,215
Artificial Intelligence,Model Training,7,2,2,101
Software Engineering,System Design,13,2,2,113
Artificial Intelligence,Reading Research Papers,15,2,1,230
Artificial Intelligence,Math/Algorithm Review,10,2,3,111
Software Engineering,System Design,6,2,1,132
Computer Networks,Configuring Routers,6,2,2,66
Artificial Intelligence,Writing Code,15,2,1,376
Artificial Intelligence,Math/Algorithm Review,23,2,3,224
Artificial Intelligence,Data Preprocessing,9,2,2,137
Software Engineering,Debugging,20,2,3,208
Artificial Intelligence,Writing Code,5,2,1,133
Software Engineering,Writing Code,21,2,1,387
Computer Networks,Lab Simulation,9,2,3,101
Software Engineering,System Design,18,2,2,244
Computer Networks,Security Auditing,24,2,1,465
Artificial Intelligence,Writing Code,2,2,1,43
Computer Networks,Lab Simulation,16,3,1,550
Computer Networks,Security Auditing,5,2,2,78
Software Engineering,Debugging,15,2,1,301
Software Engineering,Code Review,4,1,2,36
Computer Networks,Lab Simulation,22,2,1,413
Artificial Intelligence,Writing Code,11,3,2,245
Artificial Intelligence,Math/Algorithm Review,9,2,2,120
Computer Networks,Lab Simulation,10,2,2,156
Artificial Intelligence,Data Preprocessing,7,1,1,91
Artificial Intelligence,Reading Research Papers,8,2,2,124
Artificial Intelligence,Data Preprocessing,21,2,2,319
Software Engineering,Code Review,17,1,2,166
Computer Networks,Lab Simulation,12,2,1,261
Computer Networks,Security Auditing,22,2,3,233
Software Engineering,Code Review,1,2,2,14
Software Engineering,System Design,6,3,1,166
Computer Networks,Lab Simulation,10,1,2,84
Artificial Intelligence,Model Training,20,2,3,194
Computer Networks,Network Troubleshooting,24,3,1,877
Computer Networks,Configuring Routers,2,1,1,26
Artificial Intelligence,Reading Research Papers,18,2,2,292
Artificial Intelligence,Reading Research Papers,9,1,1,136
Software Engineering,Debugging,23,3,3,476
Computer Networks,Security Auditing,19,2,2,345
Computer Networks,Lab Simulation,23,2,3,186
Artificial Intelligence,Math/Algorithm Review,9,3,1,294
Artificial Intelligence,Reading Research Papers,17,2,2,247
Computer Networks,Lab Simulation,17,3,2,390
Artificial Intelligence,Writing Code,20,3,1,622
Computer Networks,Reading Protocols,3,2,2,43
Software Engineering,Writing Code,10,3,1,295
Computer Networks,Network Troubleshooting,2,2,3,17
Software Engineering,Reading Documentation,21,2,1,322
Software Engineering,System Design,23,1,1,408
Computer Networks,Reading Protocols,10,2,1,215
Software Engineering,Code Review,5,3,2,110
Computer Networks,Lab Simulation,13,1,3,96
Artificial Intelligence,Math/Algorithm Review,20,2,1,374
Software Engineering,Code Review,20,2,2,257
Artificial Intelligence,Data Preprocessing,14,1,2,139
Artificial Intelligence,Writing Code,10,1,2,110
Software Engineering,System Design,22,2,2,307
Artificial Intelligence,Math/Algorithm Review,2,1,2,22
Artificial Intelligence,Model Training,6,1,2,48
Artificial Intelligence,Data Preprocessing,7,2,3,83
Software Engineering,Reading Documentation,6,2,2,94
Artificial Intelligence,Math/Algorithm Review,10,2,1,188
Software Engineering,Debugging,9,2,1,175
Artificial Intelligence,Reading Research Papers,23,2,1,462
Computer Networks,Network Troubleshooting,14,2,1,236
Computer Networks,Lab Simulation,9,1,2,81
Computer Networks,Lab Simulation,13,2,1,274
Computer Networks,Configuring Routers,6,2,2,77
Computer Networks,Lab Simulation,13,1,3,74
Artificial Intelligence,Reading Research Papers,20,3,2,307
Software Engineering,Debugging,8,2,2,114
Artificial Intelligence,Math/Algorithm Review,1,2,3,10
Software Engineering,Writing Code,11,2,2,136
Artificial Intelligence,Data Preprocessing,23,2,1,534
Computer Networks,Reading Protocols,11,3,2,226
Software Engineering,Reading Documentation,21,2,2,306
Artificial Intelligence,Model Training,24,1,3,158
Computer Networks,Security Auditing,19,2,1,315
Artificial Intelligence,Writing Code,17,2,1,320
Artificial Intelligence,Math/Algorithm Review,3,2,3,32
Software Engineering,Code Review,7,2,2,90
Artificial Intelligence,Reading Research Papers,20,2,1,425
Artificial Intelligence,Reading Research Papers,15,1,1,169
Software Engineering,Debugging,11,2,1,244
Artificial Intelligence,Data Preprocessing,18,1,1,220
Software Engineering,Writing Code,3,3,2,60
Software Engineering,Reading Documentation,20,2,2,306
Software Engineering,System Design,4,1,2,44
Artificial Intelligence,Writing Code,20,1,2,229
Artificial Intelligence,Math/Algorithm Review,24,1,1,286
Artificial Intelligence,Writing Code,21,2,1,441
Artificial Intelligence,Math/Algorithm Review,11,3,2,183
Computer Networks,Lab Simulation,3,2,1,50
Software Engineering,Reading Documentation,6,2,1,107
Software Engineering,System Design,5,2,2,66
Software Engineering,System Design,16,2,1,356
Software Engineering,Reading Documentation,21,3,3,325
Computer Networks,Configuring Routers,1,2,3,11
Computer Networks,Lab Simulation,9,2,2,139
Computer Networks,Configuring Routers,8,1,2,83
Computer Networks,Configuring Routers,23,2,1,537
Computer Networks,Security Auditing,4,1,1,50
Software Engineering,System Design,19,2,2,300
Software Engineering,Code Review,21,2,2,301
Software Engineering,Reading Documentation,3,2,2,35
Artificial Intelligence,Math/Algorithm Review,17,1,1,217
Artificial Intelligence,Writing Code,24,1,1,326
Computer Networks,Lab Simulation,6,3,2,133
Artificial Intelligence,Model Training,14,2,1,235
Computer Networks,Reading Protocols,13,3,2,302
Computer Networks,Configuring Routers,2,1,1,28
Software Engineering,Code Review,18,3,1,544
Computer Networks,Reading Protocols,11,3,3,141
Computer Networks,Configuring Routers,23,3,1,791
Artificial Intelligence,Data Preprocessing,16,2,1,361
Software Engineering,Writing Code,18,2,1,377
Artificial Intelligence,Model Training,16,1,2,165
Artificial Intelligence,Data Preprocessing,13,1,3,101
Software Engineering,Code Review,2,2,2,34
Artificial Intelligence,Math/Algorithm Review,17,2,3,192
Computer Networks,Security Auditing,14,1,1,197
Software Engineering,Reading Documentation,17,2,2,233
Computer Networks,Configuring Routers,19,2,2,230
Computer Networks,Lab Simulation,8,2,2,119
Software Engineering,Code Review,2,2,3,10
Software Engineering,Code Review,1,1,2,8
Software Engineering,Writing Code,2,2,1,52
Computer Networks,Configuring Routers,6,3,1,196
Computer Networks,Reading Protocols,24,1,2,225
Artificial Intelligence,Math/Algorithm Review,16,2,2,208
Artificial Intelligence,Math/Algorithm Review,14,1,1,184
Software Engineering,System Design,9,2,2,157
Software Engineering,System Design,12,2,1,235
Software Engineering,Code Review,16,1,2,131
Computer Networks,Network Troubleshooting,8,2,2,121
Computer Networks,Configuring Routers,12,2,1,238
Computer Networks,Network Troubleshooting,23,2,2,368
Software Engineering,Debugging,8,2,1,134
Artificial Intelligence,Math/Algorithm Review,1,2,2,17
Software Engineering,Debugging,13,2,3,142
Artificial Intelligence,Data Preprocessing,23,1,1,200
Artificial Intelligence,Data Preprocessing,23,2,1,559
Artificial Intelligence,Model Training,14,2,3,150
Artificial Intelligence,Math/Algorithm Review,2,2,1,35
Computer Networks,Configuring Routers,16,2,1,241
Software Engineering,Writing Code,12,1,1,150
Software Engineering,Reading Documentation,14,1,2,117
Computer Networks,Lab Simulation,1,3,2,23
Artificial Intelligence,Writing Code,12,2,1,234
Computer Networks,Lab Simulation,2,3,2,35
Computer Networks,Network Troubleshooting,4,1,3,31
Computer Networks,Security Auditing,3,3,1,70
Software Engineering,System Design,14,2,3,131
Artificial Intelligence,Writing Code,4,2,1,73
Software Engineering,System Design,12,2,3,98
Software Engineering,Debugging,11,1,2,110
Software Engineering,Debugging,12,3,2,190
Software Engineering,Writing Code,16,2,2,242
Computer Networks,Reading Protocols,2,1,3,15
Computer Networks,Network Troubleshooting,6,2,2,94
Artificial Intelligence,Reading Research Papers,15,1,1,152
Software Engineering,Reading Documentation,10,2,1,228
Software Engineering,Reading Documentation,13,2,2,199
Artificial Intelligence,Data Preprocessing,20,2,3,174
Artificial Intelligence,Reading Research Papers,13,3,2,215
Software Engineering,Code Review,5,2,2,71
Software Engineering,System Design,17,1,1,183
Computer Networks,Network Troubleshooting,13,2,2,190
Computer Networks,Security Auditing,5,3,2,132
Software Engineering,Reading Documentation,18,2,2,294
Computer Networks,Reading Protocols,2,2,3,18
Artificial Intelligence,Model Training,11,2,3,121
Artificial Intelligence,Model Training,4,2,3,47
Software Engineering,Debugging,17,2,3,167
Computer Networks,Lab Simulation,5,1,2,47
Software Engineering,System Design,11,3,1,331
Artificial Intelligence,Model Training,10,2,3,88
Software Engineering,System Design,2,2,2,33
Computer Networks,Configuring Routers,7,3,1,198
Software Engineering,Reading Documentation,10,1,2,94
Software Engineering,Reading Documentation,14,2,1,285
Artificial Intelligence,Writing Code,1,1,1,17
Software Engineering,Reading Documentation,12,3,2,270
Software Engineering,Debugging,18,3,3,280
Software Engineering,Writing Code,1,3,1,19
Computer Networks,Reading Protocols,13,1,1,223
Artificial Intelligence,Model Training,21,2,2,385
Artificial Intelligence,Writing Code,5,2,1,102
Artificial Intelligence,Reading Research Papers,15,2,1,326
Artificial Intelligence,Writing Code,1,2,2,14
Software Engineering,System Design,6,2,1,113
Computer Networks,Configuring Routers,16,1,2,172
Artificial Intelligence,Reading Research Papers,6,2,3,60
Software Engineering,Writing Code,1,2,1,19
Artificial Intelligence,Reading Research Papers,2,2,2,26
Computer Networks,Security Auditing,15,1,1,181
Artificial Intelligence,Writing Code,21,2,1,325
Computer Networks,Security Auditing,17,3,1,484
Software Engineering,Writing Code,10,2,2,144
Computer Networks,Lab Simulation,22,2,2,365
Software Engineering,Reading Documentation,7,2,3,83
Computer Networks,Security Auditing,9,3,3,107
Computer Networks,Reading Protocols,3,2,3,28
Artificial Intelligence,Math/Algorithm Review,20,2,1,505
Computer Networks,Network Troubleshooting,20,2,1,436
Software Engineering,Code Review,11,2,2,155
Artificial Intelligence,Data Preprocessing,16,1,1,140
Software Engineering,System Design,1,2,2,14
Artificial Intelligence,Math/Algorithm Review,18,2,1,386
Computer Networks,Reading Protocols,12,2,1,212
Software Engineering,System Design,1,1,3,7
Computer Networks,Configuring Routers,8,1,1,107
Artificial Intelligence,Math/Algorithm Review,18,1,1,180
Software Engineering,Debugging,20,3,2,362
Computer Networks,Reading Protocols,15,3,1,370
Software Engineering,Writing Code,9,1,2,93
Artificial Intelligence,Model Training,24,1,1,362
Artificial Intelligence,Math/Algorithm Review,23,2,1,465
Artificial Intelligence,Writing Code,21,2,3,173
Software Engineering,Debugging,23,1,1,323
Computer Networks,Lab Simulation,12,2,1,224
Software Engineering,Writing Code,16,2,2,249
Software Engineering,Reading Documentation,15,3,1,398
Artificial Intelligence,Data Preprocessing,18,3,3,307
Artificial Intelligence,Reading Research Papers,10,1,1,144
Artificial Intelligence,Math/Algorithm Review,20,3,2,392
Computer Networks,Lab Simulation,23,1,1,373
Computer Networks,Network Troubleshooting,3,2,1,65
Software Engineering,Writing Code,22,1,2,197
Artificial Intelligence,Data Preprocessing,12,3,3,187
Computer Networks,Security Auditing,19,3,1,552
Computer Networks,Network Troubleshooting,3,1,2,28
Computer Networks,Configuring Routers,11,2,1,195
Software Engineering,Debugging,17,2,2,242
Software Engineering,Writing Code,14,1,2,138
Software Engineering,System Design,18,3,2,456
Computer Networks,Configuring Routers,21,2,1,490
Artificial Intelligence,Reading Research Papers,22,2,1,397
Artificial Intelligence,Reading Research Papers,20,2,2,285
Artificial Intelligence,Math/Algorithm Review,10,2,1,207
Artificial Intelligence,Math/Algorithm Review,22,1,1,188
Software Engineering,Debugging,7,2,3,67
Software Engineering,Debugging,5,2,3,59
Artificial Intelligence,Model Training,5,2,1,106
Computer Networks,Configuring Routers,6,1,1,92
Software Engineering,Reading Documentation,24,2,2,333
Computer Networks,Reading Protocols,22,3,2,454
Computer Networks,Network Troubleshooting,11,2,1,251
Artificial Intelligence,Math/Algorithm Review,23,2,2,276
Software Engineering,Writing Code,5,1,2,47
Software Engineering,System Design,24,1,3,119
Artificial Intelligence,Writing Code,16,2,1,282
Software Engineering,System Design,6,1,2,42
Software Engineering,System Design,1,3,2,22
Software Engineering,Code Review,19,2,2,222
Artificial Intelligence,Data Preprocessing,13,1,2,116
Computer Networks,Network Troubleshooting,11,1,2,88
Artificial Intelligence,Model Training,14,2,3,175
Artificial Intelligence,Math/Algorithm Review,14,3,1,404
Computer Networks,Security Auditing,14,2,2,237
Software Engineering,Debugging,20,2,2,206
Artificial Intelligence,Reading Research Papers,13,2,2,209
Artificial Intelligence,Data Preprocessing,21,3,2,512
Computer Networks,Reading Protocols,18,2,1,432
Artificial Intelligence,Data Preprocessing,13,1,2,133
Software Engineering,Reading Documentation,20,2,2,268
Computer Networks,Lab Simulation,1,3,2,21
Software Engineering,Debugging,8,2,2,126
Artificial Intelligence,Data Preprocessing,22,3,2,426
Computer Networks,Configuring Routers,23,1,2,231
Artificial Intelligence,Reading Research Papers,15,3,2,263
Artificial Intelligence,Model Training,11,3,1,253
Software Engineering,Debugging,17,2,1,295
Artificial Intelligence,Reading Research Papers,17,3,2,335
Computer Networks,Lab Simulation,8,2,3,92
Artificial Intelligence,Writing Code,3,3,1,83
Computer Networks,Network Troubleshooting,18,2,1,396
Software Engineering,Writing Code,12,2,3,97
Software Engineering,System Design,15,2,1,277
Software Engineering,Code Review,20,2,2,276
Software Engineering,Reading Documentation,12,1,1,179
Computer Networks,Network Troubleshooting,7,3,2,144
Computer Networks,Configuring Routers,7,3,3,105
Computer Networks,Network Troubleshooting,18,3,3,280
Artificial Intelligence,Math/Algorithm Review,24,1,1,323
Software Engineering,Code Review,3,3,1,90
Software Engineering,Debugging,7,1,2,82
Software Engineering,Code Review,6,2,1,93
Computer Networks,Network Troubleshooting,19,2,2,283
Software Engineering,Reading Documentation,23,2,1,575
Artificial Intelligence,Data Preprocessing,10,1,3,67
Artificial Intelligence,Reading Research Papers,11,2,3,124
Computer Networks,Network Troubleshooting,2,1,3,13
Software Engineering,Debugging,8,1,1,110
Artificial Intelligence,Math/Algorithm Review,3,2,1,69
Software Engineering,System Design,24,2,2,400
Computer Networks,Network Troubleshooting,9,2,2,111
Software Engineering,Writing Code,23,3,2,558
Artificial Intelligence,Reading Research Papers,10,1,2,103
Software Engineering,Writing Code,6,1,2,56
Computer Networks,Reading Protocols,16,2,2,212
Artificial Intelligence,Data Preprocessing,5,3,3,55
Software Engineering,Reading Documentation,20,2,2,323
Computer Networks,Network Troubleshooting,12,1,3,89
Software Engineering,System Design,19,2,1,333
Computer Networks,Security Auditing,24,2,2,373
Software Engineering,Code Review,20,3,3,319
Computer Networks,Network Troubleshooting,17,1,1,191
Software Engineering,Debugging,12,2,1,213
Computer Networks,Reading Protocols,18,3,1,654
Software Engineering,Reading Documentation,24,2,1,566
Computer Networks,Configuring Routers,7,1,2,70
Artificial Intelligence,Math/Algorithm Review,1,2,3,7
Artificial Intelligence,Data Preprocessing,16,1,2,171
Artificial Intelligence,Math/Algorithm Review,1,2,2,13
Artificial Intelligence,Model Training,22,2,1,344
Computer Networks,Configuring Routers,6,2,2,87
Artificial Intelligence,Data Preprocessing,6,2,3,57
Artificial Intelligence,Model Training,14,2,1,281
Software Engineering,Code Review,22,2,2,299
Computer Networks,Reading Protocols,20,1,1,263
Artificial Intelligence,Model Training,6,1,3,37
Computer Networks,Network Troubleshooting,5,2,1,111
Artificial Intelligence,Reading Research Papers,5,3,1,129
Computer Networks,Lab Simulation,5,2,2,74
Software Engineering,Code Review,10,2,2,166
Software Engineering,System Design,15,1,2,120
Computer Networks,Security Auditing,2,2,1,33
Software Engineering,System Design,18,1,3,148
Artificial Intelligence,Model Training,4,1,3,24
Computer Networks,Reading Protocols,1,2,1,21
Software Engineering,Debugging,12,1,1,136
Artificial Intelligence,Data Preprocessing,8,3,1,229
Artificial Intelligence,Writing Code,11,3,2,293
Artificial Intelligence,Model Training,23,2,2,415
Computer Networks,Lab Simulation,12,2,3,117
Artificial Intelligence,Writing Code,11,1,2,80
Artificial Intelligence,Data Preprocessing,1,2,2,16
Software Engineering,Debugging,2,2,2,20
Software Engineering,Writing Code,13,2,1,258
Artificial Intelligence,Data Preprocessing,24,3,1,655
Computer Networks,Configuring Routers,4,3,1,90
Software Engineering,Debugging,9,1,1,91
Artificial Intelligence,Reading Research Papers,19,2,3,197
Artificial Intelligence,Model Training,21,2,1,584
Computer Networks,Configuring Routers,3,1,1,32
Computer Networks,Reading Protocols,17,1,1,192
Artificial Intelligence,Writing Code,15,2,3,121
Artificial Intelligence,Writing Code,18,1,1,259
Computer Networks,Network Troubleshooting,6,2,3,54
Computer Networks,Network Troubleshooting,13,3,3,191
Artificial Intelligence,Model Training,9,1,3,69
Artificial Intelligence,Model Training,1,1,2,8
Artificial Intelligence,Writing Code,9,2,1,123
Computer Networks,Lab Simulation,8,2,1,159
Software Engineering,Code Review,8,2,1,186
Computer Networks,Network Troubleshooting,19,2,3,229
Computer Networks,Security Auditing,2,1,1,22
Computer Networks,Security Auditing,4,2,2,64
Artificial Intelligence,Data Preprocessing,4,1,2,37
Software Engineering,Debugging,19,1,2,144
Software Engineering,Code Review,13,2,2,184
Software Engineering,Code Review,17,2,3,117
Computer Networks,Security Auditing,12,1,1,170
Software Engineering,System Design,6,2,2,81
Software Engineering,Debugging,4,1,1,43
Computer Networks,Lab Simulation,9,2,2,107
Software Engineering,Code Review,13,2,2,200
Software Engineering,Debugging,16,2,2,181
Computer Networks,Network Troubleshooting,4,2,1,81
Artificial Intelligence,Math/Algorithm Review,14,2,1,280
Software Engineering,System Design,14,2,1,243
Computer Networks,Security Auditing,9,2,1,159
Artificial Intelligence,Data Preprocessing,1,1,1,10
Artificial Intelligence,Data Preprocessing,13,1,1,179
Artificial Intelligence,Writing Code,12,2,1,345
Computer Networks,Lab Simulation,12,1,1,171
Computer Networks,Security Auditing,2,1,2,17
Software Engineering,Writing Code,5,2,3,49
Computer Networks,Network Troubleshooting,8,2,1,159
Software Engineering,System Design,16,3,3,348
Computer Networks,Configuring Routers,4,1,3,26
Software Engineering,Writing Code,15,2,2,166
Software Engineering,Reading Documentation,16,1,1,205
Artificial Intelligence,Writing Code,9,3,2,228
Artificial Intelligence,Writing Code,22,2,3,224
Software Engineering,Code Review,24,2,1,575
Software Engineering,System Design,5,3,3,65
Software Engineering,Debugging,15,2,1,320
Artificial Intelligence,Math/Algorithm Review,23,2,1,559
Computer Networks,Security Auditing,6,1,2,59
Artificial Intelligence,Reading Research Papers,7,3,2,186
Computer Networks,Configuring Routers,10,2,1,192
Software Engineering,System Design,23,2,1,494
Artificial Intelligence,Writing Code,17,3,3,298
Artificial Intelligence,Math/Algorithm Review,2,2,1,31
Software Engineering,Writing Code,7,2,1,125
Computer Networks,Lab Simulation,20,3,3,388
Computer Networks,Configuring Routers,24,2,1,664
Artificial Intelligence,Data Preprocessing,4,3,1,106
Computer Networks,Lab Simulation,16,2,1,329
Software Engineering,Code Review,14,2,1,260
Software Engineering,Writing Code,8,2,1,137
Computer Networks,Configuring Routers,9,2,1,173
Artificial Intelligence,Model Training,19,1,3,109
Artificial Intelligence,Math/Algorithm Review,12,2,3,123
Computer Networks,Lab Simulation,14,2,2,227
Software Engineering,Reading Documentation,21,2,1,372
Software Engineering,Writing Code,19,2,3,201
Artificial Intelligence,Model Training,12,1,2,132
Computer Networks,Configuring Routers,9,2,1,198
Computer Networks,Security Auditing,11,1,1,134
Computer Networks,Network Troubleshooting,2,3,1,49
Computer Networks,Lab Simulation,21,2,3,168
Computer Networks,Network Troubleshooting,24,2,2,429
Software Engineering,Reading Documentation,19,1,1,199
Software Engineering,Debugging,18,2,1,478
Computer Networks,Reading Protocols,15,2,1,276
Software Engineering,Writing Code,3,2,2,41
Software Engineering,Code Review,18,2,3,182
Computer Networks,Security Auditing,17,2,1,465
Software Engineering,Code Review,24,2,2,364
Artificial Intelligence,Writing Code,24,3,1,709
Software Engineering,Code Review,22,2,1,490
Artificial Intelligence,Data Preprocessing,3,2,2,48
Computer Networks,Configuring Routers,21,2,1,408
Software Engineering,Debugging,6,2,2,96
Computer Networks,Network Troubleshooting,13,1,2,151
Computer Networks,Network Troubleshooting,11,1,1,121
Software Engineering,Code Review,13,2,1,347
Artificial Intelligence,Model Training,6,2,1,121
Software Engineering,System Design,15,2,1,285
Computer Networks,Lab Simulation,21,1,3,144
Computer Networks,Security Auditing,1,2,1,23
Artificial Intelligence,Model Training,12,2,1,289
Computer Networks,Security Auditing,20,2,1,386
Artificial Intelligence,Writing Code,19,3,2,480
Software Engineering,System Design,24,2,2,446
Artificial Intelligence,Writing Code,9,2,3,91
Software Engineering,Writing Code,12,2,1,215
Artificial Intelligence,Math/Algorithm Review,7,2,2,107
Software Engineering,System Design,18,1,2,189
Artificial Intelligence,Writing Code,2,2,2,30
Software Engineering,System Design,17,1,1,265
Computer Networks,Lab Simulation,24,1,3,176
Computer Networks,Network Troubleshooting,16,1,1,175
Computer Networks,Security Auditing,9,2,2,113
Computer Networks,Security Auditing,13,3,1,377
Computer Networks,Lab Simulation,18,2,2,215
Artificial Intelligence,Reading Research Papers,24,3,1,832
Artificial Intelligence,Model Training,1,1,2,11
Artificial Intelligence,Writing Code,13,2,3,131
Artificial Intelligence,Model Training,4,2,1,79
Artificial Intelligence,Reading Research Papers,7,2,3,76
Artificial Intelligence,Writing Code,15,2,2,257
Artificial Intelligence,Reading Research Papers,3,3,1,99
Artificial Intelligence,Data Preprocessing,18,2,2,309
Artificial Intelligence,Writing Code,22,2,1,515
Artificial Intelligence,Math/Algorithm Review,9,2,1,176
Artificial Intelligence,Model Training,21,3,1,670
Software Engineering,Reading Documentation,23,3,1,623
Artificial Intelligence,Data Preprocessing,3,1,1,33
Artificial Intelligence,Math/Algorithm Review,4,2,3,37
Computer Networks,Reading Protocols,14,3,3,208
Computer Networks,Lab Simulation,1,2,2,12
Artificial Intelligence,Model Training,1,3,1,30
Software Engineering,Debugging,24,2,2,310
Software Engineering,Writing Code,19,2,2,254
Software Engineering,Reading Documentation,17,1,2,191
Artificial Intelligence,Math/Algorithm Review,2,1,2,17
Software Engineering,Writing Code,13,1,1,178
Artificial Intelligence,Writing Code,18,3,2,404
Software Engineering,Writing Code,3,3,2,52
Software Engineering,System Design,16,1,1,254
Computer Networks,Security Auditing,4,1,3,30
Artificial Intelligence,Math/Algorithm Review,15,2,2,223
Computer Networks,Lab Simulation,6,1,1,85
Software Engineering,Code Review,19,1,3,118
Software Engineering,Reading Documentation,4,2,1,69
Computer Networks,Configuring Routers,9,1,3,48
Computer Networks,Network Troubleshooting,16,3,2,347
Software Engineering,Code Review,14,3,3,207
Computer Networks,Reading Protocols,19,2,1,351
Software Engineering,System Design,10,2,1,234
Artificial Intelligence,Writing Code,24,1,3,145
Software Engineering,System Design,24,1,1,343
Artificial Intelligence,Math/Algorithm Review,19,2,3,218
Computer Networks,Security Auditing,15,2,2,217
Artificial Intelligence,Reading Research Papers,11,2,1,248
Artificial Intelligence,Reading Research Papers,20,2,1,400
Software Engineering,Code Review,11,2,2,143
Software Engineering,Reading Documentation,20,3,2,381
Computer Networks,Network Troubleshooting,1,3,2,27
Artificial Intelligence,Data Preprocessing,8,1,2,77
Artificial Intelligence,Reading Research Papers,2,1,2,21
Artificial Intelligence,Writing Code,1,2,2,17
Computer Networks,Lab Simulation,17,1,3,111
Computer Networks,Reading Protocols,12,2,3,111
Artificial Intelligence,Reading Research Papers,11,1,2,88
Software Engineering,System Design,2,2,2,23
Software Engineering,Code Review,24,2,1,458
Computer Networks,Configuring Routers,6,1,3,44
Computer Networks,Reading Protocols,4,2,2,66
Software Engineering,Writing Code,10,2,1,265
Artificial Intelligence,Model Training,21,2,1,336
Artificial Intelligence,Reading Research Papers,23,1,2,191
Computer Networks,Security Auditing,8,2,2,131
Artificial Intelligence,Data Preprocessing,14,2,1,242
Software Engineering,Writing Code,18,3,3,301
Software Engineering,System Design,23,2,2,319
Software Engineering,Code Review,22,1,2,238
Artificial Intelligence,Model Training,22,2,3,224
Artificial Intelligence,Writing Code,1,2,2,12
Computer Networks,Lab Simulation,1,3,3,12
Artificial Intelligence,Math/Algorithm Review,18,2,1,399
Artificial Intelligence,Reading Research Papers,11,2,1,170
Computer Networks,Lab Simulation,1,3,1,31
Artificial Intelligence,Writing Code,12,2,1,262
Software Engineering,System Design,18,1,2,115
Software Engineering,Reading Documentation,20,2,1,462
Computer Networks,Lab Simulation,2,2,1,41
Artificial Intelligence,Math/Algorithm Review,3,2,1,69
Software Engineering,Code Review,4,3,1,114
Software Engineering,Code Review,8,2,1,180
Artificial Intelligence,Writing Code,4,2,1,73
Software Engineering,Debugging,16,1,2,133
Computer Networks,Lab Simulation,17,2,1,393
Computer Networks,Lab Simulation,3,2,1,61
Software Engineering,Reading Documentation,18,1,3,109
Artificial Intelligence,Data Preprocessing,22,1,3,175
Software Engineering,System Design,6,2,1,138
Artificial Intelligence,Reading Research Papers,24,3,1,604
Artificial Intelligence,Math/Algorithm Review,3,2,2,35
Software Engineering,System Design,3,3,2,64
Computer Networks,Lab Simulation,20,2,2,326
Artificial Intelligence,Data Preprocessing,16,1,2,156
Artificial Intelligence,Writing Code,23,1,3,149
Computer Networks,Security Auditing,19,2,2,295
Software Engineering,Writing Code,23,2,1,400
Artificial Intelligence,Reading Research Papers,18,1,1,249
Artificial Intelligence,Model Training,7,2,2,109
Artificial Intelligence,Writing Code,7,2,2,93
Artificial Intelligence,Model Training,7,2,1,140
Software Engineering,System Design,16,1,3,90
Software Engineering,Writing Code,14,2,1,342
Artificial Intelligence,Data Preprocessing,24,2,1,445
Artificial Intelligence,Model Training,22,2,1,490
Software Engineering,Reading Documentation,19,2,2,294
Artificial Intelligence,Model Training,8,1,3,62
Computer Networks,Lab Simulation,23,2,1,375
Computer Networks,Lab Simulation,5,2,1,100
Computer Networks,Reading Protocols,14,2,2,214
Artificial Intelligence,Data Preprocessing,19,2,1,355
Artificial Intelligence,Data Preprocessing,19,2,3,235
Computer Networks,Lab Simulation,5,3,2,115
Computer Networks,Lab Simulation,24,3,2,505
Computer Networks,Configuring Routers,22,1,2,164
Artificial Intelligence,Writing Code,11,2,1,191
Software Engineering,Code Review,11,2,2,204
Computer Networks,Lab Simulation,14,3,1,421
Computer Networks,Lab Simulation,22,2,1,534
Computer Networks,Network Troubleshooting,2,1,3,16
Software Engineering,Debugging,17,1,1,222
Software Engineering,Code Review,7,1,2,64
Computer Networks,Security Auditing,13,3,2,244
Software Engineering,Writing Code,7,2,3,64
Software Engineering,Code Review,11,2,2,179
Software Engineering,Debugging,5,2,1,111
Artificial Intelligence,Reading Research Papers,17,1,3,117
Software Engineering,Code Review,22,2,1,518
Software Engineering,Debugging,3,2,1,77
Artificial Intelligence,Math/Algorithm Review,11,2,2,161
Artificial Intelligence,Data Preprocessing,22,2,1,553
Computer Networks,Network Troubleshooting,24,1,2,251
Software Engineering,System Design,7,3,2,102
Software Engineering,System Design,23,3,1,821
Computer Networks,Lab Simulation,5,1,1,73
Artificial Intelligence,Math/Algorithm Review,20,2,1,495
Software Engineering,System Design,17,2,2,223
Computer Networks,Lab Simulation,7,1,3,50
Computer Networks,Network Troubleshooting,9,2,1,167
Computer Networks,Reading Protocols,24,2,1,607
Computer Networks,Lab Simulation,24,3,2,437
Artificial Intelligence,Math/Algorithm Review,22,1,1,345
Computer Networks,Lab Simulation,15,2,2,232
Computer Networks,Configuring Routers,16,1,2,130
Artificial Intelligence,Data Preprocessing,22,1,3,136
Artificial Intelligence,Model Training,5,1,2,50
Computer Networks,Reading Protocols,15,3,1,452
Software Engineering,Writing Code,15,3,2,380
Artificial Intelligence,Writing Code,5,1,2,54
Computer Networks,Configuring Routers,5,3,2,102
Software Engineering,Debugging,11,1,2,106
Artificial Intelligence,Reading Research Papers,11,2,2,153
Artificial Intelligence,Reading Research Papers,24,2,2,464
Software Engineering,Code Review,8,2,2,95
Artificial Intelligence,Reading Research Papers,8,2,1,151
Computer Networks,Lab Simulation,19,2,1,379
Software Engineering,Writing Code,7,3,2,166
Computer Networks,Reading Protocols,4,2,2,62
Artificial Intelligence,Math/Algorithm Review,2,2,3,23
Artificial Intelligence,Reading Research Papers,12,2,2,207
Artificial Intelligence,Writing Code,18,1,3,136
Computer Networks,Security Auditing,24,2,2,331
Computer Networks,Reading Protocols,19,2,3,207
Computer Networks,Configuring Routers,8,2,2,109
Software Engineering,Reading Documentation,7,3,3,105
Computer Networks,Lab Simulation,22,1,2,225
Computer Networks,Network Troubleshooting,11,1,3,69
Software Engineering,Debugging,2,2,1,42
Software Engineering,Debugging,23,1,1,344
Artificial Intelligence,Writing Code,21,2,3,191
Artificial Intelligence,Reading Research Papers,3,3,3,35
Software Engineering,Writing Code,22,2,2,343
Software Engineering,Code Review,23,2,2,178
Computer Networks,Security Auditing,20,1,2,204
Artificial Intelligence,Math/Algorithm Review,6,2,2,76
Software Engineering,Writing Code,22,1,2,245
Computer Networks,Configuring Routers,1,2,1,18
Computer Networks,Security Auditing,6,2,2,91
Computer Networks,Configuring Routers,8,1,2,77
Artificial Intelligence,Data Preprocessing,1,3,1,26
Software Engineering,Writing Code,13,3,1,361
Artificial Intelligence,Writing Code,9,2,2,150
Computer Networks,Security Auditing,17,2,1,392
Artificial Intelligence,Math/Algorithm Review,16,3,1,425
Computer Networks,Security Auditing,22,1,1,304
Software Engineering,Writing Code,15,2,2,270
Artificial Intelligence,Math/Algorithm Review,14,2,3,135
Artificial Intelligence,Writing Code,15,1,2,130
Artificial Intelligence,Writing Code,8,3,3,130
Artificial Intelligence,Math/Algorithm Review,13,2,1,287
Artificial Intelligence,Model Training,1,3,3,17
Artificial Intelligence,Writing Code,15,1,1,200
Computer Networks,Network Troubleshooting,19,3,1,638
Computer Networks,Reading Protocols,22,2,2,318
Computer Networks,Lab Simulation,16,3,2,275
Software Engineering,Debugging,5,1,3,32
Artificial Intelligence,Data Preprocessing,5,2,2,69
Software Engineering,Writing Code,15,2,1,244
Computer Networks,Configuring Routers,11,3,2,258
Computer Networks,Lab Simulation,8,3,2,202
Software Engineering,System Design,19,1,1,270
Computer Networks,Security Auditing,12,2,2,190
Computer Networks,Lab Simulation,6,2,2,91
Software Engineering,Code Review,4,2,3,50
Artificial Intelligence,Data Preprocessing,15,3,3,198
Artificial Intelligence,Data Preprocessing,22,3,1,694
Software Engineering,Writing Code,9,2,2,115
Computer Networks,Network Troubleshooting,11,2,3,108
Artificial Intelligence,Math/Algorithm Review,20,2,1,384
Artificial Intelligence,Model Training,14,3,1,369
Artificial Intelligence,Writing Code,11,2,3,109
Computer Networks,Network Troubleshooting,24,2,2,403
Software Engineering,Reading Documentation,3,3,2,50
Artificial Intelligence,Model Training,20,2,3,180
Software Engineering,Reading Documentation,12,2,1,245
Computer Networks,Reading Protocols,15,1,1,197
Artificial Intelligence,Model Training,15,2,2,256
Software Engineering,Writing Code,15,1,2,142
Computer Networks,Network Troubleshooting,19,2,2,363
Artificial Intelligence,Writing Code,20,3,3,318
Software Engineering,Debugging,21,2,2,340
Artificial Intelligence,Math/Algorithm Review,24,1,1,260
Computer Networks,Network Troubleshooting,13,2,2,185
Computer Networks,Network Troubleshooting,19,1,1,223
Software Engineering,Debugging,24,2,2,333
Computer Networks,Reading Protocols,8,2,2,144
Software Engineering,System Design,5,3,3,86
Computer Networks,Network Troubleshooting,2,3,3,35
Software Engineering,System Design,5,2,2,71
Computer Networks,Network Troubleshooting,1,2,3,12
Artificial Intelligence,Writing Code,22,2,1,553
Software Engineering,Debugging,21,1,2,217
Artificial Intelligence,Math/Algorithm Review,9,1,2,87
Artificial Intelligence,Math/Algorithm Review,8,1,2,59
Computer Networks,Security Auditing,22,2,3,181
Computer Networks,Lab Simulation,17,2,1,337
Software Engineering,Code Review,4,2,2,50
Artificial Intelligence,Math/Algorithm Review,15,3,2,328
Software Engineering,Reading Documentation,14,2,3,169
Computer Networks,Network Troubleshooting,1,1,2,8
Software Engineering,Reading Documentation,24,2,1,478
Artificial Intelligence,Data Preprocessing,6,1,3,40
Software Engineering,Reading Documentation,10,2,2,139
Computer Networks,Reading Protocols,4,2,2,59
Artificial Intelligence,Math/Algorithm Review,11,2,2,122
Computer Networks,Network Troubleshooting,7,1,2,76
Software Engineering,System Design,10,3,2,204
Software Engineering,System Design,6,2,2,90
Artificial Intelligence,Math/Algorithm Review,19,2,2,246
Software Engineering,Reading Documentation,17,3,3,328
Artificial Intelligence,Math/Algorithm Review,6,1,1,70
Software Engineering,Reading Documentation,13,2,1,177
Computer Networks,Lab Simulation,16,2,1,419
Computer Networks,Configuring Routers,5,1,1,66
Software Engineering,Writing Code,4,1,2,45
Computer Networks,Reading Protocols,9,2,3,83
Artificial Intelligence,Writing Code,12,2,1,220
Artificial Intelligence,Data Preprocessing,20,2,3,172
Software Engineering,Debugging,22,2,3,187
Artificial Intelligence,Data Preprocessing,22,3,2,488
Software Engineering,Code Review,11,3,2,255
Software Engineering,Writing Code,24,1,2,182
Artificial Intelligence,Math/Algorithm Review,2,2,2,33
Computer Networks,Configuring Routers,20,1,1,237
Artificial Intelligence,Data Preprocessing,15,2,1,352
Artificial Intelligence,Writing Code,24,2,2,334
Artificial Intelligence,Reading Research Papers,4,1,3,35
Artificial Intelligence,Writing Code,10,1,1,93
Software Engineering,Code Review,13,2,2,200
Software Engineering,Debugging,21,2,2,312
Software Engineering,Writing Code,2,1,1,31
Artificial Intelligence,Writing Code,17,3,1,439
Software Engineering,Debugging,3,3,2,57
Artificial Intelligence,Writing Code,8,3,3,156
Computer Networks,Configuring Routers,10,1,1,114
Computer Networks,Reading Protocols,5,1,1,81
Software Engineering,Debugging,21,2,1,541
Software Engineering,Code Review,7,1,2,72
Software Engineering,Code Review,15,1,1,219
Computer Networks,Reading Protocols,11,2,3,121
Software Engineering,System Design,11,2,3,126
Computer Networks,Configuring Routers,1,3,1,34
Artificial Intelligence,Reading Research Papers,19,2,1,299
Computer Networks,Reading Protocols,21,2,2,276
Artificial Intelligence,Writing Code,8,1,1,121
Artificial Intelligence,Model Training,7,2,2,97
Computer Networks,Lab Simulation,14,2,2,194
Software Engineering,Code Review,1,2,2,11
Artificial Intelligence,Data Preprocessing,15,2,3,196
Computer Networks,Configuring Routers,6,1,3,35
Computer Networks,Lab Simulation,9,1,2,117
Artificial Intelligence,Model Training,14,3,3,200
Software Engineering,Code Review,16,2,3,149
Software Engineering,System Design,13,1,1,139
Computer Networks,Security Auditing,5,1,2,40
Artificial Intelligence,Reading Research Papers,7,1,1,63
Computer Networks,Reading Protocols,9,1,1,125
Computer Networks,Configuring Routers,12,1,3,93
Computer Networks,Network Troubleshooting,18,2,2,236
Artificial Intelligence,Writing Code,8,2,1,174
Artificial Intelligence,Math/Algorithm Review,14,2,2,201
Computer Networks,Lab Simulation,16,2,3,184
Artificial Intelligence,Data Preprocessing,20,3,1,559
Artificial Intelligence,Reading Research Papers,12,3,2,321
Computer Networks,Network Troubleshooting,17,2,2,231
Artificial Intelligence,Model Training,21,3,1,685
Artificial Intelligence,Math/Algorithm Review,22,2,1,438
Computer Networks,Configuring Routers,8,1,3,61
Software Engineering,Reading Documentation,3,3,2,63
Artificial Intelligence,Model Training,17,2,2,263
Software Engineering,Code Review,12,3,2,271
Software Engineering,Code Review,1,1,3,6
Computer Networks,Reading Protocols,16,2,3,194
Computer Networks,Configuring Routers,6,1,2,66
Artificial Intelligence,Writing Code,19,3,3,308
Computer Networks,Security Auditing,23,1,2,267
Artificial Intelligence,Reading Research Papers,9,2,2,112
Artificial Intelligence,Model Training,18,3,2,430
Computer Networks,Lab Simulation,23,2,2,412
Artificial Intelligence,Data Preprocessing,4,1,3,33
Artificial Intelligence,Model Training,18,1,3,142
Artificial Intelligence,Model Training,22,1,2,161
Computer Networks,Reading Protocols,10,2,1,177
Software Engineering,Code Review,13,1,3,93
Computer Networks,Network Troubleshooting,17,2,1,390
Computer Networks,Security Auditing,9,2,1,143
Computer Networks,Lab Simulation,12,2,3,109
Computer Networks,Network Troubleshooting,17,2,1,338
Artificial Intelligence,Writing Code,2,3,2,43
Computer Networks,Configuring Routers,7,3,3,120
Software Engineering,Code Review,17,3,1,498
Computer Networks,Network Troubleshooting,12,2,3,154
Software Engineering,System Design,12,1,2,149
Artificial Intelligence,Model Training,18,3,2,398
Artificial Intelligence,Math/Algorithm Review,6,2,2,105
Artificial Intelligence,Data Preprocessing,2,1,1,20
Computer Networks,Reading Protocols,3,3,1,94
Computer Networks,Reading Protocols,19,2,1,309
Computer Networks,Lab Simulation,2,1,3,14
Computer Networks,Configuring Routers,9,1,3,56
Software Engineering,System Design,3,1,1,27
Computer Networks,Network Troubleshooting,2,1,2,24
Software Engineering,Reading Documentation,22,1,2,213
Artificial Intelligence,Math/Algorithm Review,22,2,1,486
Software Engineering,System Design,20,3,1,636
Software Engineering,System Design,20,2,1,436
Artificial Intelligence,Reading Research Papers,13,2,1,250
Artificial Intelligence,Data Preprocessing,18,1,2,213
Software Engineering,Reading Documentation,1,2,1,19
Software Engineering,Code Review,12,2,2,213
Software Engineering,System Design,24,3,1,806
Computer Networks,Configuring Routers,11,2,1,219
Computer Networks,Network Troubleshooting,11,2,1,224
Computer Networks,Configuring Routers,18,3,2,424
Computer Networks,Configuring Routers,15,1,3,102
Computer Networks,Reading Protocols,21,1,2,198
Artificial Intelligence,Reading Research Papers,8,2,1,120
Artificial Intelligence,Math/Algorithm Review,11,2,1,200
Artificial Intelligence,Math/Algorithm Review,8,3,1,186
Artificial Intelligence,Model Training,4,2,2,46
Artificial Intelligence,Reading Research Papers,1,1,2,7
Artificial Intelligence,Writing Code,2,1,2,22
Artificial Intelligence,Writing Code,10,1,2,79
Software Engineering,Writing Code,8,2,1,126
Computer Networks,Security Auditing,6,2,3,65
Software Engineering,Code Review,6,1,1,87
Software Engineering,System Design,15,1,1,138
Computer Networks,Network Troubleshooting,9,2,1,174
Artificial Intelligence,Data Preprocessing,2,1,1,20
Artificial Intelligence,Writing Code,22,2,2,347
Computer Networks,Reading Protocols,4,2,1,92
Software Engineering,System Design,24,1,1,338
Software Engineering,System Design,4,2,2,66
Software Engineering,System Design,3,3,3,43
Software Engineering,Code Review,14,1,2,136
Computer Networks,Network Troubleshooting,10,2,1,194
Artificial Intelligence,Data Preprocessing,24,2,2,319
Software Engineering,System Design,7,3,2,192
Artificial Intelligence,Data Preprocessing,23,1,1,353
Computer Networks,Security Auditing,22,1,2,238
Artificial Intelligence,Reading Research Papers,16,2,1,346
Software Engineering,Reading Documentation,2,1,1,27
Computer Networks,Network Troubleshooting,7,1,1,99
Software Engineering,Writing Code,1,2,2,10
Software Engineering,Code Review,16,1,1,194
Computer Networks,Network Troubleshooting,5,2,2,80
Artificial Intelligence,Reading Research Papers,14,2,2,202
Artificial Intelligence,Math/Algorithm Review,21,2,1,640
Software Engineering,System Design,12,1,1,156
Artificial Intelligence,Math/Algorithm Review,24,2,1,383
Artificial Intelligence,Model Training,21,2,3,202
Computer Networks,Reading Protocols,16,1,1,232
Software Engineering,Writing Code,19,2,1,289
Computer Networks,Network Troubleshooting,11,2,2,133
Software Engineering,Debugging,17,2,3,198
Computer Networks,Reading Protocols,15,1,1,279
Computer Networks,Lab Simulation,9,3,1,326
Computer Networks,Reading Protocols,2,1,2,15
Software Engineering,Reading Documentation,12,2,3,117
Artificial Intelligence,Reading Research Papers,20,2,1,400
Computer Networks,Security Auditing,7,2,2,131
Software Engineering,Debugging,8,2,3,78
Artificial Intelligence,Model Training,10,2,1,256
Computer Networks,Reading Protocols,5,2,2,54
Computer Networks,Reading Protocols,7,2,2,91
Artificial Intelligence,Model Training,12,3,1,324
Computer Networks,Network Troubleshooting,10,3,2,222
Artificial Intelligence,Data Preprocessing,2,1,2,20
Computer Networks,Security Auditing,7,2,1,133
Computer Networks,Configuring Routers,6,1,2,60
Artificial Intelligence,Math/Algorithm Review,2,2,2,30
Computer Networks,Security Auditing,3,2,3,34
Computer Networks,Configuring Routers,9,2,1,201
Artificial Intelligence,Reading Research Papers,16,1,2,160
Computer Networks,Configuring Routers,11,2,1,196
Software Engineering,Writing Code,6,2,3,52
Computer Networks,Configuring Routers,2,1,1,27
Artificial Intelligence,Model Training,4,3,1,125
Software Engineering,System Design,4,1,2,41
Computer Networks,Security Auditing,9,2,1,173
Software Engineering,Writing Code,22,2,2,319
Artificial Intelligence,Model Training,20,1,2,206
Software Engineering,Writing Code,13,2,1,227
Artificial Intelligence,Reading Research Papers,21,3,2,420
Software Engineering,Debugging,23,2,2,365
Computer Networks,Security Auditing,17,2,3,129
Software Engineering,Writing Code,14,2,1,219
Software Engineering,Code Review,4,1,2,36
Computer Networks,Network Troubleshooting,20,2,2,247
Artificial Intelligence,Writing Code,16,2,2,249
Artificial Intelligence,Reading Research Papers,24,2,2,387
Artificial Intelligence,Model Training,3,1,2,25
Computer Networks,Lab Simulation,7,1,1,101
Artificial Intelligence,Data Preprocessing,20,3,1,586
Artificial Intelligence,Model Training,14,2,1,259
Artificial Intelligence,Writing Code,18,1,2,173
Computer Networks,Security Auditing,1,2,1,15
Software Engineering,Code Review,15,2,2,229
Computer Networks,Lab Simulation,5,3,1,126
Artificial Intelligence,Writing Code,7,2,2,107
Artificial Intelligence,Math/Algorithm Review,14,1,1,177
Software Engineering,Code Review,18,1,1,233
Artificial Intelligence,Math/Algorithm Review,23,3,2,435
Computer Networks,Security Auditing,6,3,1,202
Software Engineering,Debugging,6,3,2,115
Software Engineering,Reading Documentation,6,1,2,60
Software Engineering,Reading Documentation,10,1,2,88
Artificial Intelligence,Model Training,12,2,1,247
Software Engineering,Debugging,23,2,3,207
Artificial Intelligence,Model Training,20,2,3,175
Computer Networks,Configuring Routers,1,3,2,18
Artificial Intelligence,Math/Algorithm Review,14,1,1,215
Software Engineering,Code Review,23,2,1,401
Artificial Intelligence,Data Preprocessing,16,1,1,247
Artificial Intelligence,Writing Code,14,3,1,423
Computer Networks,Security Auditing,20,2,2,344
Artificial Intelligence,Data Preprocessing,8,2,1,161
Artificial Intelligence,Reading Research Papers,20,1,1,276
Computer Networks,Reading Protocols,11,1,1,167
Artificial Intelligence,Data Preprocessing,16,1,3,118
Computer Networks,Network Troubleshooting,4,2,3,43
Artificial Intelligence,Model Training,11,1,3,70
Artificial Intelligence,Reading Research Papers,12,2,2,172
Computer Networks,Security Auditing,15,3,1,421
Computer Networks,Reading Protocols,6,3,2,141
Software Engineering,System Design,15,2,2,247
Software Engineering,System Design,23,1,1,263
Artificial Intelligence,Data Preprocessing,9,3,1,252
Software Engineering,System Design,21,3,1,425
Artificial Intelligence,Math/Algorithm Review,5,1,2,55
Software Engineering,Reading Documentation,6,2,3,71
Software Engineering,Reading Documentation,10,3,2,208
Artificial Intelligence,Data Preprocessing,20,2,2,315
Software Engineering,System Design,9,2,3,99
Computer Networks,Reading Protocols,9,2,2,131
Software Engineering,Code Review,8,2,1,146
Software Engineering,Code Review,15,2,1,364
Artificial Intelligence,Data Preprocessing,24,2,2,346
Software Engineering,System Design,17,2,1,407
Software Engineering,System Design,9,2,3,85
Software Engineering,Writing Code,7,3,3,139
Software Engineering,Code Review,12,2,2,216
Software Engineering,Writing Code,15,3,1,372
Software Engineering,Code Review,6,2,2,83
Artificial Intelligence,Writing Code,9,2,3,105
Artificial Intelligence,Reading Research Papers,17,2,2,248
Computer Networks,Reading Protocols,19,3,1,704
Computer Networks,Security Auditing,16,2,3,211
Computer Networks,Configuring Routers,15,2,1,327
Computer Networks,Reading Protocols,12,3,2,263
Software Engineering,Debugging,14,1,1,194
Computer Networks,Network Troubleshooting,6,3,1,173
Software Engineering,Code Review,13,2,3,127
Artificial Intelligence,Model Training,14,2,2,232
Artificial Intelligence,Model Training,21,2,2,313
Software Engineering,Reading Documentation,3,3,1,95
Computer Networks,Reading Protocols,10,3,2,165
Artificial Intelligence,Math/Algorithm Review,11,1,2,95
Artificial Intelligence,Writing Code,4,2,1,79
Software Engineering,Writing Code,15,2,2,209
Software Engineering,Debugging,18,2,1,400
Computer Networks,Lab Simulation,12,1,2,117
Artificial Intelligence,Math/Algorithm Review,22,2,1,309
Artificial Intelligence,Reading Research Papers,18,1,2,129
Artificial Intelligence,Writing Code,4,3,1,117
Artificial Intelligence,Math/Algorithm Review,24,1,1,377
Artificial Intelligence,Reading Research Papers,10,1,1,141
Software Engineering,Reading Documentation,14,2,3,156
Software Engineering,Code Review,19,1,1,230
Software Engineering,Code Review,6,2,1,78
Software Engineering,Code Review,10,2,1,210
Software Engineering,Writing Code,21,1,1,205
Computer Networks,Configuring Routers,8,2,1,155
Artificial Intelligence,Reading Research Papers,11,2,2,200
Artificial Intelligence,Writing Code,21,1,1,245
Software Engineering,Reading Documentation,11,3,2,220
Artificial Intelligence,Data Preprocessing,18,2,3,151
Software Engineering,Writing Code,20,1,1,199
Computer Networks,Configuring Routers,4,2,1,72
Software Engineering,Code Review,3,3,2,67
Artificial Intelligence,Math/Algorithm Review,14,3,3,171
Artificial Intelligence,Math/Algorithm Review,23,2,3,252
Computer Networks,Configuring Routers,10,2,2,132
Computer Networks,Reading Protocols,3,2,1,56
Artificial Intelligence,Reading Research Papers,2,1,1,34
Artificial Intelligence,Reading Research Papers,20,2,3,214
Software Engineering,Debugging,13,1,2,120
Artificial Intelligence,Math/Algorithm Review,11,1,1,162
Computer Networks,Network Troubleshooting,7,2,1,162
Software Engineering,Debugging,5,2,2,81
Software Engineering,Reading Documentation,19,1,2,147
Computer Networks,Lab Simulation,13,1,2,90
Computer Networks,Configuring Routers,5,3,3,78
Software Engineering,Debugging,9,2,2,95
Software Engineering,Reading Documentation,11,3,2,194
Software Engineering,Debugging,2,1,2,17
Artificial Intelligence,Data Preprocessing,16,2,1,347
Artificial Intelligence,Data Preprocessing,5,2,1,97
Computer Networks,Configuring Routers,22,2,2,292
Artificial Intelligence,Data Preprocessing,11,3,2,205
Computer Networks,Reading Protocols,17,2,1,260
Software Engineering,Code Review,1,1,2,8
Software Engineering,Debugging,17,1,1,250
Artificial Intelligence,Model Training,4,2,1,57
Software Engineering,Code Review,1,2,1,18
Software Engineering,Writing Code,12,3,2,275
Artificial Intelligence,Reading Research Papers,6,1,2,61
Artificial Intelligence,Data Preprocessing,6,2,1,158
Artificial Intelligence,Reading Research Papers,23,2,1,590
Artificial Intelligence,Math/Algorithm Review,6,1,2,50
Computer Networks,Network Troubleshooting,16,2,1,297
Artificial Intelligence,Writing Code,16,1,2,149
Artificial Intelligence,Math/Algorithm Review,24,2,1,522
Computer Networks,Security Auditing,3,2,1,48
Artificial Intelligence,Model Training,7,1,3,45
Software Engineering,System Design,23,1,2,254
Computer Networks,Security Auditing,8,2,1,172
Artificial Intelligence,Data Preprocessing,1,3,2,20
Artificial Intelligence,Model Training,4,2,1,90
Computer Networks,Security Auditing,23,2,1,553
Computer Networks,Reading Protocols,24,2,2,374
Artificial Intelligence,Reading Research Papers,19,2,3,197
Artificial Intelligence,Data Preprocessing,7,3,2,138
Artificial Intelligence,Model Training,20,3,1,523
Software Engineering,Reading Documentation,13,1,3,98
Artificial Intelligence,Reading Research Papers,6,2,1,140
Software Engineering,System Design,23,2,2,346
Computer Networks,Lab Simulation,3,2,3,30
Software Engineering,Debugging,23,2,1,555
Artificial Intelligence,Data Preprocessing,8,2,2,123
Software Engineering,System Design,14,1,1,205
Software Engineering,Code Review,4,3,1,125
Software Engineering,Code Review,16,1,3,99
Artificial Intelligence,Reading Research Papers,3,2,3,33
Artificial Intelligence,Math/Algorithm Review,20,2,2,267
Computer Networks,Lab Simulation,13,1,2,106
Computer Networks,Security Auditing,13,2,2,178
Artificial Intelligence,Math/Algorithm Review,20,2,2,374
Computer Networks,Reading Protocols,11,1,1,150
Computer Networks,Reading Protocols,9,3,1,264
Artificial Intelligence,Data Preprocessing,20,1,2,152
Software Engineering,Code Review,19,2,2,258
Artificial Intelligence,Data Preprocessing,9,1,2,79
Computer Networks,Reading Protocols,12,2,1,309
Artificial Intelligence,Writing Code,22,2,2,268
Software Engineering,Writing Code,3,2,2,46
Artificial Intelligence,Data Preprocessing,4,2,2,67
Software Engineering,Writing Code,18,2,1,464
Software Engineering,Writing Code,17,1,1,262
Computer Networks,Configuring Routers,15,2,3,146
Computer Networks,Security Auditing,19,1,1,225
Artificial Intelligence,Model Training,9,1,1,115
Software Engineering,Code Review,15,2,3,151
Artificial Intelligence,Math/Algorithm Review,3,2,1,59
Artificial Intelligence,Reading Research Papers,7,2,2,89
Computer Networks,Configuring Routers,13,1,2,137
Software Engineering,Code Review,15,1,3,136
Computer Networks,Security Auditing,17,2,1,383
Software Engineering,System Design,23,1,1,329
Computer Networks,Lab Simulation,11,2,2,213
Software Engineering,Reading Documentation,9,1,2,67
Computer Networks,Configuring Routers,2,3,1,54
Software Engineering,Reading Documentation,15,2,3,144
Computer Networks,Configuring Routers,2,1,2,17
Software Engineering,Code Review,20,2,3,161
Software Engineering,Code Review,21,2,3,192
Computer Networks,Network Troubleshooting,12,3,2,207
Software Engineering,Reading Documentation,17,1,3,111
Software Engineering,Writing Code,5,2,3,52
Artificial Intelligence,Data Preprocessing,11,2,2,169
Computer Networks,Network Troubleshooting,10,1,1,138
Artificial Intelligence,Data Preprocessing,17,1,1,186
Artificial Intelligence,Data Preprocessing,16,1,2,168
Artificial Intelligence,Reading Research Papers,24,1,1,345
Computer Networks,Lab Simulation,5,2,1,81
Artificial Intelligence,Data Preprocessing,24,3,2,464
Computer Networks,Lab Simulation,16,2,1,271
Artificial Intelligence,Model Training,16,1,1,212
Computer Networks,Security Auditing,9,1,1,162
Software Engineering,Writing Code,7,1,1,96
Software Engineering,System Design,2,1,1,24
Computer Networks,Reading Protocols,10,1,1,133
Artificial Intelligence,Writing Code,18,1,1,323
Artificial Intelligence,Writing Code,16,2,2,205
Artificial Intelligence,Data Preprocessing,17,2,2,334
Software Engineering,Debugging,21,1,1,292
Software Engineering,Code Review,19,2,2,296
Computer Networks,Reading Protocols,23,2,1,412
Artificial Intelligence,Model Training,11,1,2,99
Computer Networks,Security Auditing,1,2,3,10
Artificial Intelligence,Data Preprocessing,18,2,3,169
Software Engineering,System Design,20,3,1,676
Computer Networks,Network Troubleshooting,7,1,3,53
Software Engineering,Reading Documentation,11,2,2,138
Artificial Intelligence,Reading Research Papers,15,2,2,214
Artificial Intelligence,Math/Algorithm Review,15,1,1,247
Computer Networks,Configuring Routers,19,2,2,297
Software Engineering,Reading Documentation,7,1,1,93
Computer Networks,Network Troubleshooting,1,2,3,7
Artificial Intelligence,Reading Research Papers,15,2,2,286
Software Engineering,Code Review,15,1,2,126
Software Engineering,Writing Code,24,2,1,520
Artificial Intelligence,Data Preprocessing,11,2,2,175
Computer Networks,Network Troubleshooting,23,3,2,593
Artificial Intelligence,Writing Code,21,1,3,145
Artificial Intelligence,Writing Code,15,2,1,247
Computer Networks,Lab Simulation,5,3,2,88
Software Engineering,System Design,1,1,2,9
Computer Networks,Configuring Routers,6,1,2,70
Computer Networks,Lab Simulation,5,3,2,99
Computer Networks,Security Auditing,10,2,1,225
Computer Networks,Network Troubleshooting,24,1,1,294
Artificial Intelligence,Reading Research Papers,15,3,3,234
Software Engineering,Code Review,7,2,2,90
Software Engineering,Debugging,6,1,2,40
Artificial Intelligence,Math/Algorithm Review,4,1,2,32
Computer Networks,Security Auditing,22,2,1,266
Artificial Intelligence,Data Preprocessing,8,1,3,37
Computer Networks,Network Troubleshooting,2,2,2,27
Artificial Intelligence,Data Preprocessing,5,3,1,155
Computer Networks,Configuring Routers,3,1,3,24
Software Engineering,Code Review,4,1,3,28
Artificial Intelligence,Model Training,8,1,1,102
Software Engineering,Code Review,18,2,1,340
Artificial Intelligence,Writing Code,4,2,1,90
Computer Networks,Configuring Routers,3,1,1,28
Software Engineering,Code Review,6,2,2,85
Artificial Intelligence,Reading Research Papers,24,1,3,142
Software Engineering,System Design,20,2,2,241
Computer Networks,Configuring Routers,16,3,2,433
Artificial Intelligence,Model Training,15,3,2,440
Computer Networks,Configuring Routers,13,2,1,266
Software Engineering,Debugging,15,2,3,153
Software Engineering,System Design,10,2,1,162
Software Engineering,Writing Code,18,1,3,155
Computer Networks,Security Auditing,19,3,1,491
Artificial Intelligence,Data Preprocessing,8,1,3,46
Computer Networks,Network Troubleshooting,13,2,2,185
Artificial Intelligence,Reading Research Papers,13,2,1,313
Artificial Intelligence,Writing Code,10,2,1,174
Software Engineering,Reading Documentation,15,3,3,227
Software Engineering,System Design,5,3,2,101
Computer Networks,Lab Simulation,18,1,3,98
Artificial Intelligence,Data Preprocessing,3,1,2,29
Computer Networks,Configuring Routers,14,3,3,176
Computer Networks,Network Troubleshooting,23,2,3,219
Artificial Intelligence,Writing Code,17,1,3,99
Software Engineering,Code Review,20,3,2,576
Artificial Intelligence,Data Preprocessing,24,2,1,523
Computer Networks,Network Troubleshooting,10,2,1,217
Computer Networks,Configuring Routers,11,2,2,167
Software Engineering,Debugging,21,1,1,279
Artificial Intelligence,Reading Research Papers,20,2,2,325
Artificial Intelligence,Math/Algorithm Review,23,3,1,743
Artificial Intelligence,Reading Research Papers,12,2,1,245
Software Engineering,Writing Code,15,1,3,89
Software Engineering,Reading Documentation,6,1,1,62
Computer Networks,Configuring Routers,12,3,2,289
Computer Networks,Network Troubleshooting,16,3,2,373
Software Engineering,System Design,19,3,2,451
Computer Networks,Lab Simulation,9,2,2,151
Artificial Intelligence,Writing Code,17,2,1,375
Artificial Intelligence,Model Training,10,1,1,133
Software Engineering,Writing Code,13,2,2,186
Computer Networks,Lab Simulation,5,2,2,73
Computer Networks,Security Auditing,2,1,1,22
Artificial Intelligence,Math/Algorithm Review,1,3,1,34
Artificial Intelligence,Writing Code,2,3,3,32
Computer Networks,Security Auditing,13,1,2,93
Artificial Intelligence,Reading Research Papers,10,2,1,169
Computer Networks,Configuring Routers,20,2,1,451
Artificial Intelligence,Data Preprocessing,3,2,1,45
Computer Networks,Security Auditing,24,2,1,485
Software Engineering,Writing Code,7,2,1,144
Software Engineering,Code Review,22,3,3,345
Software Engineering,Writing Code,10,3,1,192
Computer Networks,Lab Simulation,2,2,2,30
Computer Networks,Lab Simulation,20,3,1,689
Computer Networks,Reading Protocols,10,3,2,192
Computer Networks,Network Troubleshooting,4,2,2,49
Artificial Intelligence,Model Training,19,2,2,214
Software Engineering,System Design,21,2,2,234
Software Engineering,Debugging,11,1,3,50
Artificial Intelligence,Math/Algorithm Review,11,1,2,115
Artificial Intelligence,Data Preprocessing,13,1,2,114
Artificial Intelligence,Math/Algorithm Review,4,2,1,95
Software Engineering,Debugging,23,3,2,498
Software Engineering,Reading Documentation,21,1,2,206
Computer Networks,Configuring Routers,4,2,1,54
Artificial Intelligence,Math/Algorithm Review,1,2,3,10
Computer Networks,Security Auditing,8,1,1,83
Software Engineering,Code Review,11,2,3,141
Computer Networks,Configuring Routers,24,2,2,368
Software Engineering,Code Review,4,3,1,113
Computer Networks,Lab Simulation,3,2,1,67
Computer Networks,Network Troubleshooting,6,2,3,60
Computer Networks,Security Auditing,2,2,1,38
Computer Networks,Network Troubleshooting,9,2,1,173
Software Engineering,Reading Documentation,12,2,2,172
Artificial Intelligence,Math/Algorithm Review,21,2,1,512
Artificial Intelligence,Math/Algorithm Review,18,1,1,218
Computer Networks,Reading Protocols,2,1,2,15
Artificial Intelligence,Model Training,2,1,2,22
Software Engineering,Reading Documentation,20,2,3,231
Software Engineering,System Design,24,2,1,501
Artificial Intelligence,Writing Code,2,3,1,60
Software Engineering,Code Review,13,1,2,136
Artificial Intelligence,Model Training,5,1,2,52
Software Engineering,Writing Code,4,2,2,64
Software Engineering,Writing Code,3,2,3,32
Computer Networks,Security Auditing,24,2,3,294
Computer Networks,Network Troubleshooting,17,1,1,243
Software Engineering,Reading Documentation,22,3,1,840
Software Engineering,Writing Code,20,2,2,263
Computer Networks,Configuring Routers,11,2,1,193
Artificial Intelligence,Writing Code,18,2,2,273
Artificial Intelligence,Writing Code,12,2,2,152
Artificial Intelligence,Data Preprocessing,19,3,1,640
Software Engineering,Writing Code,12,3,2,232
Artificial Intelligence,Reading Research Papers,18,1,2,172
Computer Networks,Security Auditing,20,1,1,294
Software Engineering,Code Review,20,2,2,300
Computer Networks,Configuring Routers,14,2,2,129
Software Engineering,Writing Code,4,1,1,65
Software Engineering,Writing Code,16,2,1,247
Artificial Intelligence,Data Preprocessing,3,2,1,63
Computer Networks,Network Troubleshooting,16,1,1,252
Computer Networks,Reading Protocols,20,2,2,252
Computer Networks,Configuring Routers,16,3,2,441
Software Engineering,Reading Documentation,9,2,1,116
Software Engineering,Debugging,3,2,3,28
Software Engineering,Code Review,13,2,2,250
Artificial Intelligence,Data Preprocessing,17,2,3,186
Software Engineering,Code Review,12,3,1,448
Software Engineering,Debugging,10,2,3,98
Artificial Intelligence,Reading Research Papers,4,2,3,38
Software Engineering,Reading Documentation,14,1,2,153
Software Engineering,Reading Documentation,3,2,1,52
Software Engineering,System Design,15,3,3,222
Software Engineering,Debugging,17,1,1,287
Artificial Intelligence,Math/Algorithm Review,12,2,1,203
Computer Networks,Security Auditing,5,2,1,103
Artificial Intelligence,Writing Code,17,1,1,224
Computer Networks,Lab Simulation,16,2,2,240
Artificial Intelligence,Data Preprocessing,18,2,3,218
Computer Networks,Lab Simulation,11,2,2,146
Software Engineering,Debugging,18,1,3,114
Artificial Intelligence,Reading Research Papers,22,1,2,231
Computer Networks,Network Troubleshooting,23,1,2,192
Computer Networks,Reading Protocols,24,1,2,273
Computer Networks,Network Troubleshooting,10,2,2,128
Computer Networks,Network Troubleshooting,13,3,1,401
Software Engineering,System Design,5,3,1,160
Software Engineering,Writing Code,18,3,3,276
Artificial Intelligence,Writing Code,18,1,3,105
Software Engineering,Reading Documentation,22,1,2,205
Computer Networks,Network Troubleshooting,11,1,2,99
Artificial Intelligence,Math/Algorithm Review,4,2,3,39
Artificial Intelligence,Reading Research Papers,1,2,1,24
Artificial Intelligence,Model Training,24,1,1,286
Artificial Intelligence,Data Preprocessing,3,2,1,65
Artificial Intelligence,Data Preprocessing,10,1,1,100
Artificial Intelligence,Model Training,19,2,3,162
Software Engineering,Code Review,8,3,1,216
Computer Networks,Security Auditing,1,2,1,17
Artificial Intelligence,Data Preprocessing,19,1,2,186
Artificial Intelligence,Writing Code,1,2,3,9
Computer Networks,Lab Simulation,11,1,2,111
Computer Networks,Reading Protocols,18,2,2,287
Computer Networks,Reading Protocols,2,2,3,15
Artificial Intelligence,Reading Research Papers,18,3,2,378
Software Engineering,Debugging,11,2,2,180
Computer Networks,Security Auditing,12,1,1,127
Computer Networks,Lab Simulation,5,1,1,60
Computer Networks,Security Auditing,12,2,2,165
Artificial Intelligence,Data Preprocessing,12,2,2,143
Artificial Intelligence,Writing Code,3,3,1,76
Artificial Intelligence,Reading Research Papers,10,2,3,89
Computer Networks,Network Troubleshooting,3,1,2,28
Computer Networks,Configuring Routers,11,1,2,130
Software Engineering,Debugging,21,2,1,315
Artificial Intelligence,Math/Algorithm Review,2,3,1,76
Computer Networks,Lab Simulation,10,3,3,156
Computer Networks,Network Troubleshooting,11,1,2,88
Computer Networks,Security Auditing,24,3,1,742
Computer Networks,Lab Simulation,13,3,1,346
Artificial Intelligence,Writing Code,23,2,1,488
Software Engineering,System Design,22,3,3,330
Computer Networks,Network Troubleshooting,17,3,1,490
Artificial Intelligence,Data Preprocessing,10,2,1,177
Computer Networks,Network Troubleshooting,20,1,1,273
Artificial Intelligence,Writing Code,16,1,1,205
Software Engineering,Debugging,11,2,1,199
Artificial Intelligence,Data Preprocessing,6,1,3,29
Artificial Intelligence,Model Training,4,3,2,89
Artificial Intelligence,Writing Code,1,3,2,24
Artificial Intelligence,Writing Code,22,2,2,336
Computer Networks,Network Troubleshooting,6,2,1,126
Artificial Intelligence,Math/Algorithm Review,6,2,2,104
Artificial Intelligence,Math/Algorithm Review,17,1,2,152
Artificial Intelligence,Reading Research Papers,15,3,1,313
Computer Networks,Security Auditing,10,2,2,135
Software Engineering,Debugging,8,3,3,121
Software Engineering,Debugging,1,1,1,12
Artificial Intelligence,Model Training,11,2,3,102
Computer Networks,Lab Simulation,22,2,3,188
Computer Networks,Configuring Routers,18,3,1,422
Computer Networks,Security Auditing,8,2,3,81
Computer Networks,Reading Protocols,21,2,2,268
Computer Networks,Lab Simulation,2,3,2,55
Artificial Intelligence,Data Preprocessing,23,2,3,236
Software Engineering,Code Review,8,1,3,57
Artificial Intelligence,Data Preprocessing,2,1,2,17
Software Engineering,Reading Documentation,14,2,2,182
Software Engineering,Writing Code,14,1,3,108
Artificial Intelligence,Math/Algorithm Review,3,3,1,89
Computer Networks,Lab Simulation,19,2,2,211
Software Engineering,Debugging,19,2,2,208
Computer Networks,Security Auditing,22,1,1,309
Software Engineering,Debugging,22,1,1,336
Software Engineering,Debugging,9,1,1,114
Artificial Intelligence,Model Training,13,2,2,193
Computer Networks,Lab Simulation,12,3,1,414
Computer Networks,Configuring Routers,8,1,3,43
Artificial Intelligence,Model Training,24,2,3,203
Computer Networks,Security Auditing,9,2,1,182
Artificial Intelligence,Data Preprocessing,8,2,1,176
Computer Networks,Lab Simulation,17,1,2,137
Artificial Intelligence,Writing Code,5,1,1,70
Artificial Intelligence,Math/Algorithm Review,12,1,2,133
Computer Networks,Lab Simulation,22,2,1,467
Software Engineering,Reading Documentation,11,1,3,101
Computer Networks,Reading Protocols,6,2,3,43
Software Engineering,Reading Documentation,24,3,3,297
Artificial Intelligence,Writing Code,13,1,1,138
Software Engineering,Debugging,7,2,2,110
Computer Networks,Lab Simulation,8,2,1,163
Computer Networks,Reading Protocols,8,2,2,147
Computer Networks,Reading Protocols,4,2,3,43
Artificial Intelligence,Data Preprocessing,21,2,2,351
Artificial Intelligence,Reading Research Papers,13,2,3,106
Artificial Intelligence,Writing Code,4,2,1,87
Artificial Intelligence,Reading Research Papers,16,1,2,158
Computer Networks,Security Auditing,17,3,3,239
Artificial Intelligence,Model Training,23,2,2,331
Software Engineering,Debugging,20,2,3,198
Computer Networks,Reading Protocols,22,2,1,434
Artificial Intelligence,Data Preprocessing,21,2,1,546
Software Engineering,Reading Documentation,11,1,2,120
Software Engineering,Code Review,5,3,1,168
Computer Networks,Security Auditing,20,2,3,220
Artificial Intelligence,Model Training,4,2,2,47
Artificial Intelligence,Data Preprocessing,15,1,2,179
Software Engineering,Writing Code,11,1,1,141
Computer Networks,Reading Protocols,11,1,1,150
Software Engineering,Code Review,12,2,1,254
Computer Networks,Configuring Routers,13,2,1,267
Artificial Intelligence,Model Training,21,3,1,549
Artificial Intelligence,Model Training,21,1,1,266
Computer Networks,Lab Simulation,17,2,1,409
Computer Networks,Lab Simulation,7,1,1,78
Artificial Intelligence,Writing Code,12,2,2,176
Software Engineering,System Design,12,2,1,310
Artificial Intelligence,Math/Algorithm Review,7,2,3,76
Software Engineering,Reading Documentation,7,1,2,74
Artificial Intelligence,Data Preprocessing,21,2,2,319
Computer Networks,Configuring Routers,5,2,1,101
Software Engineering,Code Review,7,2,2,109
Artificial Intelligence,Reading Research Papers,17,3,2,410
Computer Networks,Reading Protocols,9,2,3,104
Software Engineering,Code Review,3,2,2,42
Artificial Intelligence,Writing Code,23,1,2,163
Computer Networks,Lab Simulation,8,1,1,107
Computer Networks,Configuring Routers,22,3,2,505
Artificial Intelligence,Data Preprocessing,2,2,3,23
Computer Networks,Lab Simulation,15,2,1,315
Computer Networks,Security Auditing,6,2,2,78
Computer Networks,Lab Simulation,13,1,1,157
Software Engineering,Code Review,15,2,2,249
Artificial Intelligence,Reading Research Papers,11,1,2,81
Software Engineering,Debugging,17,2,3,164
Artificial Intelligence,Writing Code,2,1,2,16
Computer Networks,Security Auditing,9,2,1,193
Computer Networks,Configuring Routers,18,3,2,440
Artificial Intelligence,Math/Algorithm Review,6,1,3,36
Computer Networks,Network Troubleshooting,21,2,2,230
Computer Networks,Reading Protocols,8,2,2,118
Computer Networks,Lab Simulation,13,1,1,188
Software Engineering,Debugging,13,2,2,141
Artificial Intelligence,Data Preprocessing,7,1,3,59
Artificial Intelligence,Math/Algorithm Review,6,1,1,82
Software Engineering,System Design,21,2,3,246
Artificial Intelligence,Model Training,23,1,1,298
Artificial Intelligence,Writing Code,12,2,1,218
Computer Networks,Lab Simulation,22,2,2,295
Software Engineering,Writing Code,18,2,1,338
Artificial Intelligence,Model Training,8,2,1,133
Artificial Intelligence,Model Training,3,2,2,35
Artificial Intelligence,Math/Algorithm Review,21,1,1,284
Software Engineering,Debugging,2,1,3,11
Software Engineering,System Design,17,1,2,128
Artificial Intelligence,Model Training,20,2,3,229
Software Engineering,Debugging,5,1,3,37
Computer Networks,Network Troubleshooting,4,2,2,53
Software Engineering,Reading Documentation,14,2,1,326
Computer Networks,Configuring Routers,8,2,3,94
Computer Networks,Security Auditing,16,1,1,215
Software Engineering,System Design,14,1,3,90
Artificial Intelligence,Reading Research Papers,21,3,1,539
Artificial Intelligence,Writing Code,21,2,1,494
Artificial Intelligence,Data Preprocessing,3,2,1,49
Artificial Intelligence,Data Preprocessing,16,2,1,304
Software Engineering,System Design,1,2,3,12
Artificial Intelligence,Math/Algorithm Review,7,1,2,81
Computer Networks,Reading Protocols,21,2,1,368
Artificial Intelligence,Data Preprocessing,1,3,1,33
Computer Networks,Security Auditing,13,1,2,122
Software Engineering,Debugging,1,2,2,15
Computer Networks,Reading Protocols,4,2,3,45
Artificial Intelligence,Model Training,9,3,1,318
Artificial Intelligence,Math/Algorithm Review,15,1,2,160
Artificial Intelligence,Writing Code,15,2,3,164
Artificial Intelligence,Data Preprocessing,22,3,2,514
Artificial Intelligence,Model Training,11,1,3,75
Computer Networks,Network Troubleshooting,3,1,1,44
Artificial Intelligence,Reading Research Papers,21,2,2,297
Software Engineering,System Design,10,2,2,149
Software Engineering,System Design,10,2,2,152
Computer Networks,Lab Simulation,1,2,3,9
Artificial Intelligence,Math/Algorithm Review,10,1,3,49
Software Engineering,Debugging,11,1,1,126
Software Engineering,Debugging,15,2,1,297
Software Engineering,Code Review,14,1,2,141
Software Engineering,Debugging,12,1,3,82
Artificial Intelligence,Model Training,19,1,1,231
Artificial Intelligence,Math/Algorithm Review,1,2,2,12
Artificial Intelligence,Math/Algorithm Review,17,3,1,505
Software Engineering,Reading Documentation,19,1,2,185
Computer Networks,Configuring Routers,19,2,3,174
Software Engineering,Reading Documentation,5,3,3,75
Software Engineering,Writing Code,19,1,1,330
Computer Networks,Lab Simulation,13,1,1,203
Software Engineering,Writing Code,9,1,2,90
Software Engineering,Code Review,14,2,1,320
Artificial Intelligence,Reading Research Papers,20,3,3,345
Computer Networks,Security Auditing,17,3,1,512
Artificial Intelligence,Reading Research Papers,2,2,2,23
Software Engineering,Code Review,10,3,3,117
Artificial Intelligence,Reading Research Papers,7,2,1,139
Artificial Intelligence,Model Training,10,1,2,101
Artificial Intelligence,Math/Algorithm Review,16,3,1,459
Software Engineering,Code Review,7,1,3,48
Software Engineering,System Design,11,1,2,108
Artificial Intelligence,Math/Algorithm Review,21,2,1,433
Computer Networks,Security Auditing,22,1,2,225
Software Engineering,System Design,9,3,1,301
Computer Networks,Configuring Routers,11,2,2,180
Artificial Intelligence,Reading Research Papers,9,3,1,233
Computer Networks,Network Troubleshooting,2,1,2,23
Computer Networks,Configuring Routers,15,2,1,302
Artificial Intelligence,Model Training,2,2,2,28
Artificial Intelligence,Data Preprocessing,12,1,2,116
Software Engineering,Debugging,11,2,1,212
Software Engineering,Debugging,10,2,2,134
Artificial Intelligence,Reading Research Papers,21,3,1,802
Computer Networks,Reading Protocols,16,2,2,236
Computer Networks,Lab Simulation,5,1,2,46
Computer Networks,Lab Simulation,2,2,1,44
Software Engineering,Code Review,22,2,2,271
Artificial Intelligence,Model Training,18,2,1,388
Artificial Intelligence,Reading Research Papers,4,1,1,57
Computer Networks,Configuring Routers,19,2,1,243
Software Engineering,Writing Code,15,2,1,308
Computer Networks,Configuring Routers,19,2,1,447
Software Engineering,Writing Code,7,2,3,57
Software Engineering,Debugging,6,2,2,69
Artificial Intelligence,Writing Code,24,1,2,178
Computer Networks,Network Troubleshooting,2,3,3,30
Computer Networks,Security Auditing,13,2,2,185
Artificial Intelligence,Model Training,6,2,2,84
Artificial Intelligence,Math/Algorithm Review,16,1,3,105
Software Engineering,Debugging,2,2,2,22
Computer Networks,Network Troubleshooting,18,2,1,326
Software Engineering,Writing Code,13,2,3,116
Computer Networks,Network Troubleshooting,19,3,1,545
Artificial Intelligence,Math/Algorithm Review,22,1,2,199
Artificial Intelligence,Reading Research Papers,3,2,3,25
Software Engineering,Writing Code,18,1,2,203
Artificial Intelligence,Data Preprocessing,24,2,3,283
Computer Networks,Network Troubleshooting,5,2,2,52
Software Engineering,Reading Documentation,7,3,2,163
Artificial Intelligence,Reading Research Papers,24,1,1,258
Artificial Intelligence,Model Training,24,1,3,186
Artificial Intelligence,Model Training,6,2,2,99
Software Engineering,System Design,7,2,1,140
Artificial Intelligence,Model Training,19,1,1,300
Artificial Intelligence,Data Preprocessing,2,2,2,21
Computer Networks,Lab Simulation,6,2,2,88
Computer Networks,Network Troubleshooting,16,3,3,350
Artificial Intelligence,Reading Research Papers,20,3,1,552
Artificial Intelligence,Writing Code,23,2,2,409
Software Engineering,Reading Documentation,1,3,3,14
Artificial Intelligence,Math/Algorithm Review,20,2,3,215
Software Engineering,Reading Documentation,9,3,2,199
Software Engineering,Code Review,20,3,2,429
Artificial Intelligence,Writing Code,21,1,1,229
Computer Networks,Lab Simulation,16,2,2,196
Software Engineering,Writing Code,20,1,1,247
Computer Networks,Reading Protocols,16,2,3,135
Software Engineering,Reading Documentation,22,3,2,485
Artificial Intelligence,Math/Algorithm Review,2,3,2,47
Artificial Intelligence,Reading Research Papers,15,1,1,159
Computer Networks,Lab Simulation,4,2,2,50
Computer Networks,Reading Protocols,16,2,1,383
Artificial Intelligence,Reading Research Papers,16,3,2,347
Artificial Intelligence,Math/Algorithm Review,11,1,1,192
Computer Networks,Security Auditing,21,3,2,453
Software Engineering,Reading Documentation,18,2,3,162
Software Engineering,Code Review,8,2,2,74
Computer Networks,Lab Simulation,18,3,1,644
Computer Networks,Lab Simulation,17,1,2,160
Computer Networks,Security Auditing,22,1,3,158
Software Engineering,System Design,21,1,2,214
Artificial Intelligence,Writing Code,11,2,1,218
Artificial Intelligence,Data Preprocessing,12,1,3,59
Artificial Intelligence,Math/Algorithm Review,8,1,1,99
Artificial Intelligence,Writing Code,19,3,3,308
Software Engineering,Code Review,15,2,1,243
Computer Networks,Lab Simulation,12,2,1,259
Computer Networks,Lab Simulation,1,1,1,11
Software Engineering,Debugging,16,1,1,215
Artificial Intelligence,Math/Algorithm Review,14,3,3,253
Software Engineering,System Design,4,1,1,57
Software Engineering,Code Review,20,3,2,585
Computer Networks,Lab Simulation,24,1,2,209
Software Engineering,System Design,10,2,2,139
Computer Networks,Security Auditing,15,2,2,211
Artificial Intelligence,Data Preprocessing,1,2,1,14
Software Engineering,Debugging,5,2,1,106
Computer Networks,Reading Protocols,23,3,1,596
Software Engineering,Code Review,15,2,3,179
Artificial Intelligence,Writing Code,21,1,2,144
Computer Networks,Security Auditing,12,2,2,193
Artificial Intelligence,Reading Research Papers,22,2,1,486
Artificial Intelligence,Reading Research Papers,15,1,1,161
Artificial Intelligence,Model Training,2,2,1,37
Computer Networks,Network Troubleshooting,7,3,1,168
Software Engineering,Reading Documentation,13,3,1,376
Artificial Intelligence,Writing Code,7,1,1,104
Artificial Intelligence,Reading Research Papers,11,2,2,160
Computer Networks,Configuring Routers,14,2,2,186
Computer Networks,Reading Protocols,20,2,2,290
Computer Networks,Network Troubleshooting,10,2,1,134
Computer Networks,Reading Protocols,2,2,1,40
Computer Networks,Configuring Routers,19,1,1,316
Computer Networks,Security Auditing,18,2,2,279
Artificial Intelligence,Model Training,12,2,2,176
Software Engineering,System Design,17,1,1,267
Artificial Intelligence,Data Preprocessing,3,2,1,58
Computer Networks,Network Troubleshooting,16,2,3,181
Computer Networks,Lab Simulation,20,2,2,251
Artificial Intelligence,Math/Algorithm Review,17,2,2,268
Computer Networks,Reading Protocols,24,3,3,524
Software Engineering,Writing Code,3,1,1,32
Computer Networks,Lab Simulation,22,2,3,273
Software Engineering,Writing Code,13,1,1,151
Computer Networks,Lab Simulation,10,3,2,192
Artificial Intelligence,Writing Code,19,3,2,393
Software Engineering,Code Review,7,2,2,96
Software Engineering,System Design,15,1,2,181
Computer Networks,Security Auditing,3,1,1,36
Software Engineering,System Design,18,1,3,118
Computer Networks,Network Troubleshooting,16,2,3,131
Artificial Intelligence,Writing Code,21,2,2,391
Artificial Intelligence,Model Training,13,2,1,274
Software Engineering,Code Review,24,3,3,381
Software Engineering,Reading Documentation,13,2,3,149
Computer Networks,Configuring Routers,18,3,2,321
Software Engineering,Code Review,8,2,3,88
Artificial Intelligence,Reading Research Papers,14,2,2,199
Software Engineering,Code Review,4,1,2,48
Computer Networks,Network Troubleshooting,7,2,2,102
Artificial Intelligence,Data Preprocessing,10,2,1,194
Software Engineering,Reading Documentation,22,3,2,407
Software Engineering,Reading Documentation,18,1,2,148
Artificial Intelligence,Writing Code,18,2,3,186
Software Engineering,System Design,10,2,2,113
Computer Networks,Network Troubleshooting,11,2,2,157
Software Engineering,Writing Code,22,1,2,180
Software Engineering,Code Review,22,2,3,217
Artificial Intelligence,Math/Algorithm Review,19,1,3,139
Software Engineering,System Design,10,1,1,136
Computer Networks,Security Auditing,18,1,2,144
Computer Networks,Security Auditing,20,1,1,186
Computer Networks,Security Auditing,17,1,1,271
Artificial Intelligence,Reading Research Papers,1,2,2,15
Artificial Intelligence,Data Preprocessing,3,2,1,64
Software Engineering,System Design,18,1,3,129
Computer Networks,Reading Protocols,7,1,2,70
Software Engineering,Debugging,5,1,2,47
Artificial Intelligence,Math/Algorithm Review,23,1,1,380
Computer Networks,Network Troubleshooting,8,2,2,87
Computer Networks,Security Auditing,24,1,1,180
Software Engineering,Debugging,3,1,2,33
Software Engineering,System Design,22,2,1,357
Software Engineering,System Design,1,3,2,19
Software Engineering,System Design,22,2,1,414
Artificial Intelligence,Math/Algorithm Review,18,2,3,199
Computer Networks,Security Auditing,5,2,2,76
Software Engineering,Reading Documentation,15,2,3,129
Software Engineering,Debugging,24,2,1,490
Computer Networks,Network Troubleshooting,15,1,1,164
Computer Networks,Network Troubleshooting,16,3,1,461
Computer Networks,Network Troubleshooting,6,2,3,70
Artificial Intelligence,Reading Research Papers,8,1,2,83
Computer Networks,Reading Protocols,18,3,2,314
Computer Networks,Reading Protocols,18,1,3,103
Computer Networks,Configuring Routers,22,3,2,616
Artificial Intelligence,Model Training,10,2,3,145
Computer Networks,Security Auditing,9,3,1,357
Computer Networks,Configuring Routers,6,1,1,68
Computer Networks,Reading Protocols,22,2,3,178
Computer Networks,Configuring Routers,15,3,3,250
Artificial Intelligence,Math/Algorithm Review,13,2,2,165
Computer Networks,Configuring Routers,24,1,1,241
Computer Networks,Network Troubleshooting,19,1,3,155
Artificial Intelligence,Data Preprocessing,19,3,1,590
Computer Networks,Configuring Routers,6,1,2,71
Artificial Intelligence,Data Preprocessing,8,1,1,106
Software Engineering,Writing Code,20,3,3,307
Artificial Intelligence,Writing Code,1,3,2,24
Software Engineering,Debugging,2,2,2,23
Computer Networks,Reading Protocols,10,3,2,199
Computer Networks,Lab Simulation,8,3,2,184
Software Engineering,System Design,15,2,1,280
Artificial Intelligence,Data Preprocessing,20,2,3,238
Computer Networks,Security Auditing,19,2,2,332
Artificial Intelligence,Math/Algorithm Review,14,1,1,205
Artificial Intelligence,Writing Code,1,2,2,11
Artificial Intelligence,Writing Code,12,2,3,116
Artificial Intelligence,Data Preprocessing,12,1,1,190
Artificial Intelligence,Writing Code,12,2,3,119
Computer Networks,Reading Protocols,22,2,1,368
Computer Networks,Configuring Routers,23,1,3,175
Software Engineering,Code Review,17,2,2,190
Artificial Intelligence,Writing Code,20,1,2,149
Artificial Intelligence,Reading Research Papers,17,1,1,224
Software Engineering,Writing Code,20,2,3,180
Computer Networks,Lab Simulation,12,2,2,154
Artificial Intelligence,Data Preprocessing,2,2,1,46
Artificial Intelligence,Reading Research Papers,16,3,1,532
Computer Networks,Configuring Routers,9,3,1,249
Computer Networks,Network Troubleshooting,4,3,1,145
Computer Networks,Network Troubleshooting,13,2,1,269
Computer Networks,Network Troubleshooting,22,1,1,263
Artificial Intelligence,Model Training,13,2,3,113
Artificial Intelligence,Reading Research Papers,23,3,2,546
Artificial Intelligence,Model Training,22,1,1,308
Computer Networks,Network Troubleshooting,24,2,1,539
Artificial Intelligence,Model Training,2,3,2,38
Artificial Intelligence,Writing Code,21,1,3,153
Computer Networks,Lab Simulation,15,2,3,134
Software Engineering,System Design,24,3,1,835
Software Engineering,Debugging,9,2,2,122
Software Engineering,Reading Documentation,5,1,2,63
Artificial Intelligence,Writing Code,6,2,1,143
Computer Networks,Lab Simulation,10,2,1,161
Software Engineering,Code Review,4,2,2,62
Artificial Intelligence,Model Training,4,2,1,74
Artificial Intelligence,Writing Code,4,1,1,60
Artificial Intelligence,Data Preprocessing,17,2,2,237
Software Engineering,Debugging,4,2,2,53
Computer Networks,Configuring Routers,22,3,2,547
Computer Networks,Security Auditing,16,3,3,269
Software Engineering,Code Review,13,1,2,103
Artificial Intelligence,Math/Algorithm Review,20,3,2,498
Software Engineering,System Design,20,3,2,508
Software Engineering,Reading Documentation,20,3,3,364
Software Engineering,Reading Documentation,11,3,2,160
Computer Networks,Reading Protocols,2,2,1,37
Computer Networks,Lab Simulation,22,1,3,132
Artificial Intelligence,Model Training,5,3,1,158
Computer Networks,Network Troubleshooting,1,3,2,23
Artificial Intelligence,Data Preprocessing,1,2,1,18
Computer Networks,Lab Simulation,10,1,1,125
Computer Networks,Network Troubleshooting,22,1,1,317
Artificial Intelligence,Math/Algorithm Review,6,2,3,77
Software Engineering,Writing Code,16,2,2,323
Artificial Intelligence,Writing Code,13,2,1,260
Computer Networks,Lab Simulation,1,2,2,17
Software Engineering,Writing Code,9,3,2,160
Computer Networks,Security Auditing,9,2,2,138
Artificial Intelligence,Model Training,10,2,1,198
Software Engineering,Writing Code,8,3,2,174
Software Engineering,Writing Code,12,1,1,143
Artificial Intelligence,Data Preprocessing,11,2,1,185
Artificial Intelligence,Writing Code,13,1,1,144
Computer Networks,Reading Protocols,23,1,2,288
Artificial Intelligence,Math/Algorithm Review,15,1,3,88
Software Engineering,System Design,16,1,2,95
Computer Networks,Network Troubleshooting,10,2,1,247
Computer Networks,Reading Protocols,6,2,1,122
Artificial Intelligence,Writing Code,13,2,2,239
Artificial Intelligence,Writing Code,5,2,1,120
Computer Networks,Network Troubleshooting,18,1,1,226
Computer Networks,Configuring Routers,4,1,1,51
Artificial Intelligence,Model Training,14,1,2,120
Computer Networks,Lab Simulation,13,3,1,428
Artificial Intelligence,Writing Code,14,2,1,265
Artificial Intelligence,Model Training,22,1,1,290
Artificial Intelligence,Math/Algorithm Review,14,2,1,192
Artificial Intelligence,Model Training,10,2,1,129
Computer Networks,Network Troubleshooting,17,2,2,249
Computer Networks,Configuring Routers,20,2,1,450
Artificial Intelligence,Data Preprocessing,10,1,2,90
Software Engineering,System Design,2,2,1,47
Computer Networks,Reading Protocols,24,1,2,221
Computer Networks,Reading Protocols,24,1,3,112
Artificial Intelligence,Model Training,10,2,2,156
Artificial Intelligence,Writing Code,21,1,2,201
Computer Networks,Configuring Routers,21,3,2,517
Artificial Intelligence,Reading Research Papers,12,1,2,87
Computer Networks,Lab Simulation,24,3,2,461
Artificial Intelligence,Writing Code,21,2,3,248
Artificial Intelligence,Writing Code,5,1,2,37
Computer Networks,Reading Protocols,16,1,1,194
Computer Networks,Lab Simulation,8,2,2,124
Software Engineering,Code Review,21,3,1,620
Software Engineering,Reading Documentation,1,1,1,16
Artificial Intelligence,Math/Algorithm Review,1,1,1,15
Software Engineering,System Design,3,2,2,39
Computer Networks,Security Auditing,4,2,2,40
Computer Networks,Reading Protocols,21,2,1,369
Artificial Intelligence,Reading Research Papers,3,2,2,48
Computer Networks,Configuring Routers,14,2,1,167
Artificial Intelligence,Model Training,22,1,1,295
Artificial Intelligence,Writing Code,6,2,1,107
Artificial Intelligence,Model Training,10,1,2,83
Software Engineering,Writing Code,20,2,3,230
Computer Networks,Configuring Routers,24,2,1,425
Computer Networks,Network Troubleshooting,17,2,3,188
Software Engineering,Reading Documentation,21,2,3,156
Software Engineering,Reading Documentation,5,1,3,32
Software Engineering,Writing Code,3,2,2,49
Computer Networks,Lab Simulation,24,3,1,574
Computer Networks,Reading Protocols,18,1,1,207
Computer Networks,Reading Protocols,9,2,2,130
Computer Networks,Configuring Routers,13,1,1,148
Software Engineering,Reading Documentation,17,2,1,243
Computer Networks,Lab Simulation,13,3,2,308
Software Engineering,Writing Code,1,1,3,6
Artificial Intelligence,Model Training,13,2,3,112
Computer Networks,Configuring Routers,3,3,2,47
Software Engineering,System Design,8,2,2,104
Computer Networks,Lab Simulation,19,2,2,234
Software Engineering,Code Review,22,2,1,431
Software Engineering,Debugging,1,1,1,13
Computer Networks,Security Auditing,24,1,2,203
Artificial Intelligence,Math/Algorithm Review,20,2,2,260
Software Engineering,Reading Documentation,10,1,2,111
Software Engineering,Debugging,8,1,2,82
Computer Networks,Security Auditing,24,1,1,295
Artificial Intelligence,Model Training,2,2,3,16
Computer Networks,Network Troubleshooting,3,2,2,49
Computer Networks,Configuring Routers,16,1,1,181
Software Engineering,Debugging,17,2,1,322
Computer Networks,Configuring Routers,19,2,2,256
Software Engineering,Reading Documentation,14,1,2,114
Software Engineering,System Design,9,2,3,85
Computer Networks,Network Troubleshooting,1,3,3,15
Software Engineering,Code Review,7,1,2,68
Software Engineering,Debugging,6,3,3,118
Artificial Intelligence,Data Preprocessing,21,2,1,577
Software Engineering,Writing Code,9,2,3,63
Software Engineering,Reading Documentation,8,2,1,177
Computer Networks,Network Troubleshooting,8,3,1,274
Computer Networks,Security Auditing,4,2,1,74
Artificial Intelligence,Data Preprocessing,8,2,2,137
Computer Networks,Network Troubleshooting,15,2,2,196
Artificial Intelligence,Writing Code,11,2,2,166
Artificial Intelligence,Data Preprocessing,5,2,3,68
Computer Networks,Lab Simulation,10,1,3,74
Artificial Intelligence,Reading Research Papers,23,3,3,292
Software Engineering,Reading Documentation,10,1,1,95
Computer Networks,Lab Simulation,7,2,2,104
Computer Networks,Security Auditing,3,2,2,52
Artificial Intelligence,Model Training,6,1,2,48
Artificial Intelligence,Math/Algorithm Review,8,1,2,80
Computer Networks,Security Auditing,18,2,2,201
Software Engineering,Reading Documentation,7,2,1,156
Computer Networks,Reading Protocols,19,1,2,208
Artificial Intelligence,Model Training,15,2,1,332
Artificial Intelligence,Data Preprocessing,2,2,2,27
Artificial Intelligence,Reading Research Papers,18,2,2,258
Software Engineering,Reading Documentation,21,3,1,644
Artificial Intelligence,Reading Research Papers,14,2,3,128
Software Engineering,Debugging,21,1,2,225
Computer Networks,Network Troubleshooting,24,1,1,282
Software Engineering,Debugging,14,3,1,486
Artificial Intelligence,Model Training,17,2,2,216
Artificial Intelligence,Data Preprocessing,9,1,2,88
Artificial Intelligence,Reading Research Papers,7,2,1,85
Computer Networks,Lab Simulation,6,3,1,243
Artificial Intelligence,Reading Research Papers,10,2,2,138
Artificial Intelligence,Math/Algorithm Review,5,2,1,86
Artificial Intelligence,Reading Research Papers,16,2,2,278
Software Engineering,System Design,4,3,3,36
Software Engineering,Writing Code,3,3,3,42
Software Engineering,System Design,21,3,1,739
Software Engineering,Code Review,3,1,1,47
Artificial Intelligence,Writing Code,12,2,3,107
Software Engineering,Reading Documentation,10,1,1,113
Artificial Intelligence,Data Preprocessing,20,3,1,565
Software Engineering,Code Review,2,3,2,43
Computer Networks,Lab Simulation,5,3,2,99
Software Engineering,Debugging,22,1,2,188
Computer Networks,Lab Simulation,13,1,1,137
Artificial Intelligence,Writing Code,17,2,3,187
Artificial Intelligence,Data Preprocessing,8,2,3,89
Software Engineering,System Design,6,3,2,140
Software Engineering,Reading Documentation,2,3,1,44
Software Engineering,Code Review,1,2,2,14
Artificial Intelligence,Math/Algorithm Review,11,3,1,349
Software Engineering,Code Review,15,2,1,235
Software Engineering,Reading Documentation,21,1,2,218
Artificial Intelligence,Reading Research Papers,13,2,2,216
Computer Networks,Reading Protocols,14,1,2,111
Computer Networks,Reading Protocols,20,2,2,199
Software Engineering,Code Review,1,2,3,10
Artificial Intelligence,Reading Research Papers,13,1,1,183
Software Engineering,System Design,24,3,2,453
Software Engineering,Debugging,18,2,2,290
Computer Networks,Security Auditing,24,2,1,435
Computer Networks,Configuring Routers,5,1,2,63
Artificial Intelligence,Model Training,18,1,2,134
Artificial Intelligence,Reading Research Papers,15,2,2,203
Computer Networks,Network Troubleshooting,14,1,1,209
Computer Networks,Lab Simulation,23,3,1,479
Computer Networks,Security Auditing,19,2,2,274
Computer Networks,Security Auditing,14,2,2,171
Artificial Intelligence,Writing Code,17,3,1,581
Artificial Intelligence,Reading Research Papers,2,1,1,27
Computer Networks,Lab Simulation,20,2,2,286
Computer Networks,Security Auditing,24,2,2,420
Artificial Intelligence,Reading Research Papers,10,1,2,85
Computer Networks,Security Auditing,8,2,1,123
Artificial Intelligence,Writing Code,10,2,1,195
Computer Networks,Security Auditing,2,2,2,25
Artificial Intelligence,Data Preprocessing,21,1,1,241
Artificial Intelligence,Reading Research Papers,5,2,1,68
Computer Networks,Reading Protocols,17,1,2,123
Software Engineering,Code Review,9,3,2,208
Artificial Intelligence,Writing Code,7,2,2,92
Artificial Intelligence,Reading Research Papers,10,3,2,248
Artificial Intelligence,Model Training,2,2,3,19
Computer Networks,Reading Protocols,15,1,1,173
Computer Networks,Security Auditing,9,2,2,134
Software Engineering,Debugging,8,2,2,119
Artificial Intelligence,Math/Algorithm Review,7,3,2,140
Computer Networks,Network Troubleshooting,22,2,2,305
Artificial Intelligence,Math/Algorithm Review,8,1,2,72
Computer Networks,Reading Protocols,8,3,2,181
Software Engineering,Debugging,8,1,3,36
Artificial Intelligence,Writing Code,20,2,3,230
Artificial Intelligence,Data Preprocessing,10,1,2,88
Artificial Intelligence,Model Training,22,1,2,253
Software Engineering,Reading Documentation,17,1,2,159
Artificial Intelligence,Model Training,12,2,1,278
Computer Networks,Reading Protocols,23,3,1,828
Software Engineering,Debugging,21,1,3,154
Computer Networks,Network Troubleshooting,21,3,2,682
Artificial Intelligence,Reading Research Papers,8,3,2,206
Computer Networks,Security Auditing,22,2,2,320
Artificial Intelligence,Writing Code,13,1,1,186
Computer Networks,Security Auditing,6,1,2,52
Computer Networks,Lab Simulation,3,2,2,44
Software Engineering,Debugging,6,1,2,43
Software Engineering,System Design,15,2,2,274
Computer Networks,Network Troubleshooting,12,3,2,285
Computer Networks,Security Auditing,6,1,2,40
Software Engineering,Writing Code,18,2,3,171
Computer Networks,Reading Protocols,3,2,1,60
Computer Networks,Network Troubleshooting,12,3,1,457
Artificial Intelligence,Data Preprocessing,5,3,1,171
Software Engineering,Code Review,2,2,1,38
Computer Networks,Network Troubleshooting,12,1,1,181
Computer Networks,Configuring Routers,9,2,3,107
Computer Networks,Security Auditing,24,2,2,285
Artificial Intelligence,Math/Algorithm Review,22,2,2,357
Computer Networks,Lab Simulation,8,2,2,98
Artificial Intelligence,Writing Code,6,2,1,139
Computer Networks,Configuring Routers,15,3,1,416
Software Engineering,Debugging,24,1,1,373
Artificial Intelligence,Reading Research Papers,20,2,1,460
Software Engineering,Writing Code,10,1,2,95
Computer Networks,Security Auditing,12,2,1,269
Artificial Intelligence,Math/Algorithm Review,4,1,2,32
Artificial Intelligence,Reading Research Papers,19,2,3,201
Software Engineering,Debugging,11,1,3,83
Artificial Intelligence,Math/Algorithm Review,9,2,2,115
Software Engineering,Reading Documentation,21,3,2,423
Computer Networks,Configuring Routers,8,1,2,70
Artificial Intelligence,Data Preprocessing,17,1,1,192
Artificial Intelligence,Math/Algorithm Review,5,1,1,81
Software Engineering,Reading Documentation,3,1,2,27
Artificial Intelligence,Data Preprocessing,20,1,1,300
Software Engineering,System Design,2,2,3,22
Artificial Intelligence,Data Preprocessing,11,2,2,185
Software Engineering,System Design,17,2,2,189
Artificial Intelligence,Model Training,17,3,1,772
Software Engineering,Debugging,7,1,2,56
Artificial Intelligence,Data Preprocessing,5,2,3,43
Artificial Intelligence,Writing Code,9,2,3,100
Computer Networks,Security Auditing,3,2,2,47
Artificial Intelligence,Model Training,22,2,2,300
Artificial Intelligence,Model Training,4,1,3,25
Computer Networks,Configuring Routers,18,2,2,292
Artificial Intelligence,Writing Code,13,1,2,125
Artificial Intelligence,Reading Research Papers,12,1,3,67
Computer Networks,Configuring Routers,22,2,2,279
Artificial Intelligence,Math/Algorithm Review,14,2,2,168
Artificial Intelligence,Model Training,7,2,1,147
Software Engineering,Writing Code,24,1,2,256
Artificial Intelligence,Math/Algorithm Review,12,2,1,179
Software Engineering,Debugging,16,1,1,154
Computer Networks,Reading Protocols,8,1,1,91
Software Engineering,Code Review,18,2,1,350
Software Engineering,Reading Documentation,17,1,1,206
Artificial Intelligence,Model Training,3,3,1,78
Software Engineering,Writing Code,20,2,2,174
Artificial Intelligence,Model Training,10,3,1,228
Artificial Intelligence,Model Training,9,3,1,227
Computer Networks,Configuring Routers,11,2,1,231
Artificial Intelligence,Reading Research Papers,23,2,3,224
Artificial Intelligence,Model Training,6,1,2,60
Computer Networks,Configuring Routers,7,3,1,200
Computer Networks,Configuring Routers,11,2,1,171
Artificial Intelligence,Writing Code,14,1,3,94
Software Engineering,System Design,2,2,2,28
Computer Networks,Security Auditing,9,1,3,56
Software Engineering,Reading Documentation,21,1,1,298
Artificial Intelligence,Writing Code,3,2,2,44
Computer Networks,Lab Simulation,17,3,2,403
Computer Networks,Security Auditing,21,1,2,171
Software Engineering,System Design,2,2,2,26
Software Engineering,Reading Documentation,15,3,2,369
Software Engineering,Debugging,1,2,2,14
Computer Networks,Configuring Routers,7,1,1,80
Computer Networks,Lab Simulation,15,2,3,175
Software Engineering,Reading Documentation,13,1,2,106
Software Engineering,Writing Code,8,1,2,81
Computer Networks,Lab Simulation,14,2,2,211
Artificial Intelligence,Math/Algorithm Review,18,2,1,392
Software Engineering,Writing Code,22,2,2,302
Software Engineering,Code Review,17,2,2,278
Artificial Intelligence,Reading Research Papers,11,3,2,243
Software Engineering,System Design,18,3,1,459
Artificial Intelligence,Math/Algorithm Review,23,2,3,228
Artificial Intelligence,Model Training,13,2,3,128
Artificial Intelligence,Math/Algorithm Review,17,2,2,290
Artificial Intelligence,Model Training,18,2,2,239
Software Engineering,Code Review,3,1,3,15
Computer Networks,Reading Protocols,1,2,1,17
Computer Networks,Configuring Routers,9,3,3,140
Computer Networks,Lab Simulation,9,2,3,78
Software Engineering,Debugging,21,3,3,333
Artificial Intelligence,Data Preprocessing,16,1,1,223
Artificial Intelligence,Model Training,4,3,3,58
Artificial Intelligence,Reading Research Papers,23,2,3,222
Computer Networks,Network Troubleshooting,13,3,2,348
Computer Networks,Configuring Routers,3,1,1,43
Computer Networks,Reading Protocols,6,1,2,71
Software Engineering,Writing Code,2,3,3,29
Artificial Intelligence,Writing Code,5,1,1,76
Software Engineering,Writing Code,15,1,1,177
Computer Networks,Security Auditing,21,2,1,558
Software Engineering,Debugging,14,1,2,109
Computer Networks,Lab Simulation,16,1,2,157
Computer Networks,Network Troubleshooting,23,1,2,203
Computer Networks,Lab Simulation,9,3,2,212
Computer Networks,Lab Simulation,5,2,2,60
Computer Networks,Reading Protocols,5,2,1,100
Computer Networks,Lab Simulation,10,2,3,89
Software Engineering,Debugging,8,2,1,219
Artificial Intelligence,Writing Code,5,2,1,119
Computer Networks,Security Auditing,23,2,3,239
Software Engineering,Reading Documentation,4,2,2,66
Artificial Intelligence,Reading Research Papers,24,1,1,303
Artificial Intelligence,Model Training,14,2,1,219
Computer Networks,Network Troubleshooting,14,2,3,141
Computer Networks,Reading Protocols,24,1,2,292
Software Engineering,Reading Documentation,1,3,2,21
Artificial Intelligence,Data Preprocessing,2,2,1,36
Computer Networks,Configuring Routers,1,2,1,18
Software Engineering,Code Review,21,2,1,431
Artificial Intelligence,Writing Code,13,2,2,154
Artificial Intelligence,Model Training,21,2,3,221
Computer Networks,Reading Protocols,11,2,2,142
Software Engineering,Code Review,18,1,3,126
Artificial Intelligence,Reading Research Papers,20,2,3,196
Software Engineering,System Design,5,3,1,103
Artificial Intelligence,Model Training,3,2,2,33
Artificial Intelligence,Math/Algorithm Review,21,1,2,216
Computer Networks,Security Auditing,4,2,1,79
Artificial Intelligence,Reading Research Papers,24,2,2,322
Artificial Intelligence,Writing Code,11,2,3,129
Artificial Intelligence,Model Training,21,1,2,210
Software Engineering,Debugging,12,2,1,259
Computer Networks,Configuring Routers,21,3,3,332
Software Engineering,Writing Code,22,1,2,253
Artificial Intelligence,Writing Code,7,2,2,107
Computer Networks,Lab Simulation,22,3,2,420
Software Engineering,Writing Code,3,1,2,27
Artificial Intelligence,Reading Research Papers,23,2,3,232
Software Engineering,System Design,5,2,2,76
Artificial Intelligence,Writing Code,14,1,1,227
Artificial Intelligence,Math/Algorithm Review,19,2,1,340
Software Engineering,Writing Code,19,1,2,176
Artificial Intelligence,Reading Research Papers,16,1,1,207
Software Engineering,Debugging,18,2,3,198
Computer Networks,Configuring Routers,16,3,2,432
Computer Networks,Configuring Routers,4,3,2,75
Computer Networks,Configuring Routers,11,1,2,115
Computer Networks,Security Auditing,15,2,2,205
Artificial Intelligence,Reading Research Papers,5,3,3,82
Software Engineering,Code Review,14,2,1,243
Computer Networks,Lab Simulation,24,1,3,132
Computer Networks,Security Auditing,15,2,1,296
Artificial Intelligence,Math/Algorithm Review,20,2,1,392
Software Engineering,System Design,15,2,2,209
Artificial Intelligence,Math/Algorithm Review,2,1,3,13
Computer Networks,Configuring Routers,8,1,3,36
Artificial Intelligence,Writing Code,20,1,1,272
Computer Networks,Security Auditing,9,2,1,138
Software Engineering,Code Review,17,2,2,279
Computer Networks,Configuring Routers,18,1,2,181
Software Engineering,Writing Code,21,2,1,418
Software Engineering,Reading Documentation,24,2,1,549
Artificial Intelligence,Data Preprocessing,14,1,3,92
Computer Networks,Network Troubleshooting,12,1,2,126
Computer Networks,Lab Simulation,12,2,2,138
Computer Networks,Network Troubleshooting,24,2,1,511
Computer Networks,Security Auditing,7,2,2,112
Software Engineering,System Design,21,1,2,230
Artificial Intelligence,Writing Code,5,2,3,55
Software Engineering,System Design,15,3,2,369
Computer Networks,Network Troubleshooting,5,3,2,102
Computer Networks,Network Troubleshooting,6,1,2,54
Software Engineering,System Design,16,2,3,140
Artificial Intelligence,Reading Research Papers,17,1,1,195
Computer Networks,Reading Protocols,6,2,2,80
Computer Networks,Configuring Routers,18,2,2,208
Computer Networks,Lab Simulation,13,2,1,230
Software Engineering,Writing Code,9,2,2,62
Software Engineering,Writing Code,19,1,2,193
Software Engineering,Debugging,13,2,3,169
Computer Networks,Configuring Routers,9,1,3,66
Computer Networks,Security Auditing,13,3,1,398
Artificial Intelligence,Reading Research Papers,13,2,1,225
Software Engineering,System Design,7,3,1,217
Software Engineering,Debugging,7,2,2,89
Artificial Intelligence,Writing Code,19,2,3,204
Computer Networks,Reading Protocols,3,2,2,52
Artificial Intelligence,Model Training,17,1,1,289
Computer Networks,Network Troubleshooting,7,2,2,80
Computer Networks,Reading Protocols,24,2,3,300
Software Engineering,System Design,5,3,3,84
Computer Networks,Security Auditing,22,3,1,514
Artificial Intelligence,Writing Code,21,1,2,184
Artificial Intelligence,Data Preprocessing,16,3,3,247
Software Engineering,System Design,5,1,3,30
Software Engineering,Code Review,11,1,2,96
Artificial Intelligence,Reading Research Papers,2,2,2,29
Artificial Intelligence,Model Training,2,3,1,51
Software Engineering,Code Review,3,2,2,43
Software Engineering,Reading Documentation,23,1,1,359
Computer Networks,Reading Protocols,23,3,1,699
Computer Networks,Lab Simulation,23,2,1,443
Computer Networks,Network Troubleshooting,10,3,1,239
Computer Networks,Configuring Routers,2,2,1,40
Computer Networks,Security Auditing,18,1,1,318
Artificial Intelligence,Math/Algorithm Review,14,1,1,214
Software Engineering,Reading Documentation,4,1,2,33
Artificial Intelligence,Reading Research Papers,16,1,3,84
Computer Networks,Configuring Routers,2,1,1,30
Artificial Intelligence,Model Training,15,2,2,215
Artificial Intelligence,Reading Research Papers,3,2,3,28
Artificial Intelligence,Data Preprocessing,11,3,2,296
Artificial Intelligence,Writing Code,3,3,2,47
Artificial Intelligence,Model Training,3,1,2,35
Artificial Intelligence,Reading Research Papers,24,2,2,352
Artificial Intelligence,Data Preprocessing,14,3,1,404
Software Engineering,System Design,16,2,1,215
Computer Networks,Configuring Routers,17,2,2,217
Computer Networks,Lab Simulation,6,1,3,43
Artificial Intelligence,Reading Research Papers,4,2,1,65
Artificial Intelligence,Reading Research Papers,3,1,1,33
Computer Networks,Network Troubleshooting,7,1,3,47
Computer Networks,Network Troubleshooting,4,1,1,61
Computer Networks,Security Auditing,23,2,2,318
Computer Networks,Network Troubleshooting,1,2,2,13
Software Engineering,Debugging,23,1,3,116
Artificial Intelligence,Data Preprocessing,14,3,1,445
Software Engineering,Reading Documentation,16,1,1,204
Artificial Intelligence,Data Preprocessing,12,2,1,189
Software Engineering,Code Review,11,1,1,147
Software Engineering,System Design,8,2,1,147
Software Engineering,Debugging,7,1,3,33
Artificial Intelligence,Reading Research Papers,12,3,2,249
Computer Networks,Reading Protocols,5,2,2,79
Computer Networks,Security Auditing,10,1,3,57
Software Engineering,Debugging,10,2,1,214
Computer Networks,Security Auditing,4,2,2,47
Software Engineering,Writing Code,10,2,3,92
Software Engineering,Reading Documentation,11,2,1,189
Software Engineering,System Design,22,2,1,449
Artificial Intelligence,Math/Algorithm Review,23,3,1,613
Software Engineering,Code Review,24,2,3,256
Artificial Intelligence,Writing Code,20,2,1,365
Artificial Intelligence,Model Training,11,1,3,65
Software Engineering,System Design,16,1,1,201
Computer Networks,Reading Protocols,10,2,2,136
Software Engineering,Writing Code,1,1,1,15
Software Engineering,Debugging,18,2,3,195
Computer Networks,Lab Simulation,21,3,2,505
Artificial Intelligence,Model Training,9,1,1,123
Software Engineering,Writing Code,6,1,2,63
Artificial Intelligence,Model Training,7,3,1,194
Artificial Intelligence,Model Training,7,1,2,66
Computer Networks,Reading Protocols,23,2,3,228
Computer Networks,Security Auditing,18,3,1,569
Computer Networks,Network Troubleshooting,23,2,1,519
Software Engineering,Writing Code,4,2,2,67
Software Engineering,Writing Code,24,1,1,245
Computer Networks,Reading Protocols,3,2,2,40
Software Engineering,Code Review,19,2,2,373
Artificial Intelligence,Data Preprocessing,12,2,2,149
Computer Networks,Lab Simulation,9,3,2,228
Artificial Intelligence,Math/Algorithm Review,1,1,2,5
Computer Networks,Reading Protocols,21,2,3,241
Artificial Intelligence,Writing Code,5,2,2,87
Software Engineering,Reading Documentation,18,1,3,90
Artificial Intelligence,Model Training,10,1,3,63
Artificial Intelligence,Reading Research Papers,8,2,1,186
Computer Networks,Configuring Routers,20,2,1,397
Artificial Intelligence,Math/Algorithm Review,11,3,1,321
Artificial Intelligence,Reading Research Papers,23,2,3,239
Computer Networks,Network Troubleshooting,23,3,1,916
Software Engineering,Code Review,19,2,1,374
Software Engineering,Reading Documentation,21,2,2,318
Artificial Intelligence,Reading Research Papers,23,2,2,368
Software Engineering,Code Review,4,2,1,74
Artificial Intelligence,Data Preprocessing,22,3,1,667
Artificial Intelligence,Model Training,11,1,2,105
Software Engineering,Debugging,21,2,1,468
Artificial Intelligence,Writing Code,12,1,1,159
Computer Networks,Reading Protocols,9,2,3,83
Software Engineering,Debugging,8,3,1,203
Computer Networks,Security Auditing,23,2,1,518
Artificial Intelligence,Math/Algorithm Review,2,3,2,44
Artificial Intelligence,Data Preprocessing,15,2,1,330
Computer Networks,Lab Simulation,15,2,2,221
Computer Networks,Network Troubleshooting,8,3,1,200
Computer Networks,Security Auditing,7,1,1,85
Software Engineering,Code Review,4,2,2,64
Software Engineering,Writing Code,8,3,1,262
Artificial Intelligence,Data Preprocessing,1,2,1,23
Computer Networks,Configuring Routers,7,2,2,98
Artificial Intelligence,Data Preprocessing,24,2,1,471
Artificial Intelligence,Model Training,23,2,1,537
Artificial Intelligence,Writing Code,6,1,2,56
Software Engineering,Writing Code,3,1,2,29
Software Engineering,Code Review,16,3,2,418
Computer Networks,Reading Protocols,3,2,3,33
Computer Networks,Network Troubleshooting,1,3,2,17
Software Engineering,Writing Code,19,3,2,407
Computer Networks,Security Auditing,15,2,1,268
Software Engineering,System Design,24,3,2,580
Software Engineering,Code Review,23,2,2,390
Software Engineering,System Design,6,3,1,180
Artificial Intelligence,Reading Research Papers,3,3,1,74
Software Engineering,Reading Documentation,24,1,2,235
Software Engineering,Debugging,10,2,3,71
Computer Networks,Reading Protocols,17,2,2,210
Computer Networks,Configuring Routers,17,2,1,366
Software Engineering,Writing Code,5,3,2,126
Artificial Intelligence,Math/Algorithm Review,1,3,1,22
Software Engineering,Reading Documentation,23,1,1,338
Artificial Intelligence,Model Training,18,1,1,253
Artificial Intelligence,Writing Code,15,2,1,326
Software Engineering,Reading Documentation,22,2,3,257
Software Engineering,Code Review,13,2,3,100
Software Engineering,System Design,3,2,2,48
Artificial Intelligence,Reading Research Papers,23,2,1,399
Artificial Intelligence,Math/Algorithm Review,4,2,1,76
Software Engineering,System Design,10,2,1,168
Software Engineering,System Design,6,2,2,86
Software Engineering,System Design,18,1,3,96
Software Engineering,Writing Code,5,3,1,180
Software Engineering,Writing Code,8,2,2,117
Software Engineering,Debugging,17,2,3,147
Computer Networks,Network Troubleshooting,14,2,2,243
Software Engineering,Writing Code,2,2,1,39
Computer Networks,Configuring Routers,16,2,3,144
Artificial Intelligence,Reading Research Papers,24,2,2,381
Computer Networks,Configuring Routers,16,2,1,301
Computer Networks,Lab Simulation,5,3,3,86
Artificial Intelligence,Data Preprocessing,22,2,1,439
Software Engineering,Reading Documentation,18,2,2,196
Artificial Intelligence,Math/Algorithm Review,4,2,1,88
Computer Networks,Security Auditing,16,2,2,210
Artificial Intelligence,Reading Research Papers,24,1,2,210
Artificial Intelligence,Data Preprocessing,18,2,2,214
Software Engineering,System Design,20,2,1,453
Software Engineering,Code Review,19,2,1,448
Artificial Intelligence,Math/Algorithm Review,16,1,3,93
Software Engineering,Debugging,8,2,2,116
Artificial Intelligence,Data Preprocessing,11,1,1,118
Software Engineering,Code Review,7,2,1,126
Computer Networks,Network Troubleshooting,16,3,2,375
Artificial Intelligence,Math/Algorithm Review,1,2,2,15
Computer Networks,Configuring Routers,16,2,1,365
Artificial Intelligence,Model Training,6,2,1,124
Software Engineering,Code Review,6,1,3,40
Software Engineering,Reading Documentation,6,2,1,99
Artificial Intelligence,Math/Algorithm Review,20,2,2,288
Computer Networks,Network Troubleshooting,18,1,1,296
Computer Networks,Network Troubleshooting,13,1,1,174
Artificial Intelligence,Reading Research Papers,2,2,1,40
Artificial Intelligence,Data Preprocessing,12,2,3,154
Artificial Intelligence,Reading Research Papers,12,3,2,191
Software Engineering,Code Review,24,3,1,747
Computer Networks,Network Troubleshooting,6,2,2,104
Computer Networks,Network Troubleshooting,5,1,1,57
Software Engineering,Writing Code,21,2,1,451
Computer Networks,Network Troubleshooting,14,1,1,160
Computer Networks,Reading Protocols,15,2,1,292
Software Engineering,Writing Code,1,2,2,18
Computer Networks,Lab Simulation,21,2,2,240
Artificial Intelligence,Math/Algorithm Review,18,2,3,185
Computer Networks,Reading Protocols,10,3,2,235
Computer Networks,Security Auditing,4,3,2,82
Computer Networks,Reading Protocols,11,1,3,66
Computer Networks,Configuring Routers,2,2,1,45
Computer Networks,Reading Protocols,22,2,1,445
Software Engineering,Writing Code,16,3,1,425
Computer Networks,Security Auditing,2,1,3,9
Software Engineering,System Design,23,2,2,322
Computer Networks,Reading Protocols,9,2,2,133
Computer Networks,Security Auditing,13,2,2,149
Computer Networks,Network Troubleshooting,4,3,2,70
Artificial Intelligence,Math/Algorithm Review,23,3,2,510
Software Engineering,Reading Documentation,16,2,2,245
Computer Networks,Reading Protocols,19,3,2,432
Software Engineering,Code Review,17,1,2,163
Software Engineering,Writing Code,20,1,1,342
Computer Networks,Security Auditing,22,3,2,423
Computer Networks,Lab Simulation,15,1,1,214
Software Engineering,Debugging,13,1,2,127
Software Engineering,Debugging,17,1,2,157
Software Engineering,Debugging,20,1,1,249
Computer Networks,Configuring Routers,3,1,2,19
Computer Networks,Network Troubleshooting,17,2,1,351
Computer Networks,Lab Simulation,1,1,2,9
Software Engineering,System Design,17,2,2,231
Software Engineering,Code Review,14,2,2,187
Artificial Intelligence,Data Preprocessing,1,3,2,23
Software Engineering,Code Review,23,2,2,238
Software Engineering,System Design,7,3,2,156
Software Engineering,Writing Code,4,2,2,55
Computer Networks,Security Auditing,24,2,1,513
Artificial Intelligence,Math/Algorithm Review,5,2,2,72
Computer Networks,Security Auditing,18,2,2,288
Computer Networks,Security Auditing,4,2,2,65
Computer Networks,Reading Protocols,4,2,2,49
Software Engineering,Reading Documentation,17,2,1,369
Computer Networks,Configuring Routers,16,1,2,108
Artificial Intelligence,Math/Algorithm Review,5,1,3,26
Software Engineering,Writing Code,18,2,3,177
Artificial Intelligence,Data Preprocessing,7,2,2,88
Computer Networks,Lab Simulation,14,3,1,443
Computer Networks,Lab Simulation,7,1,2,47
Artificial Intelligence,Math/Algorithm Review,10,2,3,84
Computer Networks,Network Troubleshooting,7,1,1,89
Software Engineering,Writing Code,23,2,3,229
Artificial Intelligence,Writing Code,24,2,3,226
Software Engineering,Code Review,12,2,2,183
Artificial Intelligence,Reading Research Papers,2,3,2,50
Computer Networks,Configuring Routers,13,2,3,137
Artificial Intelligence,Math/Algorithm Review,14,1,2,115
Artificial Intelligence,Model Training,13,2,2,205
Software Engineering,System Design,1,1,1,11
Software Engineering,Reading Documentation,12,2,3,94
Software Engineering,Writing Code,20,2,1,531
Computer Networks,Network Troubleshooting,9,2,2,125
Software Engineering,Code Review,10,3,2,242
Software Engineering,Reading Documentation,8,2,3,82
Computer Networks,Configuring Routers,20,2,2,291
Artificial Intelligence,Reading Research Papers,14,3,2,401
Software Engineering,Writing Code,12,2,2,203
Artificial Intelligence,Data Preprocessing,12,1,1,150
Software Engineering,Writing Code,19,1,2,166
Artificial Intelligence,Data Preprocessing,11,2,1,155
Artificial Intelligence,Data Preprocessing,12,2,2,145
Software Engineering,Writing Code,2,2,2,34
Artificial Intelligence,Model Training,4,2,1,65
Artificial Intelligence,Model Training,8,2,1,168
Software Engineering,Code Review,3,2,1,63
Artificial Intelligence,Data Preprocessing,18,2,1,354
Artificial Intelligence,Data Preprocessing,22,3,3,335
Software Engineering,Writing Code,23,1,1,352
Computer Networks,Security Auditing,20,2,1,424
Software Engineering,System Design,23,2,3,227
Software Engineering,Writing Code,2,2,1,35
Software Engineering,Writing Code,7,2,3,83
Artificial Intelligence,Math/Algorithm Review,17,2,2,277
Computer Networks,Reading Protocols,4,1,3,28
Artificial Intelligence,Writing Code,17,2,2,298
Computer Networks,Lab Simulation,8,2,1,148
Artificial Intelligence,Math/Algorithm Review,10,2,2,132
Software Engineering,Writing Code,21,2,1,547
Software Engineering,System Design,5,3,3,77
Software Engineering,System Design,22,2,1,389
Software Engineering,Debugging,24,2,1,353
Computer Networks,Security Auditing,8,3,2,180
Software Engineering,Debugging,15,2,3,152
Artificial Intelligence,Writing Code,19,1,2,91
Computer Networks,Network Troubleshooting,11,1,1,205
Artificial Intelligence,Model Training,19,2,1,425
Computer Networks,Reading Protocols,16,2,2,193
Artificial Intelligence,Reading Research Papers,2,3,1,72
Artificial Intelligence,Writing Code,23,2,3,248
Artificial Intelligence,Model Training,15,2,1,356
Computer Networks,Security Auditing,18,2,2,204
Computer Networks,Lab Simulation,13,1,3,111
Artificial Intelligence,Reading Research Papers,13,2,2,166
Computer Networks,Lab Simulation,5,3,3,64
Artificial Intelligence,Model Training,5,2,3,48
Software Engineering,System Design,1,2,2,13
Computer Networks,Lab Simulation,16,1,2,165
Artificial Intelligence,Math/Algorithm Review,7,2,1,136
Software Engineering,Code Review,9,1,2,74
Computer Networks,Configuring Routers,24,1,2,209
Computer Networks,Network Troubleshooting,2,2,1,50
Software Engineering,Reading Documentation,21,2,1,432
Software Engineering,Reading Documentation,17,2,1,295
Artificial Intelligence,Writing Code,9,2,1,181
Computer Networks,Security Auditing,18,2,1,481
Artificial Intelligence,Model Training,19,1,3,143
Artificial Intelligence,Writing Code,4,2,2,53
Software Engineering,Debugging,5,3,3,74
Software Engineering,Writing Code,14,3,3,227
Software Engineering,Writing Code,15,2,3,155
Computer Networks,Security Auditing,13,2,1,320
Artificial Intelligence,Math/Algorithm Review,15,3,1,456
Artificial Intelligence,Math/Algorithm Review,20,2,1,291
Software Engineering,Writing Code,16,3,3,285
Computer Networks,Configuring Routers,22,1,2,221
Computer Networks,Security Auditing,7,1,3,42
Computer Networks,Security Auditing,10,1,2,93
Artificial Intelligence,Model Training,23,2,2,324
Artificial Intelligence,Data Preprocessing,16,3,2,270
Artificial Intelligence,Reading Research Papers,20,1,1,298
Computer Networks,Security Auditing,2,1,1,29
Computer Networks,Lab Simulation,22,2,1,466
Computer Networks,Lab Simulation,6,2,3,66
Software Engineering,Debugging,20,2,2,250
Artificial Intelligence,Writing Code,11,3,2,196
Software Engineering,Writing Code,5,3,3,79
Artificial Intelligence,Reading Research Papers,13,2,1,188
Artificial Intelligence,Math/Algorithm Review,21,2,1,432
Software Engineering,Debugging,24,1,2,159
Artificial Intelligence,Data Preprocessing,1,1,3,5
Software Engineering,Reading Documentation,9,2,3,80
Artificial Intelligence,Model Training,17,2,1,348
Computer Networks,Reading Protocols,20,1,2,201
Computer Networks,Lab Simulation,17,2,1,273
Software Engineering,System Design,8,3,1,219
Computer Networks,Lab Simulation,1,3,1,33
Computer Networks,Security Auditing,9,2,2,115
Computer Networks,Reading Protocols,14,2,2,219
Computer Networks,Lab Simulation,11,1,2,97
Computer Networks,Lab Simulation,1,2,1,20
Software Engineering,Reading Documentation,6,2,3,64
Software Engineering,System Design,7,1,2,50
Software Engineering,Code Review,8,2,2,113
Artificial Intelligence,Model Training,16,1,1,202
Artificial Intelligence,Math/Algorithm Review,24,2,1,388
Software Engineering,Code Review,24,1,2,262
Computer Networks,Lab Simulation,17,2,1,363
Software Engineering,Debugging,3,2,3,23
Software Engineering,Debugging,4,1,1,45
Artificial Intelligence,Writing Code,23,2,1,343
Computer Networks,Reading Protocols,13,2,3,166
Artificial Intelligence,Writing Code,7,1,1,108
Computer Networks,Network Troubleshooting,13,3,3,201
Software Engineering,Writing Code,20,3,2,551
Artificial Intelligence,Data Preprocessing,9,3,1,240
Software Engineering,Debugging,1,1,3,7
Computer Networks,Lab Simulation,14,3,1,464
Artificial Intelligence,Reading Research Papers,20,2,1,389
Artificial Intelligence,Reading Research Papers,3,2,1,59
Software Engineering,Code Review,19,1,3,124
Computer Networks,Reading Protocols,6,2,2,94
Artificial Intelligence,Model Training,23,2,1,493
Artificial Intelligence,Reading Research Papers,21,3,3,301
Artificial Intelligence,Writing Code,17,1,2,164
Computer Networks,Lab Simulation,8,2,1,178
Software Engineering,Debugging,20,2,3,173
Computer Networks,Lab Simulation,23,2,2,346
Artificial Intelligence,Writing Code,4,1,1,58
Computer Networks,Network Troubleshooting,1,2,2,18
Computer Networks,Reading Protocols,14,1,3,99
Computer Networks,Security Auditing,4,1,1,49
Software Engineering,Writing Code,23,2,1,488
Computer Networks,Network Troubleshooting,13,3,2,358
Artificial Intelligence,Writing Code,12,1,2,129
Computer Networks,Network Troubleshooting,18,3,1,701
Computer Networks,Reading Protocols,15,2,1,322
Computer Networks,Security Auditing,3,2,2,46
Artificial Intelligence,Writing Code,16,2,1,290
Computer Networks,Lab Simulation,11,2,1,192
Artificial Intelligence,Data Preprocessing,12,2,3,88
Computer Networks,Lab Simulation,6,2,1,146
Computer Networks,Lab Simulation,24,2,3,251
Artificial Intelligence,Math/Algorithm Review,22,3,2,420
Artificial Intelligence,Math/Algorithm Review,1,3,1,27
Software Engineering,System Design,22,2,2,363
Computer Networks,Security Auditing,24,2,3,331
Artificial Intelligence,Model Training,23,3,3,377
Computer Networks,Security Auditing,11,3,2,246
Artificial Intelligence,Model Training,3,1,1,40
Artificial Intelligence,Math/Algorithm Review,17,2,1,403
Artificial Intelligence,Writing Code,21,3,1,621
Computer Networks,Reading Protocols,16,2,1,306
Artificial Intelligence,Reading Research Papers,12,2,1,260
Software Engineering,System Design,4,1,2,28
Artificial Intelligence,Writing Code,5,1,2,45
Software Engineering,System Design,18,3,1,644
Software Engineering,Writing Code,1,2,1,22
Software Engineering,System Design,2,2,2,34
Computer Networks,Lab Simulation,18,1,1,212
Computer Networks,Network Troubleshooting,1,1,3,7
Software Engineering,Writing Code,22,2,2,335
Software Engineering,Writing Code,11,1,2,111
Software Engineering,Debugging,19,2,1,418
Artificial Intelligence,Model Training,5,2,2,81
Computer Networks,Configuring Routers,9,2,2,123
Artificial Intelligence,Model Training,6,2,3,76
Software Engineering,Code Review,13,1,2,124
Computer Networks,Configuring Routers,19,1,3,149
Artificial Intelligence,Writing Code,22,1,1,293
Artificial Intelligence,Reading Research Papers,4,2,2,58
Artificial Intelligence,Writing Code,1,1,3,7
Artificial Intelligence,Model Training,22,2,1,577
Computer Networks,Lab Simulation,21,1,2,199
Artificial Intelligence,Data Preprocessing,8,3,2,137
Software Engineering,Reading Documentation,20,3,1,645
Software Engineering,Code Review,3,1,1,37
Software Engineering,System Design,10,2,2,156
Computer Networks,Reading Protocols,5,2,3,43
Software Engineering,Reading Documentation,21,2,3,244
Software Engineering,Code Review,20,1,3,158
Artificial Intelligence,Math/Algorithm Review,9,1,2,90
Software Engineering,Debugging,12,3,1,348
Artificial Intelligence,Model Training,19,2,1,413
Software Engineering,Debugging,9,2,1,169
Artificial Intelligence,Data Preprocessing,12,2,2,160
Artificial Intelligence,Math/Algorithm Review,20,1,1,204
Software Engineering,Reading Documentation,13,3,3,213
Computer Networks,Lab Simulation,14,2,2,245
Artificial Intelligence,Data Preprocessing,2,2,1,43
Computer Networks,Lab Simulation,10,3,2,213
Artificial Intelligence,Model Training,14,3,1,461
Artificial Intelligence,Writing Code,17,1,1,267
Artificial Intelligence,Model Training,23,2,3,229
Software Engineering,Debugging,10,3,2,245
Software Engineering,Debugging,9,1,1,141
Computer Networks,Configuring Routers,9,2,2,127
Computer Networks,Network Troubleshooting,2,3,1,65
Artificial Intelligence,Reading Research Papers,11,1,2,94
Computer Networks,Configuring Routers,11,3,2,269
Computer Networks,Security Auditing,16,1,1,266
Artificial Intelligence,Model Training,21,2,2,293
Computer Networks,Configuring Routers,3,3,3,47
Software Engineering,Writing Code,9,2,1,171
Computer Networks,Reading Protocols,24,1,3,195
Computer Networks,Lab Simulation,1,3,1,29
Artificial Intelligence,Math/Algorithm Review,16,2,1,372
Artificial Intelligence,Model Training,6,1,3,55
Computer Networks,Reading Protocols,20,3,1,560
Artificial Intelligence,Data Preprocessing,14,1,2,157
Artificial Intelligence,Math/Algorithm Review,19,1,1,250
Computer Networks,Lab Simulation,14,2,2,223
Computer Networks,Lab Simulation,20,2,1,404
Artificial Intelligence,Math/Algorithm Review,7,3,1,221
Computer Networks,Security Auditing,21,2,2,228
Artificial Intelligence,Math/Algorithm Review,18,1,1,211
Artificial Intelligence,Data Preprocessing,22,1,1,352
Computer Networks,Network Troubleshooting,2,2,2,35
Software Engineering,Writing Code,8,3,3,129
Artificial Intelligence,Model Training,3,2,2,48
Software Engineering,Reading Documentation,16,1,2,180
Software Engineering,Code Review,1,2,3,10
Computer Networks,Network Troubleshooting,13,2,2,182
Computer Networks,Configuring Routers,22,1,1,271
Artificial Intelligence,Writing Code,16,1,2,123
Artificial Intelligence,Model Training,9,1,1,120
Artificial Intelligence,Math/Algorithm Review,14,2,1,205
Software Engineering,Reading Documentation,7,3,2,159
Artificial Intelligence,Math/Algorithm Review,7,1,2,75
Software Engineering,Reading Documentation,13,2,2,152
Software Engineering,System Design,8,2,1,148
Computer Networks,Configuring Routers,20,1,2,195
Computer Networks,Reading Protocols,6,3,1,150
Artificial Intelligence,Data Preprocessing,19,3,1,704
Software Engineering,Debugging,7,3,2,157
Computer Networks,Security Auditing,10,2,1,195
Artificial Intelligence,Model Training,7,2,2,93
Software Engineering,Code Review,7,2,2,93
Computer Networks,Reading Protocols,24,1,1,242
Software Engineering,Debugging,16,2,2,233
Artificial Intelligence,Math/Algorithm Review,15,3,1,508
Software Engineering,Debugging,22,2,1,367
Artificial Intelligence,Writing Code,16,3,3,251
Computer Networks,Reading Protocols,12,2,3,124
Software Engineering,Writing Code,20,2,1,354
Computer Networks,Configuring Routers,3,2,2,49
Software Engineering,Writing Code,24,3,1,858
Artificial Intelligence,Model Training,17,1,1,251
Computer Networks,Network Troubleshooting,7,1,1,84
Computer Networks,Lab Simulation,7,3,1,244
Computer Networks,Configuring Routers,1,3,2,26
Artificial Intelligence,Writing Code,24,2,2,285
Software Engineering,Debugging,17,3,1,483
Artificial Intelligence,Writing Code,13,1,2,121
Software Engineering,Code Review,9,1,1,80
Computer Networks,Reading Protocols,20,2,2,317
Software Engineering,Code Review,11,2,3,99
Computer Networks,Security Auditing,4,2,2,68
Artificial Intelligence,Model Training,22,3,3,375
Artificial Intelligence,Model Training,9,2,1,200
Artificial Intelligence,Writing Code,7,3,1,176
Computer Networks,Configuring Routers,13,1,2,126
Artificial Intelligence,Model Training,17,2,3,172
Software Engineering,Writing Code,3,2,2,41
Computer Networks,Configuring Routers,17,3,1,473
Computer Networks,Lab Simulation,7,3,3,92
Artificial Intelligence,Math/Algorithm Review,3,3,2,64
Artificial Intelligence,Reading Research Papers,10,1,1,101
Computer Networks,Security Auditing,2,2,2,25
Computer Networks,Configuring Routers,5,1,2,49
Artificial Intelligence,Math/Algorithm Review,18,1,1,344
Computer Networks,Security Auditing,4,1,2,43
Software Engineering,Debugging,22,1,1,316
Software Engineering,Debugging,5,2,2,63
Artificial Intelligence,Reading Research Papers,2,2,2,24
Software Engineering,System Design,2,1,2,17
Computer Networks,Lab Simulation,19,2,3,202
Software Engineering,Reading Documentation,20,3,2,381
Computer Networks,Lab Simulation,12,3,1,365
Computer Networks,Configuring Routers,1,3,1,19
Software Engineering,Code Review,21,2,2,352
Artificial Intelligence,Data Preprocessing,6,1,3,40
Computer Networks,Reading Protocols,18,2,1,366
Software Engineering,Reading Documentation,11,1,3,74
Artificial Intelligence,Writing Code,15,3,2,327
Artificial Intelligence,Math/Algorithm Review,4,2,2,56
Computer Networks,Network Troubleshooting,12,2,2,205
Software Engineering,Debugging,15,2,3,148
Computer Networks,Lab Simulation,19,3,1,561
Computer Networks,Lab Simulation,8,3,1,211
Artificial Intelligence,Data Preprocessing,21,2,3,216
Software Engineering,Debugging,18,1,2,169
Computer Networks,Configuring Routers,19,2,3,170
Software Engineering,Writing Code,21,3,2,385
Artificial Intelligence,Data Preprocessing,4,2,1,48
Artificial Intelligence,Model Training,6,1,1,92
Computer Networks,Configuring Routers,5,2,2,88
Computer Networks,Reading Protocols,4,3,3,54
Computer Networks,Lab Simulation,22,1,1,307
Software Engineering,Writing Code,23,2,2,368
Software Engineering,Writing Code,22,3,1,842
Software Engineering,System Design,10,2,1,194
Artificial Intelligence,Data Preprocessing,1,1,1,16
Computer Networks,Network Troubleshooting,24,3,2,443
Software Engineering,Writing Code,12,1,1,143
Computer Networks,Security Auditing,10,1,2,92
Artificial Intelligence,Math/Algorithm Review,16,2,2,299
Computer Networks,Lab Simulation,24,3,1,908
Computer Networks,Configuring Routers,10,2,1,194
Software Engineering,Reading Documentation,11,1,1,165
Computer Networks,Network Troubleshooting,6,1,3,31
Software Engineering,Reading Documentation,20,2,2,214
Computer Networks,Network Troubleshooting,4,3,2,74
Computer Networks,Network Troubleshooting,21,1,2,180
Computer Networks,Configuring Routers,23,2,3,244
Computer Networks,Network Troubleshooting,5,2,2,65
Computer Networks,Network Troubleshooting,13,2,2,213
Computer Networks,Lab Simulation,11,3,1,378
Software Engineering,Debugging,18,2,2,213
Artificial Intelligence,Data Preprocessing,23,1,1,402
Artificial Intelligence,Data Preprocessing,17,2,1,362
Software Engineering,Reading Documentation,24,2,1,480
Artificial Intelligence,Math/Algorithm Review,17,3,1,594
Artificial Intelligence,Math/Algorithm Review,10,1,3,47
Computer Networks,Network Troubleshooting,19,1,2,154
Software Engineering,Reading Documentation,12,1,1,154
Software Engineering,Reading Documentation,6,2,3,65
Computer Networks,Reading Protocols,11,3,1,416
Software Engineering,Debugging,22,3,1,705
Software Engineering,Writing Code,24,2,2,290
Artificial Intelligence,Writing Code,18,3,3,253
Computer Networks,Network Troubleshooting,9,2,2,131
Software Engineering,Code Review,14,3,2,275
Software Engineering,Reading Documentation,17,3,1,467
Artificial Intelligence,Writing Code,24,3,1,811
Artificial Intelligence,Data Preprocessing,2,2,3,24
Computer Networks,Lab Simulation,3,2,1,60
Software Engineering,Writing Code,5,2,1,88
Artificial Intelligence,Math/Algorithm Review,5,1,1,60
Computer Networks,Configuring Routers,23,2,1,426
Software Engineering,System Design,6,2,1,115
Software Engineering,Writing Code,3,3,1,90
Computer Networks,Reading Protocols,2,1,2,15
Computer Networks,Reading Protocols,22,3,3,361
Computer Networks,Security Auditing,3,2,2,43
Computer Networks,Reading Protocols,2,2,1,39
Computer Networks,Network Troubleshooting,22,1,2,211
Software Engineering,Writing Code,23,2,2,437
Artificial Intelligence,Model Training,12,1,2,99
Artificial Intelligence,Model Training,15,1,3,99
Computer Networks,Reading Protocols,4,1,2,34
Software Engineering,Writing Code,4,2,3,33
Computer Networks,Lab Simulation,4,1,3,29
Artificial Intelligence,Data Preprocessing,6,2,2,71
Computer Networks,Lab Simulation,11,1,2,106
Artificial Intelligence,Math/Algorithm Review,13,2,3,139
Artificial Intelligence,Reading Research Papers,22,1,1,289
Computer Networks,Configuring Routers,14,3,1,473
Software Engineering,Code Review,23,1,2,183
Computer Networks,Network Troubleshooting,3,1,3,23
Software Engineering,Code Review,13,2,1,222
Artificial Intelligence,Model Training,13,2,3,174
Computer Networks,Security Auditing,13,2,1,244
Computer Networks,Reading Protocols,18,2,3,191
Software Engineering,Debugging,7,2,2,97
Computer Networks,Security Auditing,10,2,3,88
Computer Networks,Lab Simulation,6,1,1,78
Software Engineering,Debugging,17,1,1,239
Computer Networks,Lab Simulation,8,1,1,105
Artificial Intelligence,Writing Code,2,3,3,27
Artificial Intelligence,Reading Research Papers,1,2,2,11
Artificial Intelligence,Reading Research Papers,3,1,2,23
Software Engineering,Writing Code,3,2,1,50
Artificial Intelligence,Data Preprocessing,14,2,1,285
Computer Networks,Network Troubleshooting,19,2,2,240
Artificial Intelligence,Writing Code,11,2,2,130
Software Engineering,System Design,8,2,2,94
Software Engineering,Writing Code,2,2,1,40
Computer Networks,Reading Protocols,15,3,1,564
Computer Networks,Reading Protocols,21,1,1,298
Software Engineering,Writing Code,10,3,2,224
Artificial Intelligence,Writing Code,9,3,3,118
Computer Networks,Lab Simulation,2,2,1,48
Computer Networks,Security Auditing,22,2,1,411
Artificial Intelligence,Model Training,13,1,3,91
Software Engineering,Debugging,11,2,2,212
Artificial Intelligence,Data Preprocessing,5,1,1,78
Artificial Intelligence,Reading Research Papers,6,1,2,63
Software Engineering,Writing Code,7,3,3,102
Software Engineering,Debugging,13,2,1,256
Computer Networks,Security Auditing,4,2,1,80
Artificial Intelligence,Reading Research Papers,13,2,1,218
Computer Networks,Lab Simulation,16,2,2,208
Artificial Intelligence,Math/Algorithm Review,3,3,2,79
Computer Networks,Network Troubleshooting,22,2,2,299
Software Engineering,Code Review,15,3,2,269
Computer Networks,Configuring Routers,9,3,2,183
Software Engineering,Debugging,19,2,3,161
Artificial Intelligence,Reading Research Papers,11,2,2,171
Software Engineering,Reading Documentation,4,3,1,117
Software Engineering,System Design,7,1,1,92
Artificial Intelligence,Math/Algorithm Review,22,1,1,349
Computer Networks,Reading Protocols,7,1,2,66
Artificial Intelligence,Model Training,9,3,2,208
Computer Networks,Security Auditing,6,2,2,75
Software Engineering,Debugging,11,1,1,147
Software Engineering,Debugging,21,3,2,349
Computer Networks,Network Troubleshooting,1,1,2,7
Computer Networks,Lab Simulation,18,3,1,524
Artificial Intelligence,Model Training,9,2,2,128
Computer Networks,Network Troubleshooting,6,2,3,68
Artificial Intelligence,Reading Research Papers,18,1,3,99
Artificial Intelligence,Data Preprocessing,8,2,2,116
Artificial Intelligence,Math/Algorithm Review,12,1,2,127
Computer Networks,Configuring Routers,5,1,2,38
Computer Networks,Security Auditing,4,1,2,33
Computer Networks,Lab Simulation,8,1,1,119
Artificial Intelligence,Reading Research Papers,7,2,2,103
Software Engineering,Reading Documentation,8,2,2,97
Artificial Intelligence,Writing Code,18,1,3,140
Computer Networks,Reading Protocols,10,2,1,252
Software Engineering,Writing Code,18,2,2,266
Software Engineering,System Design,22,3,1,566
Computer Networks,Configuring Routers,9,2,2,135
Software Engineering,Writing Code,23,1,3,148
Computer Networks,Lab Simulation,17,1,2,170
Artificial Intelligence,Writing Code,13,3,1,404
Computer Networks,Configuring Routers,8,2,1,146
Software Engineering,Writing Code,13,3,3,175
Computer Networks,Lab Simulation,22,3,1,714
Artificial Intelligence,Data Preprocessing,16,3,1,465
Computer Networks,Reading Protocols,13,1,2,126
Software Engineering,Reading Documentation,10,1,1,137
Software Engineering,Writing Code,10,3,1,340
Software Engineering,System Design,10,2,1,217
Computer Networks,Lab Simulation,8,2,2,148
Software Engineering,Code Review,19,1,3,115
Artificial Intelligence,Writing Code,24,3,1,801
Computer Networks,Reading Protocols,23,2,3,193
Software Engineering,Debugging,22,1,1,230
Computer Networks,Network Troubleshooting,5,3,2,87
Computer Networks,Configuring Routers,17,1,2,169
Software Engineering,Writing Code,20,2,1,409
Computer Networks,Configuring Routers,18,2,2,257
Computer Networks,Configuring Routers,24,1,2,210
Artificial Intelligence,Math/Algorithm Review,13,2,1,246
Computer Networks,Lab Simulation,12,2,2,193
Computer Networks,Security Auditing,6,3,1,170
Computer Networks,Security Auditing,12,2,1,182
Software Engineering,Debugging,1,3,2,28
Artificial Intelligence,Reading Research Papers,20,1,1,216
Software Engineering,Reading Documentation,20,3,1,339
Artificial Intelligence,Model Training,20,2,2,300
Software Engineering,Reading Documentation,3,3,2,73
Artificial Intelligence,Math/Algorithm Review,16,2,2,223
Computer Networks,Lab Simulation,3,1,2,26
Computer Networks,Lab Simulation,20,2,1,358
Artificial Intelligence,Data Preprocessing,10,1,1,98
Computer Networks,Lab Simulation,1,1,1,15
Artificial Intelligence,Reading Research Papers,22,2,1,427
Artificial Intelligence,Model Training,17,3,2,349
Software Engineering,Code Review,2,2,1,40
Artificial Intelligence,Reading Research Papers,7,2,1,103
Computer Networks,Configuring Routers,21,2,1,416
Computer Networks,Security Auditing,19,2,2,221
Artificial Intelligence,Math/Algorithm Review,24,2,2,298
Software Engineering,Writing Code,16,1,2,161
Software Engineering,Debugging,3,2,3,28
Software Engineering,Debugging,9,1,1,101
Software Engineering,Reading Documentation,4,3,1,99
Artificial Intelligence,Data Preprocessing,11,2,2,157
Computer Networks,Configuring Routers,17,2,2,267
Software Engineering,Writing Code,18,2,2,246
Computer Networks,Network Troubleshooting,10,2,2,167
Artificial Intelligence,Data Preprocessing,21,2,1,509
Artificial Intelligence,Reading Research Papers,21,1,3,142
Computer Networks,Security Auditing,11,2,2,135
Artificial Intelligence,Model Training,22,3,2,494
Computer Networks,Configuring Routers,10,1,1,138
Software Engineering,Reading Documentation,15,1,1,209
Software Engineering,Debugging,6,3,1,211
Artificial Intelligence,Writing Code,1,3,2,23
Artificial Intelligence,Math/Algorithm Review,4,2,2,34
Software Engineering,Debugging,21,3,3,192
Artificial Intelligence,Writing Code,13,2,2,179
Computer Networks,Network Troubleshooting,11,1,3,88
Artificial Intelligence,Data Preprocessing,7,2,3,86
Computer Networks,Security Auditing,10,2,2,163
Software Engineering,System Design,16,1,2,154
Artificial Intelligence,Math/Algorithm Review,16,2,2,234
Artificial Intelligence,Model Training,14,1,3,79
Computer Networks,Configuring Routers,5,3,2,71
Software Engineering,Writing Code,11,2,3,104
Computer Networks,Reading Protocols,8,1,2,59
Computer Networks,Lab Simulation,12,2,3,105
Computer Networks,Configuring Routers,13,1,2,98
Software Engineering,Writing Code,18,1,2,152
Artificial Intelligence,Model Training,18,3,1,554
Artificial Intelligence,Reading Research Papers,14,2,1,274
Computer Networks,Lab Simulation,16,2,2,175
Software Engineering,System Design,18,1,2,202
Artificial Intelligence,Data Preprocessing,11,2,2,155
Artificial Intelligence,Reading Research Papers,3,2,2,41
Computer Networks,Configuring Routers,8,3,1,241
Artificial Intelligence,Writing Code,3,2,1,62
Software Engineering,System Design,8,1,1,92
Computer Networks,Security Auditing,14,2,1,288
Artificial Intelligence,Data Preprocessing,23,2,1,459
Software Engineering,Reading Documentation,23,3,1,858
Computer Networks,Configuring Routers,2,3,2,50
Computer Networks,Configuring Routers,18,2,1,361
Artificial Intelligence,Reading Research Papers,15,1,2,160
Software Engineering,System Design,18,2,1,387
Artificial Intelligence,Data Preprocessing,13,3,2,236
Computer Networks,Lab Simulation,3,1,1,46
Artificial Intelligence,Writing Code,2,2,2,28
Computer Networks,Lab Simulation,21,3,1,581
Artificial Intelligence,Math/Algorithm Review,15,1,2,171
Artificial Intelligence,Reading Research Papers,8,3,1,193
Computer Networks,Security Auditing,7,2,2,88
Software Engineering,Debugging,9,2,2,106
Computer Networks,Configuring Routers,23,1,1,258
Software Engineering,Debugging,15,2,1,405
Artificial Intelligence,Math/Algorithm Review,18,2,2,280
Software Engineering,Code Review,24,3,1,574
Software Engineering,Reading Documentation,20,1,3,128
Artificial Intelligence,Writing Code,12,2,1,254
Artificial Intelligence,Writing Code,9,2,3,64
Artificial Intelligence,Math/Algorithm Review,4,3,3,60
Software Engineering,Debugging,11,1,3,67
Artificial Intelligence,Data Preprocessing,22,2,1,448
Artificial Intelligence,Model Training,7,2,3,93
Software Engineering,Code Review,13,2,1,252
Software Engineering,System Design,1,3,2,23
Software Engineering,System Design,17,2,1,354
Software Engineering,Code Review,20,1,2,185
Computer Networks,Reading Protocols,22,2,3,245
Artificial Intelligence,Model Training,13,2,1,165
Computer Networks,Network Troubleshooting,23,1,1,221
Computer Networks,Configuring Routers,19,3,2,471
Computer Networks,Network Troubleshooting,1,2,3,11
Software Engineering,Code Review,8,3,1,316
Software Engineering,Writing Code,22,3,1,876
Software Engineering,System Design,9,1,3,69
Software Engineering,Reading Documentation,17,2,1,351
Software Engineering,Debugging,7,1,2,71
Computer Networks,Security Auditing,5,1,1,71
Computer Networks,Network Troubleshooting,7,3,3,78
Artificial Intelligence,Writing Code,11,1,1,143
Computer Networks,Lab Simulation,6,1,1,73
Artificial Intelligence,Data Preprocessing,7,2,3,75
Artificial Intelligence,Writing Code,5,3,2,117
Computer Networks,Configuring Routers,23,2,2,390
Artificial Intelligence,Model Training,16,3,1,518
Computer Networks,Configuring Routers,17,2,3,181
Software Engineering,Writing Code,10,3,2,211
Software Engineering,System Design,14,3,1,452
Artificial Intelligence,Math/Algorithm Review,4,1,1,53
Computer Networks,Security Auditing,22,2,1,472
Software Engineering,Debugging,21,2,3,226
Software Engineering,Debugging,13,2,2,196
Artificial Intelligence,Reading Research Papers,9,2,1,143
Software Engineering,Code Review,5,2,1,96
Computer Networks,Reading Protocols,17,1,2,122
Software Engineering,Writing Code,1,3,1,27
Computer Networks,Network Troubleshooting,8,1,2,72
Software Engineering,Code Review,19,1,2,179
Computer Networks,Security Auditing,13,2,3,126
Software Engineering,Writing Code,3,1,1,40
Artificial Intelligence,Math/Algorithm Review,22,2,1,509
Software Engineering,Writing Code,24,1,3,170
Software Engineering,Code Review,20,1,2,211
Software Engineering,System Design,5,2,2,74
Computer Networks,Reading Protocols,22,3,1,632
Computer Networks,Security Auditing,20,2,1,419
Software Engineering,Reading Documentation,6,2,2,84
Computer Networks,Lab Simulation,18,2,2,254
Software Engineering,Reading Documentation,4,1,2,38
Software Engineering,Debugging,18,3,1,561
Artificial Intelligence,Reading Research Papers,24,2,1,422
Artificial Intelligence,Writing Code,24,2,1,471
Computer Networks,Configuring Routers,24,2,1,493
Software Engineering,Reading Documentation,19,2,2,233
Computer Networks,Lab Simulation,19,2,3,160
Software Engineering,Writing Code,2,1,2,22
Artificial Intelligence,Math/Algorithm Review,15,2,1,309
Software Engineering,Reading Documentation,4,3,3,63
Computer Networks,Reading Protocols,16,3,1,287
Computer Networks,Network Troubleshooting,12,1,2,107
Software Engineering,Code Review,12,2,1,221
Computer Networks,Network Troubleshooting,3,2,1,62
Artificial Intelligence,Reading Research Papers,10,3,1,266
Artificial Intelligence,Model Training,13,2,1,261
Artificial Intelligence,Writing Code,15,2,1,331
Artificial Intelligence,Writing Code,10,2,2,158
Software Engineering,System Design,12,3,1,304
Software Engineering,Reading Documentation,1,2,1,16
Software Engineering,Code Review,6,2,2,82
Software Engineering,System Design,15,3,2,309
Computer Networks,Configuring Routers,5,1,1,63
Artificial Intelligence,Writing Code,17,3,1,482
Computer Networks,Lab Simulation,1,2,1,21
Artificial Intelligence,Model Training,4,2,2,61
Computer Networks,Lab Simulation,3,2,1,65
Artificial Intelligence,Math/Algorithm Review,16,2,1,176
Artificial Intelligence,Math/Algorithm Review,3,1,2,32
Software Engineering,Code Review,8,1,2,88
Computer Networks,Security Auditing,19,2,2,205
Computer Networks,Security Auditing,4,2,2,65
Artificial Intelligence,Model Training,24,1,3,132
Computer Networks,Security Auditing,11,3,2,174
Computer Networks,Network Troubleshooting,13,2,1,322
Computer Networks,Configuring Routers,2,2,3,22
Artificial Intelligence,Data Preprocessing,7,1,3,32
Computer Networks,Configuring Routers,5,3,2,124
Artificial Intelligence,Model Training,21,3,2,471
Software Engineering,Reading Documentation,8,2,1,141
Artificial Intelligence,Data Preprocessing,23,1,3,145
Computer Networks,Security Auditing,7,1,1,98
Computer Networks,Lab Simulation,15,2,2,195
Computer Networks,Configuring Routers,19,2,3,162
Computer Networks,Reading Protocols,4,3,1,106
Computer Networks,Reading Protocols,23,2,2,321
Artificial Intelligence,Data Preprocessing,22,1,1,323
Computer Networks,Lab Simulation,13,2,1,262
Software Engineering,Code Review,6,1,2,67
Artificial Intelligence,Writing Code,6,2,2,85
Artificial Intelligence,Model Training,17,3,1,458
Computer Networks,Reading Protocols,16,3,3,233
Software Engineering,Debugging,23,2,3,202
Computer Networks,Configuring Routers,15,2,2,197
Artificial Intelligence,Math/Algorithm Review,11,3,2,240
Computer Networks,Reading Protocols,6,2,1,125
Software Engineering,Debugging,12,2,1,265
Computer Networks,Reading Protocols,20,2,2,324
Software Engineering,Writing Code,5,2,2,76
Software Engineering,Writing Code,20,2,3,201
Computer Networks,Configuring Routers,22,2,1,400
Computer Networks,Reading Protocols,13,3,1,391
Computer Networks,Reading Protocols,13,3,1,385
Software Engineering,Code Review,13,2,2,176
Computer Networks,Configuring Routers,22,3,2,432
Software Engineering,System Design,18,2,1,462
Software Engineering,Writing Code,6,1,1,89
Artificial Intelligence,Writing Code,17,2,2,239
Computer Networks,Security Auditing,16,3,2,398
Software Engineering,Debugging,2,2,1,33
Artificial Intelligence,Data Preprocessing,14,2,1,316
Artificial Intelligence,Reading Research Papers,24,3,2,404
Computer Networks,Configuring Routers,8,2,2,140
Artificial Intelligence,Reading Research Papers,15,1,1,211
Artificial Intelligence,Model Training,4,2,2,61
Artificial Intelligence,Data Preprocessing,9,1,2,61
Software Engineering,System Design,8,2,2,98
Computer Networks,Configuring Routers,3,1,1,35
Computer Networks,Lab Simulation,6,2,1,98
Artificial Intelligence,Reading Research Papers,19,2,2,374
Software Engineering,Code Review,1,2,1,21
Computer Networks,Configuring Routers,24,2,1,548
Software Engineering,Reading Documentation,24,1,1,268
Artificial Intelligence,Model Training,16,2,1,313
Computer Networks,Security Auditing,9,3,1,268
Computer Networks,Network Troubleshooting,4,2,1,86
Artificial Intelligence,Writing Code,14,2,2,209
Computer Networks,Security Auditing,7,2,3,77
Software Engineering,System Design,11,3,2,176
Computer Networks,Lab Simulation,18,2,1,267
Software Engineering,System Design,24,2,2,301
Software Engineering,Writing Code,7,3,3,109
Software Engineering,System Design,23,2,1,436
Artificial Intelligence,Math/Algorithm Review,4,2,3,49
Software Engineering,System Design,1,3,1,21
Artificial Intelligence,Reading Research Papers,10,2,1,192
Artificial Intelligence,Math/Algorithm Review,3,2,3,24
Artificial Intelligence,Math/Algorithm Review,14,1,3,105
Software Engineering,System Design,9,3,1,331
Computer Networks,Lab Simulation,9,2,3,90
Computer Networks,Security Auditing,8,3,1,219
Artificial Intelligence,Reading Research Papers,15,2,1,226
Software Engineering,Writing Code,15,2,2,254
Computer Networks,Reading Protocols,15,2,1,285
Artificial Intelligence,Math/Algorithm Review,3,2,2,37
Computer Networks,Network Troubleshooting,3,3,1,96
Software Engineering,Code Review,8,2,2,113
Computer Networks,Security Auditing,14,2,1,250
Artificial Intelligence,Data Preprocessing,13,3,3,225
Software Engineering,Debugging,14,3,2,309
Artificial Intelligence,Model Training,8,2,1,163
Software Engineering,Code Review,10,2,3,109
Software Engineering,Writing Code,21,2,3,223
Software Engineering,Code Review,21,2,1,385
Artificial Intelligence,Writing Code,1,2,3,8
Computer Networks,Security Auditing,4,2,2,59
Computer Networks,Reading Protocols,5,2,3,55
Software Engineering,Reading Documentation,2,1,1,26
Software Engineering,Code Review,7,1,1,93
Artificial Intelligence,Data Preprocessing,22,3,2,430
Software Engineering,Writing Code,10,1,3,83
Software Engineering,System Design,2,2,1,38
Artificial Intelligence,Reading Research Papers,13,1,2,144
Artificial Intelligence,Model Training,17,3,3,255
Artificial Intelligence,Writing Code,19,1,3,115
Artificial Intelligence,Writing Code,6,1,1,64
Software Engineering,System Design,14,2,1,303
Software Engineering,System Design,17,3,1,471
Software Engineering,Code Review,17,2,2,225
Artificial Intelligence,Writing Code,1,1,2,10
Software Engineering,Reading Documentation,10,1,2,97
Software Engineering,Code Review,13,3,3,136
Artificial Intelligence,Data Preprocessing,6,3,2,96
Software Engineering,System Design,14,3,1,410
Computer Networks,Network Troubleshooting,22,3,3,424
Software Engineering,System Design,20,3,2,464
Artificial Intelligence,Reading Research Papers,20,2,1,444
Artificial Intelligence,Math/Algorithm Review,22,2,1,467
Software Engineering,Code Review,20,1,3,169
Computer Networks,Security Auditing,12,2,2,165
Software Engineering,System Design,15,2,3,96
Artificial Intelligence,Math/Algorithm Review,21,2,2,301
Computer Networks,Network Troubleshooting,14,3,3,190
Artificial Intelligence,Data Preprocessing,1,3,1,32
Computer Networks,Reading Protocols,1,2,2,11
Software Engineering,Reading Documentation,20,2,2,241
Computer Networks,Security Auditing,21,2,2,294
Software Engineering,Writing Code,14,2,3,152
Computer Networks,Security Auditing,24,2,2,398
Computer Networks,Network Troubleshooting,9,2,1,126
Computer Networks,Reading Protocols,18,1,1,274
Computer Networks,Security Auditing,3,2,3,30
Software Engineering,Code Review,6,3,3,104
Software Engineering,Reading Documentation,12,2,2,179
Software Engineering,Reading Documentation,20,2,3,209
Software Engineering,System Design,7,2,1,124
Artificial Intelligence,Writing Code,14,1,2,127
Artificial Intelligence,Model Training,18,1,1,211
Software Engineering,Reading Documentation,22,2,2,278
Software Engineering,System Design,2,2,2,30
Software Engineering,Reading Documentation,8,1,2,81
Computer Networks,Network Troubleshooting,15,2,1,245
Computer Networks,Network Troubleshooting,10,3,2,199
Software Engineering,System Design,12,3,3,161
Software Engineering,Code Review,17,2,2,221
Artificial Intelligence,Data Preprocessing,8,1,1,122
Artificial Intelligence,Data Preprocessing,9,1,2,100
Artificial Intelligence,Writing Code,5,1,1,84
Artificial Intelligence,Reading Research Papers,21,2,1,511
Computer Networks,Lab Simulation,18,2,1,360
Software Engineering,Reading Documentation,21,1,3,147
Software Engineering,System Design,3,3,3,48
Software Engineering,Reading Documentation,3,2,3,27
Software Engineering,Debugging,18,2,2,273
Computer Networks,Security Auditing,24,2,2,395
Software Engineering,Reading Documentation,11,1,3,75
Computer Networks,Security Auditing,10,1,3,69
Artificial Intelligence,Data Preprocessing,16,1,2,153
Artificial Intelligence,Math/Algorithm Review,16,2,3,217
Software Engineering,Debugging,9,3,2,207
Computer Networks,Security Auditing,8,2,2,123
Software Engineering,System Design,2,2,1,38
Software Engineering,Reading Documentation,22,3,1,684
Software Engineering,Code Review,1,1,3,7
Computer Networks,Security Auditing,15,2,2,201
Computer Networks,Security Auditing,18,2,1,276
Software Engineering,Writing Code,24,2,3,198
Artificial Intelligence,Data Preprocessing,2,2,1,29
Software Engineering,Code Review,9,3,2,193
Computer Networks,Reading Protocols,17,2,2,200
Computer Networks,Reading Protocols,7,1,2,72
Computer Networks,Reading Protocols,24,3,3,283
Computer Networks,Network Troubleshooting,15,2,2,244
Artificial Intelligence,Data Preprocessing,16,3,2,311
Artificial Intelligence,Writing Code,10,3,2,283
Software Engineering,Debugging,4,1,2,41
Artificial Intelligence,Reading Research Papers,22,2,2,288
Computer Networks,Reading Protocols,15,2,2,248
Software Engineering,Reading Documentation,8,2,2,106
Software Engineering,Code Review,23,2,3,250
Computer Networks,Configuring Routers,18,2,3,161
Artificial Intelligence,Reading Research Papers,16,2,3,190
Computer Networks,Configuring Routers,22,2,1,429
Software Engineering,Debugging,18,2,2,239
Computer Networks,Reading Protocols,19,1,2,215
Software Engineering,Code Review,2,1,1,21
Software Engineering,System Design,23,2,1,425
Artificial Intelligence,Model Training,2,2,1,48
Artificial Intelligence,Math/Algorithm Review,21,1,1,254
Computer Networks,Configuring Routers,19,1,1,260
Artificial Intelligence,Model Training,16,2,2,225
Artificial Intelligence,Reading Research Papers,4,1,2,47
Software Engineering,System Design,6,2,1,106
Software Engineering,Debugging,10,2,2,177
Software Engineering,Writing Code,6,1,3,44
Artificial Intelligence,Model Training,17,1,2,167
Software Engineering,Reading Documentation,8,2,2,131
Software Engineering,Debugging,2,2,3,20
Artificial Intelligence,Data Preprocessing,12,2,1,256
Computer Networks,Configuring Routers,11,1,2,120
Software Engineering,Reading Documentation,9,2,1,224
Artificial Intelligence,Data Preprocessing,20,1,2,178
Computer Networks,Lab Simulation,10,2,1,211
Software Engineering,Debugging,14,2,3,159
Software Engineering,Debugging,10,2,1,185
Computer Networks,Reading Protocols,22,2,2,283
Artificial Intelligence,Data Preprocessing,16,2,2,255
Software Engineering,Debugging,13,1,2,146
Artificial Intelligence,Math/Algorithm Review,17,2,1,282
Computer Networks,Lab Simulation,10,2,1,215
Artificial Intelligence,Writing Code,13,3,1,318
Artificial Intelligence,Model Training,15,1,3,98
Artificial Intelligence,Math/Algorithm Review,21,3,1,559
Computer Networks,Lab Simulation,4,2,2,82
Artificial Intelligence,Model Training,12,1,1,138
Software Engineering,Reading Documentation,6,2,1,131
Artificial Intelligence,Model Training,10,2,2,176
Computer Networks,Security Auditing,17,1,1,195
Computer Networks,Configuring Routers,2,2,1,38
Software Engineering,System Design,1,2,3,11
Software Engineering,Reading Documentation,23,2,1,484
Software Engineering,System Design,21,3,2,492
Software Engineering,System Design,20,1,2,178
Software Engineering,Writing Code,19,3,2,350
Computer Networks,Network Troubleshooting,24,3,2,498
Artificial Intelligence,Math/Algorithm Review,12,2,2,165
Software Engineering,Reading Documentation,7,2,3,76
Computer Networks,Reading Protocols,11,1,3,63
Computer Networks,Security Auditing,10,3,1,321
Computer Networks,Network Troubleshooting,16,2,1,235
Software Engineering,System Design,23,1,3,159
Computer Networks,Security Auditing,2,1,3,14
Computer Networks,Lab Simulation,12,2,1,256
Artificial Intelligence,Model Training,1,2,2,13
Computer Networks,Configuring Routers,23,3,3,295
Software Engineering,Debugging,3,1,3,19
Artificial Intelligence,Data Preprocessing,24,1,2,254
Software Engineering,System Design,20,3,2,463
Software Engineering,Writing Code,13,2,2,143
Artificial Intelligence,Writing Code,4,3,2,60
Artificial Intelligence,Data Preprocessing,4,2,1,57
Software Engineering,Writing Code,6,2,1,122
Software Engineering,Code Review,22,3,1,701
Software Engineering,Debugging,2,3,2,38
Software Engineering,Reading Documentation,23,1,2,233
Software Engineering,Reading Documentation,8,2,3,88
Computer Networks,Lab Simulation,1,3,2,19
Software Engineering,System Design,1,2,3,8
Computer Networks,Configuring Routers,7,1,2,62
Artificial Intelligence,Model Training,13,2,1,287
Artificial Intelligence,Math/Algorithm Review,15,1,1,177
Software Engineering,Code Review,15,3,1,418
Computer Networks,Lab Simulation,2,2,3,22
Artificial Intelligence,Writing Code,9,2,2,121
Software Engineering,Reading Documentation,3,2,1,57
Artificial Intelligence,Math/Algorithm Review,16,2,3,111
Artificial Intelligence,Math/Algorithm Review,10,2,2,168
Software Engineering,Code Review,18,2,1,390
Artificial Intelligence,Model Training,13,2,2,174
Computer Networks,Network Troubleshooting,2,2,2,30
Artificial Intelligence,Writing Code,20,1,1,271
Artificial Intelligence,Model Training,22,2,1,387
Computer Networks,Reading Protocols,23,3,3,355
Artificial Intelligence,Data Preprocessing,17,2,1,333
Software Engineering,Writing Code,14,2,2,207
Artificial Intelligence,Data Preprocessing,16,2,2,298
Software Engineering,Code Review,7,2,2,126
Computer Networks,Reading Protocols,6,1,1,88
Artificial Intelligence,Math/Algorithm Review,19,1,2,164
Software Engineering,Reading Documentation,10,2,1,203
Artificial Intelligence,Writing Code,14,1,2,150
Artificial Intelligence,Writing Code,15,3,3,220
Computer Networks,Reading Protocols,9,1,1,143
Artificial Intelligence,Math/Algorithm Review,14,1,1,207
Software Engineering,Writing Code,1,1,1,10
Computer Networks,Security Auditing,9,2,1,205
Artificial Intelligence,Writing Code,6,3,2,112
Computer Networks,Reading Protocols,1,2,1,14
Software Engineering,Code Review,5,2,1,122
Artificial Intelligence,Writing Code,18,2,2,238
Software Engineering,System Design,21,3,2,379
Software Engineering,System Design,16,3,2,293
Software Engineering,Writing Code,24,2,1,538
Artificial Intelligence,Data Preprocessing,8,2,1,171
Computer Networks,Reading Protocols,22,3,3,383
Computer Networks,Reading Protocols,17,2,2,233
Software Engineering,Reading Documentation,23,2,1,414
Computer Networks,Security Auditing,18,1,1,226
Artificial Intelligence,Math/Algorithm Review,2,2,2,29
Computer Networks,Configuring Routers,21,2,2,352
Computer Networks,Reading Protocols,3,2,3,25
Computer Networks,Security Auditing,4,1,1,52
Computer Networks,Security Auditing,14,2,3,165
Artificial Intelligence,Reading Research Papers,7,2,1,142
Computer Networks,Lab Simulation,11,3,1,330
Artificial Intelligence,Math/Algorithm Review,5,2,1,95
Computer Networks,Reading Protocols,15,3,1,459
Computer Networks,Reading Protocols,19,2,1,379
Software Engineering,Code Review,3,2,3,23
Artificial Intelligence,Math/Algorithm Review,19,2,2,180
Artificial Intelligence,Writing Code,23,3,1,676
Software Engineering,Reading Documentation,7,2,3,89
Artificial Intelligence,Model Training,9,3,1,323
Software Engineering,Debugging,6,3,1,193
Software Engineering,Code Review,23,2,2,363
Software Engineering,Reading Documentation,1,3,2,26
Software Engineering,Code Review,7,1,1,89
Computer Networks,Configuring Routers,9,3,2,165
Software Engineering,Writing Code,23,1,3,148
Artificial Intelligence,Reading Research Papers,17,1,2,177
Artificial Intelligence,Model Training,8,2,1,133
Software Engineering,Debugging,22,2,1,345
Software Engineering,Reading Documentation,16,2,1,303
Software Engineering,Debugging,22,2,3,241
Computer Networks,Security Auditing,7,1,1,88
Computer Networks,Security Auditing,23,2,1,457
Artificial Intelligence,Data Preprocessing,23,1,2,215
Computer Networks,Configuring Routers,11,2,1,219
Artificial Intelligence,Writing Code,1,2,1,21
Computer Networks,Reading Protocols,17,2,2,266
Software Engineering,Debugging,19,1,3,151
Artificial Intelligence,Writing Code,5,1,1,89
Artificial Intelligence,Writing Code,17,2,2,218
Computer Networks,Lab Simulation,14,2,1,265
Computer Networks,Security Auditing,11,1,1,124
Computer Networks,Configuring Routers,6,2,1,123
Artificial Intelligence,Model Training,15,3,2,336
Computer Networks,Network Troubleshooting,11,3,2,262
Computer Networks,Lab Simulation,2,3,1,53
Artificial Intelligence,Model Training,22,2,3,194
Computer Networks,Network Troubleshooting,12,1,2,106
Artificial Intelligence,Reading Research Papers,24,1,2,202
Software Engineering,System Design,21,2,1,395
Computer Networks,Reading Protocols,6,1,2,62
Software Engineering,Debugging,13,3,1,437
Software Engineering,Writing Code,18,1,2,169
Computer Networks,Reading Protocols,24,2,2,474
Computer Networks,Network Troubleshooting,24,2,1,486
Software Engineering,System Design,7,2,2,80
Computer Networks,Lab Simulation,14,1,1,188
Software Engineering,Code Review,17,1,1,258
Artificial Intelligence,Math/Algorithm Review,14,2,3,122
Artificial Intelligence,Reading Research Papers,11,1,3,78
Software Engineering,Writing Code,1,3,1,28
Computer Networks,Configuring Routers,9,1,1,114
Software Engineering,Writing Code,12,1,3,93
Artificial Intelligence,Data Preprocessing,11,3,2,245
Computer Networks,Network Troubleshooting,16,2,2,189
Computer Networks,Configuring Routers,19,2,1,459
Software Engineering,Reading Documentation,6,2,1,120
Artificial Intelligence,Model Training,6,3,3,104
Computer Networks,Network Troubleshooting,18,2,1,344
Software Engineering,Debugging,4,3,2,86
Artificial Intelligence,Writing Code,5,3,3,70
Computer Networks,Security Auditing,8,1,2,82
Artificial Intelligence,Data Preprocessing,20,2,3,198
Artificial Intelligence,Writing Code,3,2,2,36
Software Engineering,Code Review,9,2,2,130
Computer Networks,Lab Simulation,10,2,1,231
Computer Networks,Network Troubleshooting,23,2,2,287
Software Engineering,System Design,21,3,2,292
Software Engineering,Writing Code,17,2,2,269
Computer Networks,Reading Protocols,5,2,1,103
Software Engineering,System Design,6,2,2,83
Computer Networks,Network Troubleshooting,22,1,3,146
Artificial Intelligence,Math/Algorithm Review,3,2,2,43
Software Engineering,System Design,21,3,3,332
Software Engineering,Code Review,20,2,3,195
Computer Networks,Configuring Routers,22,3,3,338
Artificial Intelligence,Data Preprocessing,22,1,1,250
Artificial Intelligence,Reading Research Papers,1,1,2,9
Artificial Intelligence,Data Preprocessing,15,1,1,251
Software Engineering,Debugging,6,2,3,51
Artificial Intelligence,Math/Algorithm Review,18,1,1,238
Software Engineering,Code Review,3,2,2,32
Software Engineering,Writing Code,22,2,2,322
Computer Networks,Lab Simulation,2,2,1,44
Software Engineering,Reading Documentation,2,3,2,41
Software Engineering,Reading Documentation,9,2,2,65
Computer Networks,Network Troubleshooting,10,1,3,63
Software Engineering,Reading Documentation,11,3,3,178
Artificial Intelligence,Reading Research Papers,8,1,2,68
Software Engineering,Reading Documentation,11,2,1,224
Artificial Intelligence,Reading Research Papers,19,2,1,385
Software Engineering,Writing Code,19,1,1,288
Artificial Intelligence,Math/Algorithm Review,18,2,3,224
Artificial Intelligence,Writing Code,21,1,2,191
Artificial Intelligence,Writing Code,15,1,3,121
Computer Networks,Lab Simulation,11,2,2,165
Computer Networks,Security Auditing,6,3,3,96
Artificial Intelligence,Math/Algorithm Review,18,2,1,315
Software Engineering,Debugging,1,1,2,8
Software Engineering,Debugging,6,2,3,63
Software Engineering,Debugging,3,1,1,40
Software Engineering,Reading Documentation,10,3,3,132
Artificial Intelligence,Writing Code,22,1,2,214
Computer Networks,Security Auditing,21,1,1,244
Software Engineering,System Design,14,3,2,255
Software Engineering,Reading Documentation,3,3,2,41
Software Engineering,System Design,15,2,1,250
Computer Networks,Network Troubleshooting,3,2,2,43
Computer Networks,Security Auditing,22,1,1,280
Software Engineering,Writing Code,24,3,2,418
Computer Networks,Security Auditing,9,3,1,254
Computer Networks,Lab Simulation,6,1,1,81
Software Engineering,Code Review,19,3,2,410
Computer Networks,Lab Simulation,9,1,3,51
Computer Networks,Lab Simulation,13,2,1,275
Artificial Intelligence,Model Training,18,2,2,319
Software Engineering,Debugging,23,1,3,164
Artificial Intelligence,Reading Research Papers,24,3,3,408
Artificial Intelligence,Math/Algorithm Review,12,3,2,245
Computer Networks,Network Troubleshooting,11,2,1,255
Computer Networks,Security Auditing,13,1,2,126
Artificial Intelligence,Data Preprocessing,6,2,3,58
Computer Networks,Lab Simulation,17,2,3,165
Artificial Intelligence,Model Training,13,2,3,102
Software Engineering,Debugging,7,2,1,183
Software Engineering,Code Review,8,3,2,202
Artificial Intelligence,Reading Research Papers,10,2,1,175
Computer Networks,Reading Protocols,24,3,3,354
Computer Networks,Configuring Routers,5,2,2,76
Software Engineering,System Design,8,3,3,134
Software Engineering,System Design,10,2,1,235
Artificial Intelligence,Writing Code,4,2,1,81
Artificial Intelligence,Model Training,22,1,2,213
Computer Networks,Security Auditing,23,1,2,274
Computer Networks,Security Auditing,3,2,2,36
Artificial Intelligence,Math/Algorithm Review,23,2,2,339
Artificial Intelligence,Writing Code,5,2,2,89
Artificial Intelligence,Reading Research Papers,20,2,1,318
Artificial Intelligence,Data Preprocessing,2,3,1,72
Software Engineering,Code Review,10,3,1,344
Software Engineering,Code Review,8,2,1,155
Artificial Intelligence,Reading Research Papers,15,2,1,388
Artificial Intelligence,Model Training,13,1,1,172
Computer Networks,Reading Protocols,8,2,2,115
Computer Networks,Security Auditing,11,2,2,146
Computer Networks,Reading Protocols,4,2,3,39
Computer Networks,Security Auditing,4,2,2,54
Computer Networks,Security Auditing,23,1,1,251
Artificial Intelligence,Data Preprocessing,16,2,2,199
Computer Networks,Network Troubleshooting,22,1,1,326
Artificial Intelligence,Reading Research Papers,14,2,1,285
Software Engineering,Reading Documentation,14,2,1,295
Artificial Intelligence,Data Preprocessing,22,2,1,420
Artificial Intelligence,Writing Code,4,2,2,49
Software Engineering,Code Review,16,2,1,310
Artificial Intelligence,Writing Code,20,2,1,443
Software Engineering,System Design,7,2,1,143
Artificial Intelligence,Data Preprocessing,2,2,2,29
Artificial Intelligence,Model Training,2,3,1,59
Artificial Intelligence,Data Preprocessing,22,2,1,513
Artificial Intelligence,Math/Algorithm Review,2,1,2,19
Computer Networks,Network Troubleshooting,20,2,1,417
Software Engineering,Writing Code,9,2,3,106
Artificial Intelligence,Reading Research Papers,4,2,1,100
Artificial Intelligence,Model Training,10,2,2,102
Software Engineering,Debugging,11,3,2,266
Artificial Intelligence,Math/Algorithm Review,19,1,1,232
Artificial Intelligence,Writing Code,17,2,2,214
Software Engineering,System Design,5,2,2,67
Artificial Intelligence,Model Training,15,2,1,245
Software Engineering,Debugging,23,2,2,343
Software Engineering,Reading Documentation,19,2,1,415
Software Engineering,Code Review,12,3,2,238
Computer Networks,Lab Simulation,19,2,2,286
Software Engineering,Reading Documentation,11,2,1,235
Software Engineering,Code Review,17,2,3,224
Computer Networks,Configuring Routers,17,3,1,520
Software Engineering,Writing Code,20,2,1,552
Computer Networks,Lab Simulation,19,2,2,198
Artificial Intelligence,Writing Code,1,3,1,36
Software Engineering,Debugging,3,1,1,35
Software Engineering,Reading Documentation,24,2,2,261
Artificial Intelligence,Model Training,23,1,3,143
Computer Networks,Configuring Routers,17,2,2,300
Artificial Intelligence,Reading Research Papers,18,3,1,676
Computer Networks,Network Troubleshooting,15,2,2,168
Computer Networks,Security Auditing,4,3,1,130
Software Engineering,System Design,24,3,1,637
Software Engineering,System Design,4,1,3,27
Software Engineering,Reading Documentation,8,1,1,98
Computer Networks,Network Troubleshooting,3,2,1,57
Computer Networks,Security Auditing,3,2,3,26
Software Engineering,System Design,24,1,1,368
Artificial Intelligence,Writing Code,2,1,2,17
Software Engineering,Debugging,5,2,1,137
Software Engineering,Debugging,6,2,3,72
Software Engineering,Writing Code,11,2,2,155
Computer Networks,Lab Simulation,8,1,1,86
Software Engineering,Reading Documentation,14,2,2,181
Artificial Intelligence,Model Training,24,2,1,355
Artificial Intelligence,Data Preprocessing,18,2,3,210
Computer Networks,Configuring Routers,12,2,3,146
Software Engineering,Code Review,2,3,2,51
Computer Networks,Security Auditing,24,3,1,860
Software Engineering,Code Review,11,3,3,156
Software Engineering,Reading Documentation,8,3,1,205
Artificial Intelligence,Reading Research Papers,19,1,1,292
Computer Networks,Configuring Routers,18,2,2,268
Computer Networks,Security Auditing,22,1,2,146
Computer Networks,Security Auditing,6,2,1,121
Software Engineering,Debugging,1,2,3,8
Software Engineering,Code Review,15,2,2,159
Artificial Intelligence,Writing Code,6,2,2,80
Artificial Intelligence,Writing Code,20,2,3,189
Computer Networks,Network Troubleshooting,21,1,1,256
Software Engineering,System Design,10,2,2,144
Computer Networks,Network Troubleshooting,17,2,3,154
Artificial Intelligence,Reading Research Papers,22,2,1,330
Computer Networks,Reading Protocols,17,2,1,384
Software Engineering,Reading Documentation,22,1,1,242
Computer Networks,Reading Protocols,10,2,3,101
Software Engineering,Debugging,12,1,3,78
Computer Networks,Configuring Routers,14,2,1,310
Computer Networks,Security Auditing,8,2,2,113
Software Engineering,Writing Code,1,1,1,10
Computer Networks,Reading Protocols,7,2,2,112
Artificial Intelligence,Writing Code,14,2,2,238
Artificial Intelligence,Reading Research Papers,18,2,1,332
Software Engineering,System Design,23,2,2,388
Software Engineering,System Design,24,2,3,291
Artificial Intelligence,Model Training,21,2,2,245
Computer Networks,Security Auditing,14,2,1,224
Software Engineering,Reading Documentation,22,2,1,571
Software Engineering,Reading Documentation,5,2,1,97
Software Engineering,Reading Documentation,10,2,3,108
Artificial Intelligence,Reading Research Papers,11,1,1,180
Computer Networks,Security Auditing,11,2,1,202
Software Engineering,Code Review,22,2,1,398
Software Engineering,Code Review,14,1,2,118
Software Engineering,Debugging,9,3,1,252
Artificial Intelligence,Data Preprocessing,16,2,1,305
Artificial Intelligence,Data Preprocessing,5,2,1,124
Computer Networks,Security Auditing,19,1,3,110
Artificial Intelligence,Math/Algorithm Review,9,3,3,121
Software Engineering,Writing Code,16,2,2,228
Computer Networks,Lab Simulation,14,3,3,189
Computer Networks,Configuring Routers,15,2,3,195
Computer Networks,Lab Simulation,6,3,2,117
Software Engineering,Writing Code,6,2,2,97
Software Engineering,System Design,19,1,2,221
Computer Networks,Reading Protocols,5,2,1,85
Artificial Intelligence,Model Training,15,2,2,195
Computer Networks,Configuring Routers,20,2,1,413
Software Engineering,Debugging,2,3,1,60
Artificial Intelligence,Data Preprocessing,14,2,3,165
Artificial Intelligence,Math/Algorithm Review,17,2,2,270
Computer Networks,Configuring Routers,18,2,3,206
Software Engineering,Code Review,17,2,3,149
Software Engineering,Code Review,17,3,3,195
Software Engineering,Debugging,11,2,2,145
Artificial Intelligence,Reading Research Papers,7,2,1,141
Computer Networks,Lab Simulation,18,2,2,294
Software Engineering,Writing Code,19,2,2,269
Computer Networks,Security Auditing,2,2,1,46
Software Engineering,Debugging,17,3,3,256
Artificial Intelligence,Writing Code,6,2,1,101
Artificial Intelligence,Writing Code,7,1,2,66
Artificial Intelligence,Writing Code,21,2,2,311
Artificial Intelligence,Model Training,2,1,1,24
Software Engineering,Debugging,22,2,3,196
Artificial Intelligence,Data Preprocessing,5,1,1,68
Computer Networks,Lab Simulation,14,2,1,327
Computer Networks,Reading Protocols,9,2,1,215
Computer Networks,Network Troubleshooting,16,1,2,176
Computer Networks,Reading Protocols,8,1,3,67
Software Engineering,Code Review,15,1,1,207
Software Engineering,System Design,24,1,1,390
Artificial Intelligence,Data Preprocessing,2,2,1,28
Artificial Intelligence,Data Preprocessing,23,1,1,343
Artificial Intelligence,Writing Code,9,3,2,220
Software Engineering,System Design,4,2,1,86
Artificial Intelligence,Writing Code,19,3,1,349
Computer Networks,Network Troubleshooting,19,1,3,140
Software Engineering,Debugging,10,1,1,148
Artificial Intelligence,Data Preprocessing,8,2,2,110
Software Engineering,System Design,8,3,2,177
Computer Networks,Lab Simulation,22,3,1,533
Software Engineering,Code Review,4,2,1,81
Software Engineering,System Design,2,1,2,14
Software Engineering,Writing Code,6,2,2,105
Computer Networks,Security Auditing,2,2,2,28
Software Engineering,System Design,9,2,2,117
Software Engineering,System Design,23,3,2,500
Artificial Intelligence,Data Preprocessing,23,2,1,375
Computer Networks,Configuring Routers,5,1,3,32
Software Engineering,Reading Documentation,2,1,3,14
Artificial Intelligence,Writing Code,20,3,3,315
Software Engineering,Writing Code,20,1,2,187
Computer Networks,Reading Protocols,8,1,1,78
Software Engineering,Debugging,15,2,1,317
Artificial Intelligence,Data Preprocessing,24,3,1,775
Computer Networks,Configuring Routers,19,1,1,269
Computer Networks,Security Auditing,12,3,1,377
Computer Networks,Configuring Routers,3,2,2,47
Computer Networks,Reading Protocols,3,2,1,64
Computer Networks,Configuring Routers,22,3,3,387
Computer Networks,Configuring Routers,3,2,1,67
Software Engineering,Code Review,5,2,2,77
Artificial Intelligence,Reading Research Papers,21,2,1,492
Software Engineering,Code Review,22,2,1,435
Software Engineering,System Design,9,1,3,63
Software Engineering,Debugging,20,1,1,313
Software Engineering,Code Review,4,2,2,66
Computer Networks,Reading Protocols,3,2,2,33
Software Engineering,Debugging,11,1,3,84
Artificial Intelligence,Model Training,22,2,2,286
Computer Networks,Network Troubleshooting,8,2,3,69
Software Engineering,Code Review,22,3,1,683
Computer Networks,Network Troubleshooting,24,2,2,367
Software Engineering,Debugging,14,2,2,192
Artificial Intelligence,Writing Code,15,2,2,205
Software Engineering,Code Review,6,1,2,47
Computer Networks,Configuring Routers,15,2,3,155
Computer Networks,Network Troubleshooting,5,1,3,23
Software Engineering,Writing Code,8,1,2,86
Artificial Intelligence,Math/Algorithm Review,9,1,1,113
Computer Networks,Configuring Routers,16,1,2,167
Artificial Intelligence,Reading Research Papers,14,2,1,255
Artificial Intelligence,Data Preprocessing,11,3,2,252
Software Engineering,Reading Documentation,16,2,1,343
Computer Networks,Configuring Routers,8,1,1,92
Artificial Intelligence,Reading Research Papers,5,3,2,113
Artificial Intelligence,Data Preprocessing,20,2,1,376
Computer Networks,Security Auditing,16,2,1,328
Artificial Intelligence,Reading Research Papers,24,2,3,255
Artificial Intelligence,Data Preprocessing,7,1,1,90
Computer Networks,Security Auditing,11,1,1,161
Artificial Intelligence,Reading Research Papers,4,1,2,51
Computer Networks,Network Troubleshooting,23,1,1,339
Artificial Intelligence,Data Preprocessing,4,2,2,50
Computer Networks,Security Auditing,15,2,3,166
Artificial Intelligence,Math/Algorithm Review,8,1,1,108
Software Engineering,Reading Documentation,19,1,1,349
Computer Networks,Security Auditing,11,3,2,216
Computer Networks,Security Auditing,12,2,2,177
Software Engineering,System Design,22,1,1,300
Computer Networks,Configuring Routers,2,1,1,30
Artificial Intelligence,Reading Research Papers,18,1,1,204
Artificial Intelligence,Writing Code,4,2,2,74
Computer Networks,Configuring Routers,11,3,2,195
Computer Networks,Network Troubleshooting,20,1,3,141
Artificial Intelligence,Reading Research Papers,23,2,3,276
Artificial Intelligence,Reading Research Papers,22,2,2,379
Computer Networks,Security Auditing,17,3,2,282
Software Engineering,System Design,16,3,3,296
Software Engineering,Writing Code,2,3,1,41
Software Engineering,Debugging,19,1,3,148
Computer Networks,Network Troubleshooting,14,3,1,342
Artificial Intelligence,Data Preprocessing,6,3,1,207
Software Engineering,Debugging,3,2,1,75
Computer Networks,Lab Simulation,4,3,3,61
Computer Networks,Lab Simulation,5,1,1,58
Computer Networks,Configuring Routers,16,2,1,344
Software Engineering,Code Review,23,2,2,264
Artificial Intelligence,Model Training,18,1,2,187
Software Engineering,Debugging,17,1,3,131
Software Engineering,Debugging,7,2,2,97
Software Engineering,Code Review,20,1,1,312
Artificial Intelligence,Writing Code,5,2,1,87
Computer Networks,Security Auditing,8,3,1,245
Artificial Intelligence,Math/Algorithm Review,11,3,1,371
Artificial Intelligence,Data Preprocessing,18,2,1,374
Computer Networks,Security Auditing,10,1,1,169
Computer Networks,Lab Simulation,13,3,2,284
Computer Networks,Lab Simulation,9,1,3,55
Artificial Intelligence,Math/Algorithm Review,10,1,1,117
Computer Networks,Lab Simulation,6,2,2,96
Computer Networks,Network Troubleshooting,20,2,2,234
Software Engineering,Code Review,11,1,1,140
Artificial Intelligence,Data Preprocessing,7,1,2,58
Artificial Intelligence,Data Preprocessing,17,2,1,334
Computer Networks,Reading Protocols,17,2,1,266
Artificial Intelligence,Data Preprocessing,10,2,2,140
Software Engineering,Debugging,11,3,1,298
Software Engineering,Code Review,10,2,1,192
Computer Networks,Network Troubleshooting,6,3,1,186
Artificial Intelligence,Math/Algorithm Review,1,1,2,8
Computer Networks,Security Auditing,11,1,3,78
Artificial Intelligence,Model Training,11,2,3,120
Artificial Intelligence,Data Preprocessing,23,2,3,200
Software Engineering,Code Review,16,2,2,233
Software Engineering,Code Review,10,2,2,106
Artificial Intelligence,Reading Research Papers,8,1,2,73
Computer Networks,Security Auditing,8,1,1,110
Artificial Intelligence,Data Preprocessing,20,1,2,162
Artificial Intelligence,Data Preprocessing,5,2,2,74
Software Engineering,Code Review,23,1,1,239
Software Engineering,System Design,23,1,1,314
Computer Networks,Lab Simulation,2,1,1,29
Computer Networks,Network Troubleshooting,17,2,2,237
Software Engineering,Writing Code,5,2,2,75
Software Engineering,Writing Code,22,2,2,313
Artificial Intelligence,Reading Research Papers,12,2,3,114
Software Engineering,Reading Documentation,11,2,2,169
Software Engineering,System Design,8,2,2,147
Computer Networks,Lab Simulation,4,1,1,61
Software Engineering,Debugging,1,1,2,9
Computer Networks,Configuring Routers,10,2,1,232
Software Engineering,Writing Code,18,1,3,144
Artificial Intelligence,Model Training,11,2,2,175
Artificial Intelligence,Data Preprocessing,2,3,1,59
Artificial Intelligence,Model Training,17,1,3,138
Artificial Intelligence,Model Training,9,3,1,305
Artificial Intelligence,Math/Algorithm Review,13,1,3,113
Software Engineering,Writing Code,6,2,1,155
Software Engineering,Writing Code,8,2,1,185
Software Engineering,Reading Documentation,19,2,1,302
Computer Networks,Configuring Routers,5,1,1,56
Computer Networks,Network Troubleshooting,17,3,2,328
Computer Networks,Network Troubleshooting,20,2,2,259
Artificial Intelligence,Writing Code,2,2,1,50
Software Engineering,Code Review,6,1,1,85
Artificial Intelligence,Writing Code,22,1,1,303
Artificial Intelligence,Data Preprocessing,11,2,1,312
Artificial Intelligence,Writing Code,20,3,2,401
Computer Networks,Network Troubleshooting,17,2,1,340
Computer Networks,Network Troubleshooting,17,2,1,425
Software Engineering,System Design,13,2,2,189
Software Engineering,Debugging,21,3,2,365
Software Engineering,Code Review,19,2,2,330
Artificial Intelligence,Data Preprocessing,23,2,2,350
Software Engineering,Reading Documentation,20,2,3,218
Software Engineering,Debugging,23,3,3,339
Artificial Intelligence,Model Training,3,2,1,73
Software Engineering,System Design,13,2,2,218
Software Engineering,Debugging,11,1,3,83
Computer Networks,Security Auditing,5,3,3,65
Artificial Intelligence,Math/Algorithm Review,9,1,1,130
Artificial Intelligence,Data Preprocessing,14,2,2,196
Artificial Intelligence,Model Training,13,1,2,151
Computer Networks,Reading Protocols,21,2,2,275
Artificial Intelligence,Data Preprocessing,15,3,3,263
Computer Networks,Configuring Routers,3,1,1,48
Artificial Intelligence,Writing Code,13,2,2,239
Artificial Intelligence,Model Training,12,1,2,117
Computer Networks,Reading Protocols,5,2,2,54
Artificial Intelligence,Data Preprocessing,3,2,1,47
Software Engineering,Writing Code,19,3,2,479
Computer Networks,Configuring Routers,1,3,2,17
Artificial Intelligence,Data Preprocessing,11,3,2,204
Artificial Intelligence,Data Preprocessing,16,2,2,178
Software Engineering,System Design,7,1,2,62
Computer Networks,Lab Simulation,5,1,1,81
Artificial Intelligence,Math/Algorithm Review,19,1,3,121
Computer Networks,Configuring Routers,16,3,1,604
Computer Networks,Lab Simulation,17,2,3,203
Computer Networks,Lab Simulation,9,3,1,238
Software Engineering,Writing Code,24,3,3,391
Computer Networks,Lab Simulation,13,1,3,96
Software Engineering,Code Review,21,2,2,268
Software Engineering,System Design,10,1,1,107
Software Engineering,Reading Documentation,8,2,3,95
Computer Networks,Security Auditing,20,1,2,152
Artificial Intelligence,Data Preprocessing,16,2,2,254
Computer Networks,Reading Protocols,9,1,2,124
Artificial Intelligence,Reading Research Papers,7,2,2,107
Software Engineering,Writing Code,18,2,3,193
Software Engineering,Writing Code,19,3,2,347
Artificial Intelligence,Model Training,6,3,2,157
Artificial Intelligence,Reading Research Papers,3,2,2,46
Software Engineering,Reading Documentation,21,2,2,296
Artificial Intelligence,Model Training,1,3,1,31
Artificial Intelligence,Math/Algorithm Review,4,1,1,55
Software Engineering,Writing Code,14,1,3,105
Software Engineering,Reading Documentation,23,1,1,291
Software Engineering,Code Review,23,3,2,345
Artificial Intelligence,Data Preprocessing,6,1,2,69
Software Engineering,Debugging,3,1,1,36
Software Engineering,Code Review,8,1,2,78
Artificial Intelligence,Model Training,22,2,2,315
Software Engineering,Writing Code,21,2,2,300
Software Engineering,System Design,14,1,1,229
Software Engineering,System Design,21,3,2,584
Software Engineering,Writing Code,3,1,3,20
Artificial Intelligence,Reading Research Papers,22,1,2,197
Artificial Intelligence,Math/Algorithm Review,22,2,3,236
Artificial Intelligence,Data Preprocessing,6,2,2,90
Software Engineering,Code Review,3,1,1,37
Artificial Intelligence,Writing Code,17,3,1,532
Software Engineering,Debugging,16,1,2,144
Computer Networks,Lab Simulation,3,1,1,43
Software Engineering,Code Review,13,2,3,135
Computer Networks,Reading Protocols,5,2,2,83
Software Engineering,Debugging,22,2,1,397
Artificial Intelligence,Data Preprocessing,5,3,1,129
Software Engineering,Reading Documentation,15,2,2,232
Computer Networks,Reading Protocols,7,3,1,153
Computer Networks,Configuring Routers,20,2,3,203
Artificial Intelligence,Model Training,6,3,2,139
Software Engineering,Reading Documentation,6,2,2,80
Software Engineering,Code Review,9,2,1,205
Artificial Intelligence,Reading Research Papers,4,2,3,43
Computer Networks,Network Troubleshooting,11,3,1,370
Computer Networks,Security Auditing,10,1,3,63
Computer Networks,Reading Protocols,20,1,1,258
Artificial Intelligence,Writing Code,2,2,1,41
Computer Networks,Security Auditing,10,3,3,141
Computer Networks,Reading Protocols,20,3,1,731
Software Engineering,Debugging,14,1,2,131
Software Engineering,Writing Code,4,2,2,66
Computer Networks,Reading Protocols,22,2,1,399
Computer Networks,Network Troubleshooting,19,2,3,197
Artificial Intelligence,Math/Algorithm Review,16,1,3,107
Software Engineering,Reading Documentation,20,2,1,429
Computer Networks,Network Troubleshooting,20,3,3,357
Artificial Intelligence,Writing Code,17,2,2,288
Computer Networks,Security Auditing,8,2,2,115
Computer Networks,Reading Protocols,15,2,1,361
Artificial Intelligence,Model Training,7,1,2,59
Software Engineering,Code Review,10,2,2,137
Artificial Intelligence,Math/Algorithm Review,4,1,2,39
Artificial Intelligence,Data Preprocessing,8,2,2,121
Software Engineering,Reading Documentation,10,2,1,205
Software Engineering,System Design,8,3,1,242
Artificial Intelligence,Model Training,23,2,1,449
Artificial Intelligence,Reading Research Papers,15,2,3,216
Computer Networks,Network Troubleshooting,3,2,1,56
Software Engineering,Code Review,19,2,1,413
Artificial Intelligence,Writing Code,15,2,1,322
Software Engineering,Writing Code,7,1,2,73
Computer Networks,Reading Protocols,11,2,2,158
Artificial Intelligence,Reading Research Papers,9,2,2,140
Artificial Intelligence,Data Preprocessing,11,2,2,162
Software Engineering,Debugging,19,2,2,254
Artificial Intelligence,Data Preprocessing,6,2,2,88
Software Engineering,System Design,24,1,1,364
Software Engineering,Debugging,16,1,1,194
Software Engineering,Code Review,5,3,2,91
Artificial Intelligence,Data Preprocessing,19,2,2,267
Artificial Intelligence,Reading Research Papers,12,1,2,108
Artificial Intelligence,Math/Algorithm Review,15,1,1,179
Software Engineering,Writing Code,22,2,2,348
Software Engineering,Writing Code,23,2,2,401
Artificial Intelligence,Data Preprocessing,8,3,2,126
Software Engineering,System Design,16,1,2,182
Artificial Intelligence,Model Training,19,2,1,301
Software Engineering,Writing Code,13,1,2,139
Computer Networks,Security Auditing,9,2,3,96
Software Engineering,System Design,6,2,2,90
Software Engineering,Debugging,14,1,3,99
Artificial Intelligence,Math/Algorithm Review,4,3,2,79
Software Engineering,Reading Documentation,20,2,2,286
Software Engineering,Writing Code,3,3,2,65
Computer Networks,Security Auditing,11,2,1,291
Artificial Intelligence,Math/Algorithm Review,22,1,2,174
Computer Networks,Reading Protocols,7,1,2,81
Software Engineering,System Design,7,2,2,93
Artificial Intelligence,Math/Algorithm Review,19,2,2,294
Software Engineering,Debugging,12,2,1,204
Computer Networks,Lab Simulation,11,2,2,185
Software Engineering,Code Review,1,2,1,18
Software Engineering,Debugging,3,2,2,47
Computer Networks,Security Auditing,2,2,3,19
Software Engineering,System Design,20,2,2,362
Artificial Intelligence,Reading Research Papers,8,1,1,89
Computer Networks,Security Auditing,4,2,1,80
Artificial Intelligence,Data Preprocessing,14,3,3,196
Software Engineering,Debugging,15,2,2,226
Computer Networks,Network Troubleshooting,17,1,1,196
Computer Networks,Configuring Routers,1,1,1,15
Computer Networks,Lab Simulation,12,2,3,130
Computer Networks,Security Auditing,22,1,1,362
Software Engineering,Debugging,23,1,2,181
Software Engineering,System Design,10,2,3,95
Artificial Intelligence,Reading Research Papers,10,2,1,235
Software Engineering,System Design,22,1,1,266
Computer Networks,Security Auditing,21,2,2,401
Artificial Intelligence,Data Preprocessing,24,2,1,557
Computer Networks,Reading Protocols,9,2,1,191
Computer Networks,Reading Protocols,7,2,2,126
Software Engineering,System Design,19,2,3,196
Computer Networks,Security Auditing,20,3,1,686
Computer Networks,Configuring Routers,5,2,1,100
Software Engineering,Debugging,16,3,1,505
Artificial Intelligence,Reading Research Papers,1,1,2,10
Software Engineering,Debugging,15,1,1,263
Artificial Intelligence,Data Preprocessing,13,1,1,189
Computer Networks,Reading Protocols,11,1,1,155
Artificial Intelligence,Writing Code,21,2,1,486
Software Engineering,Code Review,18,1,1,216
Artificial Intelligence,Math/Algorithm Review,9,2,1,150
Software Engineering,System Design,15,1,1,190
Software Engineering,Reading Documentation,14,1,3,104
Computer Networks,Configuring Routers,11,1,1,114
Artificial Intelligence,Data Preprocessing,20,3,1,473
Computer Networks,Reading Protocols,7,3,3,117
Computer Networks,Configuring Routers,7,3,3,86
Computer Networks,Reading Protocols,11,3,1,239
Software Engineering,System Design,17,1,1,258
Software Engineering,Code Review,14,2,3,114
Artificial Intelligence,Model Training,4,2,2,57
Software Engineering,Code Review,6,2,2,85
Artificial Intelligence,Math/Algorithm Review,3,2,2,47
Artificial Intelligence,Model Training,3,3,2,67
Computer Networks,Network Troubleshooting,17,3,2,360
Software Engineering,Code Review,16,3,1,462
Artificial Intelligence,Model Training,9,2,3,86
Software Engineering,Code Review,2,1,1,30
Software Engineering,Writing Code,17,1,3,98
Computer Networks,Configuring Routers,21,3,1,520
Computer Networks,Reading Protocols,10,2,1,234
Artificial Intelligence,Data Preprocessing,13,2,2,201
Artificial Intelligence,Data Preprocessing,19,1,2,148
Artificial Intelligence,Writing Code,7,2,1,144
Artificial Intelligence,Model Training,15,1,2,106
Artificial Intelligence,Data Preprocessing,10,2,2,152
Computer Networks,Reading Protocols,13,2,3,97
Computer Networks,Network Troubleshooting,14,1,1,214
Artificial Intelligence,Model Training,22,1,2,211
Artificial Intelligence,Data Preprocessing,23,3,2,598
Software Engineering,System Design,14,2,2,164
Artificial Intelligence,Math/Algorithm Review,8,2,3,88
Software Engineering,System Design,20,1,2,197
Software Engineering,Debugging,6,1,2,57
Software Engineering,Reading Documentation,22,3,1,639
Software Engineering,Writing Code,8,3,1,261
Software Engineering,Reading Documentation,17,3,2,395
Computer Networks,Lab Simulation,12,2,3,149
Computer Networks,Network Troubleshooting,15,1,2,122
Computer Networks,Security Auditing,21,2,3,220
Computer Networks,Security Auditing,17,2,1,475
Artificial Intelligence,Reading Research Papers,5,2,1,93
Artificial Intelligence,Writing Code,13,3,3,200
Computer Networks,Reading Protocols,7,2,2,107
Computer Networks,Network Troubleshooting,6,2,2,94
Software Engineering,Debugging,16,2,2,189
Artificial Intelligence,Data Preprocessing,23,2,3,274
Computer Networks,Security Auditing,23,2,1,495
Artificial Intelligence,Model Training,16,2,1,341
Computer Networks,Reading Protocols,23,2,2,283
Computer Networks,Reading Protocols,16,3,3,194
Artificial Intelligence,Writing Code,7,2,1,175
Computer Networks,Configuring Routers,24,1,1,322
Software Engineering,Reading Documentation,1,2,2,14
Computer Networks,Configuring Routers,24,3,1,716
Computer Networks,Configuring Routers,15,2,3,149
Artificial Intelligence,Math/Algorithm Review,21,2,2,303
Artificial Intelligence,Data Preprocessing,16,2,1,307
Software Engineering,Writing Code,1,3,2,14
Computer Networks,Network Troubleshooting,5,3,1,195
Computer Networks,Configuring Routers,5,1,1,65
Artificial Intelligence,Writing Code,3,3,1,79
Artificial Intelligence,Math/Algorithm Review,4,3,1,150
Software Engineering,Code Review,21,2,3,176
Computer Networks,Network Troubleshooting,9,2,3,97
Computer Networks,Security Auditing,14,2,3,151
Computer Networks,Lab Simulation,24,2,2,360
Computer Networks,Lab Simulation,10,2,2,140
Software Engineering,Writing Code,12,2,1,160
Software Engineering,Debugging,20,2,2,302
Software Engineering,Code Review,24,1,1,333
Artificial Intelligence,Writing Code,21,1,1,288
Software Engineering,Reading Documentation,10,2,1,205
Artificial Intelligence,Reading Research Papers,23,1,1,326
Software Engineering,System Design,12,2,3,129
Artificial Intelligence,Writing Code,13,2,2,190
Software Engineering,Reading Documentation,9,3,1,228
Software Engineering,Debugging,9,2,1,184
Computer Networks,Security Auditing,12,2,1,227
Artificial Intelligence,Math/Algorithm Review,19,2,3,181
Artificial Intelligence,Writing Code,17,1,3,78
Artificial Intelligence,Reading Research Papers,9,3,1,280
Software Engineering,Reading Documentation,3,3,2,57
Computer Networks,Configuring Routers,2,3,2,41
Artificial Intelligence,Model Training,15,2,3,109
Software Engineering,Writing Code,10,2,3,93
Artificial Intelligence,Reading Research Papers,3,1,1,40
Software Engineering,Writing Code,11,2,1,204
Artificial Intelligence,Model Training,5,1,2,49
Computer Networks,Network Troubleshooting,3,1,3,21
Software Engineering,Debugging,7,1,2,83
Computer Networks,Security Auditing,16,1,2,160
Software Engineering,System Design,11,2,3,139
Software Engineering,Writing Code,10,1,1,124
Artificial Intelligence,Reading Research Papers,2,2,2,28
Computer Networks,Reading Protocols,8,2,2,90
Software Engineering,Code Review,7,2,1,135
Software Engineering,System Design,5,1,2,49
Computer Networks,Security Auditing,19,2,2,271
Artificial Intelligence,Writing Code,8,1,3,52
Artificial Intelligence,Data Preprocessing,10,2,3,92
Computer Networks,Configuring Routers,9,2,1,163
Computer Networks,Reading Protocols,17,2,2,256
Computer Networks,Reading Protocols,19,2,1,369
Software Engineering,Code Review,7,2,1,135
Software Engineering,Debugging,15,2,2,249
Computer Networks,Security Auditing,23,3,1,666
Computer Networks,Configuring Routers,24,2,2,293
Artificial Intelligence,Model Training,22,2,2,308
Computer Networks,Network Troubleshooting,4,1,2,41
Computer Networks,Network Troubleshooting,20,2,1,385
Software Engineering,Debugging,14,1,1,184
Artificial Intelligence,Reading Research Papers,9,2,1,232
Artificial Intelligence,Data Preprocessing,7,1,2,59
Software Engineering,Code Review,22,2,3,209
Software Engineering,System Design,3,2,1,73
Computer Networks,Configuring Routers,9,2,3,94
Computer Networks,Network Troubleshooting,14,1,3,95
Software Engineering,Code Review,2,1,2,15
Computer Networks,Reading Protocols,4,2,3,37
Software Engineering,Reading Documentation,22,1,1,297
Software Engineering,Code Review,18,3,2,339
Artificial Intelligence,Data Preprocessing,19,3,2,508
Artificial Intelligence,Data Preprocessing,11,1,2,128
Artificial Intelligence,Data Preprocessing,20,3,3,267
Artificial Intelligence,Model Training,7,3,2,161
Artificial Intelligence,Writing Code,17,1,2,142
Artificial Intelligence,Reading Research Papers,8,1,2,74
Artificial Intelligence,Math/Algorithm Review,14,2,3,136
Artificial Intelligence,Data Preprocessing,21,2,1,456
Artificial Intelligence,Reading Research Papers,8,2,1,207
Software Engineering,Debugging,4,1,1,63
Artificial Intelligence,Model Training,12,2,2,218
Computer Networks,Reading Protocols,19,2,3,158
Software Engineering,Code Review,1,2,1,14
Software Engineering,Debugging,11,1,2,81
Computer Networks,Lab Simulation,14,2,1,230
Computer Networks,Lab Simulation,15,1,1,205
Computer Networks,Security Auditing,24,2,2,403
Software Engineering,System Design,9,2,3,84
Artificial Intelligence,Reading Research Papers,1,2,1,24
Software Engineering,System Design,23,2,2,422
Artificial Intelligence,Model Training,17,2,3,175
Software Engineering,System Design,5,2,3,46
Artificial Intelligence,Reading Research Papers,5,2,2,63
Software Engineering,System Design,4,1,1,43
Computer Networks,Reading Protocols,24,3,3,359
Software Engineering,System Design,3,1,1,40
Artificial Intelligence,Math/Algorithm Review,24,1,1,372
Computer Networks,Lab Simulation,13,2,1,297
Artificial Intelligence,Model Training,16,2,1,243
Software Engineering,Writing Code,21,1,2,196
Software Engineering,System Design,2,2,1,38
Computer Networks,Network Troubleshooting,10,3,1,323
Computer Networks,Configuring Routers,17,1,1,226
Computer Networks,Configuring Routers,18,3,2,225
Computer Networks,Reading Protocols,17,2,1,316
Software Engineering,Debugging,11,2,1,227
Software Engineering,System Design,6,3,1,206
Computer Networks,Network Troubleshooting,8,1,2,104
Computer Networks,Security Auditing,17,3,2,329
Software Engineering,Writing Code,10,2,1,194
Artificial Intelligence,Data Preprocessing,6,1,1,82
Software Engineering,Debugging,11,2,2,141
Software Engineering,Writing Code,23,3,1,729
Software Engineering,Writing Code,9,3,2,164
Artificial Intelligence,Data Preprocessing,23,2,3,246
Artificial Intelligence,Data Preprocessing,20,2,1,387
Artificial Intelligence,Writing Code,5,1,3,35
Computer Networks,Reading Protocols,6,2,2,86
Computer Networks,Configuring Routers,13,2,1,280
Artificial Intelligence,Data Preprocessing,10,3,1,293
Artificial Intelligence,Reading Research Papers,22,2,3,217
Software Engineering,Code Review,7,2,3,75
Computer Networks,Configuring Routers,8,2,2,121
Software Engineering,Reading Documentation,13,3,1,446
Software Engineering,Debugging,6,2,1,94
Computer Networks,Security Auditing,2,3,3,35
Computer Networks,Lab Simulation,6,2,1,122
Computer Networks,Lab Simulation,13,1,1,199
Artificial Intelligence,Writing Code,7,2,2,111
Computer Networks,Network Troubleshooting,15,1,2,131
Computer Networks,Configuring Routers,17,3,1,463
Computer Networks,Configuring Routers,21,1,1,337
Software Engineering,System Design,19,3,1,531
Software Engineering,Reading Documentation,1,1,1,15
Software Engineering,Code Review,12,1,1,178
Computer Networks,Configuring Routers,22,1,3,128
Computer Networks,Reading Protocols,6,1,3,41
Computer Networks,Configuring Routers,19,2,1,450
Artificial Intelligence,Data Preprocessing,20,2,2,224
Computer Networks,Configuring Routers,21,3,2,477
Software Engineering,Writing Code,7,3,2,151
Computer Networks,Security Auditing,15,3,2,366
Software Engineering,Debugging,11,3,3,168
Software Engineering,Writing Code,12,1,1,151
Software Engineering,System Design,17,1,2,167
Artificial Intelligence,Reading Research Papers,17,2,1,389
Computer Networks,Lab Simulation,9,2,2,138
Computer Networks,Network Troubleshooting,17,1,3,142
Software Engineering,Code Review,14,3,2,364
Artificial Intelligence,Data Preprocessing,14,2,2,209
Artificial Intelligence,Math/Algorithm Review,8,1,1,129
Artificial Intelligence,Reading Research Papers,6,2,2,106
Computer Networks,Reading Protocols,5,3,3,85
Artificial Intelligence,Model Training,6,3,3,106
Artificial Intelligence,Model Training,1,1,3,6
Artificial Intelligence,Reading Research Papers,23,3,2,523
Computer Networks,Configuring Routers,16,2,3,170
Computer Networks,Security Auditing,1,3,1,30
Computer Networks,Security Auditing,15,2,1,273
Artificial Intelligence,Model Training,6,2,3,71
Software Engineering,Code Review,12,1,2,129
Artificial Intelligence,Writing Code,18,3,2,386
Computer Networks,Reading Protocols,3,3,2,66
Software Engineering,Debugging,10,2,2,173
Artificial Intelligence,Data Preprocessing,17,2,3,187
Software Engineering,Writing Code,24,3,3,357
Artificial Intelligence,Math/Algorithm Review,21,2,2,304
Software Engineering,Writing Code,7,2,3,79
Artificial Intelligence,Math/Algorithm Review,13,1,3,103
Software Engineering,Reading Documentation,12,2,2,133
Computer Networks,Lab Simulation,1,2,2,12
Software Engineering,Code Review,23,3,2,462
Artificial Intelligence,Reading Research Papers,23,2,2,323
Computer Networks,Security Auditing,12,2,2,139
Artificial Intelligence,Model Training,23,2,2,301
Software Engineering,System Design,18,2,1,382
Artificial Intelligence,Reading Research Papers,6,2,2,76
Artificial Intelligence,Model Training,1,2,1,17
Software Engineering,System Design,7,1,1,112
Computer Networks,Reading Protocols,24,1,3,126
Computer Networks,Reading Protocols,4,1,1,53
Artificial Intelligence,Reading Research Papers,20,2,1,366
Software Engineering,Reading Documentation,18,2,2,265
Software Engineering,Code Review,18,3,1,447
Computer Networks,Security Auditing,19,2,2,265
Artificial Intelligence,Math/Algorithm Review,13,3,3,200
Software Engineering,Debugging,22,1,2,178
Computer Networks,Lab Simulation,17,2,2,224
Artificial Intelligence,Math/Algorithm Review,20,2,2,283
Artificial Intelligence,Math/Algorithm Review,8,1,1,89
Computer Networks,Network Troubleshooting,12,3,1,335
Software Engineering,Code Review,4,2,3,41
Software Engineering,Reading Documentation,2,2,2,36
Computer Networks,Security Auditing,14,2,2,171
Artificial Intelligence,Reading Research Papers,10,1,1,144
Artificial Intelligence,Writing Code,16,2,1,277
Artificial Intelligence,Math/Algorithm Review,15,1,1,209
Computer Networks,Lab Simulation,23,3,2,547
Software Engineering,Reading Documentation,17,2,3,145
Software Engineering,System Design,13,3,1,496
Artificial Intelligence,Math/Algorithm Review,11,1,1,154
Artificial Intelligence,Writing Code,23,3,3,385
Artificial Intelligence,Model Training,6,3,2,112
Software Engineering,Debugging,11,1,3,86
Software Engineering,Writing Code,1,2,1,24
Software Engineering,Debugging,12,1,1,135
Software Engineering,Reading Documentation,1,1,1,15
Artificial Intelligence,Writing Code,13,2,1,261
Computer Networks,Security Auditing,9,1,2,106
Software Engineering,System Design,14,3,2,324
Artificial Intelligence,Data Preprocessing,21,1,3,124
Software Engineering,Code Review,9,2,2,122
Computer Networks,Lab Simulation,5,3,1,132
Artificial Intelligence,Data Preprocessing,21,2,2,358
Computer Networks,Reading Protocols,24,2,1,534
Software Engineering,Code Review,6,1,3,38
Artificial Intelligence,Writing Code,22,1,2,246
Artificial Intelligence,Writing Code,7,2,3,85
Computer Networks,Configuring Routers,19,1,1,288
Computer Networks,Security Auditing,11,1,1,147
Computer Networks,Lab Simulation,16,1,2,174
Artificial Intelligence,Math/Algorithm Review,15,2,1,278
Artificial Intelligence,Data Preprocessing,13,1,3,94
Computer Networks,Configuring Routers,16,1,1,163
Computer Networks,Configuring Routers,21,2,3,151
Artificial Intelligence,Writing Code,1,1,3,6
Software Engineering,Code Review,11,1,1,113
Artificial Intelligence,Data Preprocessing,17,1,1,275
Artificial Intelligence,Reading Research Papers,15,2,3,132
Computer Networks,Network Troubleshooting,17,1,2,172
Software Engineering,Writing Code,23,1,2,195
Software Engineering,Code Review,3,2,2,43
Software Engineering,Debugging,19,3,1,402
Artificial Intelligence,Reading Research Papers,20,3,2,347
Software Engineering,System Design,23,2,1,560
Software Engineering,Reading Documentation,10,2,1,208
Computer Networks,Network Troubleshooting,18,1,1,243
Artificial Intelligence,Writing Code,7,2,1,152
Artificial Intelligence,Data Preprocessing,24,1,3,120
Artificial Intelligence,Math/Algorithm Review,15,1,2,130
Computer Networks,Reading Protocols,16,2,3,148
Software Engineering,Writing Code,21,3,1,750
Artificial Intelligence,Reading Research Papers,8,3,2,204
Artificial Intelligence,Data Preprocessing,21,2,2,262
Artificial Intelligence,Writing Code,1,1,3,7
Computer Networks,Configuring Routers,14,3,3,224
Artificial Intelligence,Writing Code,7,2,1,142
Artificial Intelligence,Writing Code,14,3,2,248
Artificial Intelligence,Data Preprocessing,11,1,3,72
Computer Networks,Lab Simulation,24,2,1,526
Computer Networks,Security Auditing,5,2,2,57
Computer Networks,Configuring Routers,10,1,1,127
Artificial Intelligence,Model Training,19,2,1,295
Software Engineering,Code Review,4,1,1,48
Artificial Intelligence,Reading Research Papers,10,1,1,123
Computer Networks,Security Auditing,19,1,1,260
Artificial Intelligence,Math/Algorithm Review,1,2,1,19
Artificial Intelligence,Data Preprocessing,16,2,2,272
Artificial Intelligence,Model Training,12,2,1,185
Artificial Intelligence,Writing Code,13,2,2,212
Computer Networks,Security Auditing,14,2,1,253
Computer Networks,Network Troubleshooting,6,2,1,140
Software Engineering,Writing Code,15,2,2,197
Software Engineering,Debugging,6,2,1,109
Software Engineering,Debugging,23,1,1,338
Computer Networks,Configuring Routers,2,1,2,19
Artificial Intelligence,Data Preprocessing,1,1,3,6
Computer Networks,Reading Protocols,18,3,1,533
Software Engineering,Debugging,19,1,2,133
Computer Networks,Network Troubleshooting,18,1,2,179
Computer Networks,Configuring Routers,13,1,2,145
Software Engineering,Debugging,3,3,2,68
Artificial Intelligence,Math/Algorithm Review,2,1,2,22
Software Engineering,System Design,9,1,1,103
Artificial Intelligence,Data Preprocessing,7,2,1,157
Artificial Intelligence,Writing Code,2,2,1,33
Software Engineering,Writing Code,21,2,3,183
Software Engineering,System Design,14,3,2,313
Software Engineering,Reading Documentation,23,2,1,458
Computer Networks,Security Auditing,23,3,1,702
Artificial Intelligence,Reading Research Papers,11,2,1,219
Computer Networks,Configuring Routers,20,3,1,595
Software Engineering,System Design,5,2,2,63
Software Engineering,Debugging,22,2,3,200
Software Engineering,Code Review,21,1,2,214
Artificial Intelligence,Reading Research Papers,4,1,2,25
Computer Networks,Network Troubleshooting,16,2,1,277
Artificial Intelligence,Writing Code,12,1,1,110
Computer Networks,Security Auditing,23,1,2,227
Software Engineering,Code Review,4,3,2,67
Computer Networks,Reading Protocols,10,1,1,133
Artificial Intelligence,Model Training,12,2,3,122
Artificial Intelligence,Reading Research Papers,24,3,3,383
Software Engineering,Writing Code,10,2,1,191
Computer Networks,Reading Protocols,23,1,3,163
Artificial Intelligence,Model Training,6,1,3,39
Artificial Intelligence,Math/Algorithm Review,16,1,2,132
Computer Networks,Configuring Routers,5,3,2,87
Software Engineering,Code Review,13,2,1,210
Computer Networks,Reading Protocols,18,2,2,269
Computer Networks,Configuring Routers,15,1,1,198
Software Engineering,Debugging,23,1,2,189
Computer Networks,Security Auditing,24,2,1,587
Computer Networks,Reading Protocols,10,1,3,55
Computer Networks,Security Auditing,19,2,3,177
Software Engineering,System Design,1,3,2,18
Artificial Intelligence,Data Preprocessing,18,2,1,386
Computer Networks,Network Troubleshooting,13,2,1,273
Artificial Intelligence,Model Training,17,2,3,169
Software Engineering,Debugging,3,2,3,36
Computer Networks,Lab Simulation,13,2,2,197
Software Engineering,Code Review,20,3,1,676
Artificial Intelligence,Math/Algorithm Review,1,2,2,13
Computer Networks,Configuring Routers,21,3,2,439
Software Engineering,Writing Code,20,3,2,470
Computer Networks,Lab Simulation,7,2,2,95
Artificial Intelligence,Data Preprocessing,2,3,1,73
Computer Networks,Security Auditing,13,3,2,352
Artificial Intelligence,Writing Code,4,1,2,41
Artificial Intelligence,Reading Research Papers,2,2,1,32
Computer Networks,Configuring Routers,15,1,2,132
Computer Networks,Network Troubleshooting,4,2,2,53
Artificial Intelligence,Reading Research Papers,14,2,2,171
Artificial Intelligence,Data Preprocessing,13,2,1,217
Artificial Intelligence,Reading Research Papers,4,2,2,76
Computer Networks,Network Troubleshooting,13,1,2,127
Artificial Intelligence,Math/Algorithm Review,9,2,1,212
Computer Networks,Reading Protocols,4,1,1,53
Artificial Intelligence,Reading Research Papers,4,1,3,19
Artificial Intelligence,Model Training,6,3,1,170
Software Engineering,Debugging,3,1,2,30
Artificial Intelligence,Model Training,13,1,3,90
Computer Networks,Network Troubleshooting,22,2,2,390
Computer Networks,Security Auditing,10,2,2,130
Computer Networks,Security Auditing,6,2,2,71
Computer Networks,Configuring Routers,17,2,2,246
Computer Networks,Reading Protocols,18,2,2,240
Computer Networks,Lab Simulation,11,3,1,276
Artificial Intelligence,Writing Code,14,2,1,279
Software Engineering,Code Review,16,2,3,149
Computer Networks,Reading Protocols,3,2,3,25
Artificial Intelligence,Data Preprocessing,5,2,2,60
Software Engineering,Debugging,1,2,1,22
Software Engineering,Code Review,3,2,3,25
Artificial Intelligence,Reading Research Papers,3,2,2,45
Computer Networks,Lab Simulation,17,2,1,294
Computer Networks,Network Troubleshooting,13,1,2,144
Software Engineering,Debugging,16,3,1,615
Computer Networks,Lab Simulation,9,1,1,103
Computer Networks,Configuring Routers,21,2,1,371
Computer Networks,Configuring Routers,8,2,2,83
Artificial Intelligence,Reading Research Papers,12,3,2,218
Computer Networks,Configuring Routers,9,2,3,106
Artificial Intelligence,Math/Algorithm Review,17,2,2,313
Artificial Intelligence,Model Training,23,2,2,384
Artificial Intelligence,Model Training,5,2,2,84
Computer Networks,Lab Simulation,10,1,2,90
Artificial Intelligence,Reading Research Papers,19,1,1,284
Artificial Intelligence,Model Training,8,1,1,120
Computer Networks,Configuring Routers,1,3,1,31
Software Engineering,Debugging,14,3,1,344
Computer Networks,Network Troubleshooting,7,2,1,141
Computer Networks,Security Auditing,10,1,2,93
Computer Networks,Configuring Routers,1,2,1,23
Computer Networks,Security Auditing,17,2,1,280
Computer Networks,Network Troubleshooting,10,3,1,290
Computer Networks,Lab Simulation,10,1,1,120
Computer Networks,Reading Protocols,7,3,1,242
Software Engineering,Writing Code,9,1,1,135
Computer Networks,Reading Protocols,8,1,1,102
Artificial Intelligence,Math/Algorithm Review,10,3,1,311
Software Engineering,Debugging,9,2,2,170
Software Engineering,Writing Code,11,2,2,161
Artificial Intelligence,Data Preprocessing,4,2,1,71
Software Engineering,Debugging,23,1,2,218
Computer Networks,Security Auditing,18,2,3,169
Computer Networks,Reading Protocols,5,3,2,78
Software Engineering,Reading Documentation,3,1,1,44
Software Engineering,Code Review,18,2,1,330
Computer Networks,Configuring Routers,2,3,2,43
Software Engineering,Reading Documentation,23,2,3,272
Computer Networks,Network Troubleshooting,14,2,2,212
Computer Networks,Configuring Routers,1,2,3,10
Software Engineering,Debugging,22,1,1,282
Software Engineering,Debugging,10,2,3,114
Computer Networks,Configuring Routers,23,3,2,595
Software Engineering,Reading Documentation,10,2,2,150
Computer Networks,Network Troubleshooting,13,3,2,366
Software Engineering,Writing Code,12,1,3,94
Artificial Intelligence,Math/Algorithm Review,19,2,1,400
Computer Networks,Reading Protocols,23,1,2,176
Software Engineering,Writing Code,22,3,1,530
Software Engineering,Code Review,23,1,2,286
Software Engineering,Debugging,9,2,2,149
Software Engineering,Debugging,2,2,1,44
Computer Networks,Configuring Routers,10,2,1,193
Computer Networks,Network Troubleshooting,7,1,2,79
Software Engineering,Writing Code,20,2,3,209
Computer Networks,Reading Protocols,3,2,1,61
Computer Networks,Configuring Routers,24,3,1,773
Computer Networks,Security Auditing,20,1,3,159
Software Engineering,Writing Code,9,2,2,165
Software Engineering,Code Review,21,2,3,203
Software Engineering,Code Review,22,2,1,444
Artificial Intelligence,Writing Code,4,3,2,103
Artificial Intelligence,Writing Code,6,3,1,165
Software Engineering,System Design,4,1,2,39
Software Engineering,Reading Documentation,12,1,1,179
Software Engineering,Code Review,14,2,2,157
Artificial Intelligence,Model Training,19,1,2,192
Artificial Intelligence,Data Preprocessing,15,1,2,150
Computer Networks,Security Auditing,12,1,2,148
Artificial Intelligence,Reading Research Papers,24,2,2,272
Artificial Intelligence,Reading Research Papers,17,2,3,190
Computer Networks,Lab Simulation,7,1,1,79
Software Engineering,Debugging,11,2,2,161
Computer Networks,Network Troubleshooting,6,3,2,140
Software Engineering,Writing Code,23,1,2,151
Computer Networks,Reading Protocols,22,1,1,353
Computer Networks,Network Troubleshooting,11,2,1,206
Artificial Intelligence,Writing Code,1,1,3,6
Computer Networks,Network Troubleshooting,20,2,2,257
Artificial Intelligence,Reading Research Papers,23,1,2,179
Computer Networks,Security Auditing,13,2,2,187
Computer Networks,Lab Simulation,18,2,3,253
Software Engineering,Code Review,10,2,1,149
Computer Networks,Lab Simulation,15,2,3,112
Computer Networks,Reading Protocols,9,1,2,77
Software Engineering,Writing Code,16,1,2,164
Artificial Intelligence,Math/Algorithm Review,18,1,2,174
Computer Networks,Reading Protocols,18,2,1,417
Artificial Intelligence,Math/Algorithm Review,6,3,1,213
Software Engineering,System Design,21,3,1,597
Artificial Intelligence,Data Preprocessing,1,2,2,16
Software Engineering,Writing Code,11,1,2,108
Computer Networks,Network Troubleshooting,18,2,3,161
Computer Networks,Lab Simulation,22,2,1,497
Artificial Intelligence,Data Preprocessing,11,1,2,94
Software Engineering,Writing Code,4,2,2,50
Artificial Intelligence,Model Training,10,2,1,227
Computer Networks,Network Troubleshooting,24,2,1,532
Software Engineering,Code Review,17,3,1,477
Computer Networks,Configuring Routers,24,2,1,390
Computer Networks,Configuring Routers,15,2,2,246
Software Engineering,System Design,5,3,1,185
Software Engineering,Writing Code,8,3,2,190
Computer Networks,Reading Protocols,4,1,1,54
Computer Networks,Configuring Routers,5,1,2,49
Software Engineering,Reading Documentation,10,2,2,114
Computer Networks,Security Auditing,11,3,1,310
Computer Networks,Configuring Routers,13,3,1,399
Computer Networks,Security Auditing,20,2,2,215
Software Engineering,System Design,4,1,2,44
Software Engineering,Debugging,18,1,2,140
Software Engineering,Code Review,10,1,1,135
Computer Networks,Reading Protocols,9,2,2,138
Computer Networks,Network Troubleshooting,24,1,1,308
Software Engineering,Debugging,6,1,2,56
Computer Networks,Security Auditing,3,2,2,38
Software Engineering,Debugging,19,3,2,511
Computer Networks,Reading Protocols,15,1,1,175
Software Engineering,Reading Documentation,18,2,2,209
Computer Networks,Configuring Routers,23,2,3,314
Computer Networks,Network Troubleshooting,13,3,2,250
Computer Networks,Lab Simulation,7,2,1,106
Software Engineering,Debugging,18,2,2,239
Computer Networks,Reading Protocols,21,2,2,324
Computer Networks,Configuring Routers,20,1,1,211
Software Engineering,Reading Documentation,17,2,1,381
Software Engineering,System Design,4,1,1,58
Computer Networks,Lab Simulation,8,3,1,254
Artificial Intelligence,Writing Code,2,1,1,19
Computer Networks,Network Troubleshooting,13,2,2,183
Computer Networks,Lab Simulation,3,2,2,31
Software Engineering,Writing Code,7,3,2,161
Artificial Intelligence,Model Training,12,2,2,178
Computer Networks,Configuring Routers,18,3,1,582
Computer Networks,Reading Protocols,3,3,2,73
Computer Networks,Security Auditing,3,2,2,49
Software Engineering,Reading Documentation,24,1,2,141
Artificial Intelligence,Math/Algorithm Review,12,2,2,172
Software Engineering,Reading Documentation,20,3,1,771
Computer Networks,Lab Simulation,13,2,2,176
Computer Networks,Network Troubleshooting,11,1,2,103
Computer Networks,Security Auditing,8,3,1,257
Computer Networks,Reading Protocols,5,3,2,95
Computer Networks,Lab Simulation,14,2,2,201
Software Engineering,Code Review,9,2,2,152
Computer Networks,Security Auditing,6,1,1,79
Computer Networks,Configuring Routers,21,2,2,246
Artificial Intelligence,Reading Research Papers,17,1,2,143
Computer Networks,Reading Protocols,16,2,3,146
Artificial Intelligence,Writing Code,14,1,2,86
Computer Networks,Lab Simulation,22,1,3,170
Software Engineering,System Design,15,1,3,74
Artificial Intelligence,Writing Code,11,1,3,65
Computer Networks,Lab Simulation,2,1,2,20
Artificial Intelligence,Writing Code,14,1,2,116
Computer Networks,Configuring Routers,10,1,3,61
Software Engineering,Reading Documentation,10,1,2,103
Artificial Intelligence,Model Training,12,3,1,413
Artificial Intelligence,Model Training,16,1,1,181
Software Engineering,Code Review,7,2,1,142
Artificial Intelligence,Model Training,21,2,1,428
Artificial Intelligence,Data Preprocessing,17,3,1,497
Artificial Intelligence,Data Preprocessing,11,1,2,109
Artificial Intelligence,Model Training,24,1,1,335
Computer Networks,Security Auditing,1,1,3,6
Artificial Intelligence,Data Preprocessing,3,1,2,31
Software Engineering,System Design,3,2,2,37
Software Engineering,Writing Code,12,2,1,252
Software Engineering,Writing Code,15,2,1,294
Artificial Intelligence,Writing Code,20,3,2,478
Artificial Intelligence,Writing Code,23,1,1,323
Computer Networks,Configuring Routers,1,2,3,13
Artificial Intelligence,Reading Research Papers,24,2,1,552
Computer Networks,Network Troubleshooting,3,1,1,43
Artificial Intelligence,Math/Algorithm Review,20,1,3,144
Artificial Intelligence,Reading Research Papers,20,2,1,426
Artificial Intelligence,Data Preprocessing,11,2,2,146
Computer Networks,Lab Simulation,9,1,3,44
Computer Networks,Security Auditing,6,2,1,103
Computer Networks,Configuring Routers,24,2,3,230
Software Engineering,Reading Documentation,7,2,1,103
Artificial Intelligence,Writing Code,21,2,1,413
Artificial Intelligence,Reading Research Papers,1,3,3,22
Software Engineering,Reading Documentation,18,2,2,277
Computer Networks,Lab Simulation,24,2,1,483
Computer Networks,Reading Protocols,19,3,2,573
Computer Networks,Network Troubleshooting,3,2,1,71
Software Engineering,System Design,10,3,3,155
Computer Networks,Network Troubleshooting,22,2,2,345
Computer Networks,Lab Simulation,18,1,1,296
Artificial Intelligence,Model Training,6,3,2,117
Artificial Intelligence,Data Preprocessing,8,2,3,82
Computer Networks,Reading Protocols,24,1,1,375
Artificial Intelligence,Math/Algorithm Review,18,3,1,456
Software Engineering,Reading Documentation,17,2,1,315
Software Engineering,System Design,11,1,2,82
Computer Networks,Security Auditing,15,2,2,189
Software Engineering,Reading Documentation,4,1,2,41
Artificial Intelligence,Data Preprocessing,5,2,1,84
Artificial Intelligence,Math/Algorithm Review,14,2,3,170
Software Engineering,Debugging,7,2,1,147
Software Engineering,Reading Documentation,22,2,3,211
Artificial Intelligence,Data Preprocessing,20,1,2,206
Artificial Intelligence,Model Training,6,1,1,62
Artificial Intelligence,Model Training,21,1,3,131
Artificial Intelligence,Model Training,3,3,3,45
Artificial Intelligence,Math/Algorithm Review,7,2,1,131
Artificial Intelligence,Reading Research Papers,11,3,3,164
Computer Networks,Security Auditing,10,1,1,149
Software Engineering,System Design,23,2,2,379
Software Engineering,System Design,17,2,3,193
Artificial Intelligence,Data Preprocessing,4,1,2,33
Software Engineering,System Design,11,2,1,199
Artificial Intelligence,Writing Code,5,2,1,105
Artificial Intelligence,Math/Algorithm Review,19,1,2,217
Software Engineering,Debugging,6,1,3,45
Software Engineering,Debugging,15,3,1,583
Artificial Intelligence,Math/Algorithm Review,5,3,1,139
Computer Networks,Security Auditing,1,1,2,8
Computer Networks,Security Auditing,18,2,3,229
Artificial Intelligence,Data Preprocessing,13,1,2,94
Software Engineering,System Design,1,2,1,22
Computer Networks,Reading Protocols,21,2,3,264
Software Engineering,Writing Code,1,2,2,16
Artificial Intelligence,Model Training,9,2,2,137
Computer Networks,Network Troubleshooting,18,2,1,328
Artificial Intelligence,Data Preprocessing,10,1,2,112
Software Engineering,Code Review,6,1,1,81
Computer Networks,Configuring Routers,4,2,1,63
Computer Networks,Security Auditing,1,2,2,17
Computer Networks,Security Auditing,6,2,1,129
Artificial Intelligence,Math/Algorithm Review,22,2,1,527
Software Engineering,Debugging,8,2,3,81
Software Engineering,Reading Documentation,7,2,3,98
Computer Networks,Reading Protocols,19,2,3,199
Artificial Intelligence,Data Preprocessing,17,1,2,118
Software Engineering,Code Review,24,2,2,383
Artificial Intelligence,Data Preprocessing,20,2,2,288
Computer Networks,Security Auditing,20,1,2,147
Artificial Intelligence,Reading Research Papers,7,3,1,177
Computer Networks,Lab Simulation,14,2,3,148
Artificial Intelligence,Reading Research Papers,20,1,1,218
Computer Networks,Lab Simulation,16,3,1,463
Computer Networks,Lab Simulation,20,2,3,243
Computer Networks,Security Auditing,7,3,2,161
Software Engineering,Writing Code,7,1,1,79
Computer Networks,Configuring Routers,5,1,2,40
Artificial Intelligence,Data Preprocessing,7,3,2,163
Computer Networks,Security Auditing,22,2,2,238
Software Engineering,Code Review,12,2,1,215
Computer Networks,Security Auditing,15,2,1,250
Computer Networks,Security Auditing,1,1,3,5
Software Engineering,System Design,9,2,1,177
Software Engineering,Writing Code,15,1,2,190
Artificial Intelligence,Reading Research Papers,16,2,2,280
Computer Networks,Configuring Routers,13,1,3,66
Software Engineering,System Design,3,1,2,28
Artificial Intelligence,Model Training,1,3,1,30
Computer Networks,Security Auditing,23,2,1,553
Computer Networks,Configuring Routers,4,1,1,61
Artificial Intelligence,Model Training,1,1,2,10
Software Engineering,Reading Documentation,9,1,3,58
Computer Networks,Security Auditing,5,2,2,51
Software Engineering,Reading Documentation,5,3,1,131
Software Engineering,Reading Documentation,7,1,1,111
Software Engineering,Reading Documentation,12,1,1,135
Software Engineering,Writing Code,20,3,1,605
Artificial Intelligence,Reading Research Papers,18,1,1,264
Computer Networks,Lab Simulation,14,1,3,96
Computer Networks,Security Auditing,18,2,1,353
Artificial Intelligence,Math/Algorithm Review,16,2,1,285
Computer Networks,Configuring Routers,19,3,2,439
Computer Networks,Lab Simulation,7,2,3,69
Artificial Intelligence,Reading Research Papers,15,2,1,244
Computer Networks,Configuring Routers,5,2,2,64
Software Engineering,System Design,20,2,3,225
Software Engineering,Code Review,5,2,1,125
Software Engineering,System Design,6,1,1,106
Computer Networks,Network Troubleshooting,10,1,2,77
Software Engineering,Code Review,24,2,3,278
Software Engineering,Reading Documentation,23,1,1,367
Artificial Intelligence,Model Training,20,2,1,351
Computer Networks,Configuring Routers,24,2,1,504
Software Engineering,Code Review,24,2,2,395
Software Engineering,Code Review,18,2,1,402
Artificial Intelligence,Math/Algorithm Review,6,2,1,104
Computer Networks,Security Auditing,20,1,1,243
Software Engineering,Reading Documentation,17,1,1,224
Artificial Intelligence,Writing Code,22,2,2,305
Artificial Intelligence,Model Training,22,3,1,717
Software Engineering,Code Review,8,3,2,204
Computer Networks,Security Auditing,9,2,2,112
Artificial Intelligence,Math/Algorithm Review,9,1,1,150
Artificial Intelligence,Data Preprocessing,9,1,2,87
Artificial Intelligence,Math/Algorithm Review,22,2,2,425
Computer Networks,Configuring Routers,14,2,2,202
Artificial Intelligence,Data Preprocessing,2,1,1,33
Software Engineering,Writing Code,15,2,2,217
Computer Networks,Security Auditing,20,1,1,298
Artificial Intelligence,Writing Code,22,2,1,454
Computer Networks,Network Troubleshooting,19,2,1,290
Software Engineering,System Design,22,1,1,297
Computer Networks,Configuring Routers,5,1,2,23
Artificial Intelligence,Data Preprocessing,8,2,2,90
Software Engineering,Code Review,10,1,1,186
Artificial Intelligence,Data Preprocessing,9,2,1,179
Software Engineering,System Design,20,2,3,254
Computer Networks,Network Troubleshooting,3,1,2,27
Software Engineering,Debugging,11,1,3,74
Computer Networks,Configuring Routers,16,1,1,218
Artificial Intelligence,Data Preprocessing,18,1,1,299
Computer Networks,Security Auditing,6,1,2,68
Software Engineering,System Design,7,3,3,121
Computer Networks,Reading Protocols,7,3,1,206
Software Engineering,Reading Documentation,15,2,2,258
Artificial Intelligence,Writing Code,7,2,2,106
Artificial Intelligence,Writing Code,22,2,2,259
Software Engineering,Code Review,6,3,1,175
Software Engineering,Debugging,21,2,2,268
Software Engineering,Debugging,10,3,3,139
Software Engineering,Debugging,16,1,2,140
Computer Networks,Security Auditing,6,2,2,88
Software Engineering,Debugging,4,1,3,19
Software Engineering,Writing Code,24,1,3,183
Artificial Intelligence,Reading Research Papers,24,2,2,314
Software Engineering,System Design,17,2,2,182
Computer Networks,Configuring Routers,8,3,1,221
Artificial Intelligence,Data Preprocessing,18,3,2,413
Software Engineering,Code Review,14,2,3,125
Computer Networks,Reading Protocols,1,3,3,19
Artificial Intelligence,Reading Research Papers,4,3,2,85
Artificial Intelligence,Writing Code,23,3,3,327
Software Engineering,Writing Code,3,1,1,41
Computer Networks,Network Troubleshooting,19,2,3,208
Computer Networks,Security Auditing,6,1,2,66
Artificial Intelligence,Math/Algorithm Review,24,2,1,446
Computer Networks,Security Auditing,8,2,2,119
Software Engineering,Writing Code,9,2,3,67
Computer Networks,Reading Protocols,22,2,1,468
Artificial Intelligence,Writing Code,3,3,2,78
Computer Networks,Reading Protocols,5,2,3,53
Artificial Intelligence,Model Training,16,2,1,313
Software Engineering,Debugging,4,1,1,52
Software Engineering,Reading Documentation,18,1,2,188
Artificial Intelligence,Model Training,18,3,2,335
Software Engineering,Writing Code,7,1,3,52
Software Engineering,Debugging,21,2,2,345
Computer Networks,Reading Protocols,24,1,2,255
Software Engineering,Code Review,20,2,3,186
Artificial Intelligence,Writing Code,13,1,2,128
Software Engineering,Writing Code,3,2,1,56
Artificial Intelligence,Model Training,2,3,1,56
Software Engineering,Reading Documentation,14,2,3,210
Software Engineering,Debugging,2,2,2,31
Software Engineering,System Design,20,2,3,245
Artificial Intelligence,Model Training,4,2,1,46
Software Engineering,System Design,23,1,1,370
Artificial Intelligence,Writing Code,11,1,1,154
Software Engineering,Writing Code,18,3,3,339
Software Engineering,Code Review,15,1,1,194
Artificial Intelligence,Data Preprocessing,6,3,3,84
Artificial Intelligence,Model Training,19,2,2,344
Artificial Intelligence,Model Training,5,2,1,97
Computer Networks,Security Auditing,21,3,1,737
Artificial Intelligence,Math/Algorithm Review,3,2,2,44
Computer Networks,Configuring Routers,23,2,2,379
Software Engineering,System Design,15,2,2,209
Software Engineering,System Design,4,2,1,86
Artificial Intelligence,Math/Algorithm Review,3,1,2,25
Software Engineering,Reading Documentation,21,2,2,266
Artificial Intelligence,Model Training,22,1,2,208
Software Engineering,Code Review,1,1,1,13
Artificial Intelligence,Reading Research Papers,13,2,1,268
Artificial Intelligence,Model Training,15,3,2,404
Software Engineering,Writing Code,1,3,2,21
Artificial Intelligence,Reading Research Papers,14,3,1,476
Computer Networks,Security Auditing,4,2,3,28
Computer Networks,Lab Simulation,5,1,3,41
Artificial Intelligence,Writing Code,6,2,2,94
Software Engineering,Code Review,19,2,1,371
Computer Networks,Security Auditing,21,2,1,380
Artificial Intelligence,Math/Algorithm Review,7,2,2,131
Artificial Intelligence,Math/Algorithm Review,23,2,2,335
Computer Networks,Security Auditing,1,2,3,9
Software Engineering,Code Review,22,3,2,465
Artificial Intelligence,Data Preprocessing,7,2,2,97
Software Engineering,Debugging,19,3,1,715
Artificial Intelligence,Data Preprocessing,13,2,1,250
Artificial Intelligence,Data Preprocessing,22,2,3,260
Software Engineering,System Design,16,2,2,273
Software Engineering,System Design,7,2,1,116
Artificial Intelligence,Math/Algorithm Review,7,2,2,73
Artificial Intelligence,Data Preprocessing,23,3,2,465
Software Engineering,System Design,22,3,2,401
Software Engineering,System Design,5,2,2,75
Software Engineering,Writing Code,6,2,3,69
Software Engineering,Writing Code,22,2,3,281
Artificial Intelligence,Writing Code,24,1,1,242
Software Engineering,Debugging,11,3,1,339
Artificial Intelligence,Writing Code,4,1,2,37
Computer Networks,Reading Protocols,15,3,3,237
Software Engineering,Writing Code,15,2,2,189
Computer Networks,Reading Protocols,10,2,1,224
Software Engineering,System Design,7,3,2,163
Artificial Intelligence,Writing Code,22,1,2,193
Software Engineering,Debugging,10,1,2,109
Artificial Intelligence,Math/Algorithm Review,19,1,2,190
Artificial Intelligence,Reading Research Papers,16,3,2,449
Computer Networks,Lab Simulation,4,1,2,36
Computer Networks,Lab Simulation,4,2,2,55
Software Engineering,Reading Documentation,1,3,2,21
Computer Networks,Network Troubleshooting,21,3,2,453
Computer Networks,Security Auditing,12,1,1,167
Software Engineering,System Design,4,2,1,63
Computer Networks,Reading Protocols,19,2,1,344
Computer Networks,Security Auditing,2,1,2,16
Software Engineering,Code Review,19,2,1,460
Software Engineering,Reading Documentation,11,2,2,129
Artificial Intelligence,Data Preprocessing,22,3,1,714
Computer Networks,Reading Protocols,6,2,2,78
Computer Networks,Network Troubleshooting,7,3,1,231
Software Engineering,Code Review,24,2,1,394
Artificial Intelligence,Data Preprocessing,13,2,3,116
Computer Networks,Lab Simulation,21,1,1,288
Artificial Intelligence,Math/Algorithm Review,4,3,2,77
Artificial Intelligence,Data Preprocessing,14,2,1,242
Computer Networks,Network Troubleshooting,11,1,2,97
Computer Networks,Lab Simulation,4,3,3,62
Software Engineering,Writing Code,5,3,1,141
Computer Networks,Lab Simulation,4,3,3,44
Artificial Intelligence,Writing Code,13,3,1,455
Computer Networks,Configuring Routers,13,1,1,191
Artificial Intelligence,Math/Algorithm Review,1,1,2,9
Computer Networks,Network Troubleshooting,1,3,1,28
Artificial Intelligence,Writing Code,23,3,2,507
Artificial Intelligence,Reading Research Papers,16,2,2,221
Computer Networks,Network Troubleshooting,3,3,2,77
Artificial Intelligence,Data Preprocessing,16,1,3,113
Computer Networks,Configuring Routers,8,2,3,105
Artificial Intelligence,Writing Code,16,1,3,107
Software Engineering,Code Review,5,2,3,49
Software Engineering,Reading Documentation,11,2,2,156
Computer Networks,Reading Protocols,24,3,3,363
Software Engineering,Code Review,20,1,2,182
Artificial Intelligence,Math/Algorithm Review,2,3,2,42
Software Engineering,Reading Documentation,16,2,2,258
Artificial Intelligence,Model Training,13,1,2,118
Computer Networks,Lab Simulation,2,2,1,34
Computer Networks,Reading Protocols,15,2,2,163
Artificial Intelligence,Math/Algorithm Review,7,1,2,82
Artificial Intelligence,Reading Research Papers,22,1,3,167
Artificial Intelligence,Data Preprocessing,10,1,2,104
Software Engineering,Debugging,13,2,2,225
Software Engineering,Code Review,9,2,3,75
Computer Networks,Reading Protocols,15,2,1,373
Software Engineering,Code Review,24,1,3,160
Software Engineering,Code Review,8,1,1,127
Software Engineering,Reading Documentation,12,1,1,139
Computer Networks,Configuring Routers,19,1,1,250
Computer Networks,Network Troubleshooting,2,2,1,32
Computer Networks,Configuring Routers,21,3,2,461
Software Engineering,Code Review,10,2,2,151
Software Engineering,Writing Code,9,2,2,124
Computer Networks,Reading Protocols,16,2,1,326
Software Engineering,System Design,9,3,1,236
Computer Networks,Configuring Routers,4,1,2,41
Computer Networks,Security Auditing,2,2,1,41
Artificial Intelligence,Data Preprocessing,13,2,2,158
Computer Networks,Lab Simulation,16,1,2,162
Artificial Intelligence,Reading Research Papers,10,3,1,348
Software Engineering,Debugging,12,1,2,140
Computer Networks,Network Troubleshooting,12,1,1,149
Software Engineering,Code Review,8,2,2,137
Computer Networks,Reading Protocols,3,2,1,55
Artificial Intelligence,Math/Algorithm Review,16,1,3,85
Software Engineering,Code Review,6,2,2,84
Software Engineering,Reading Documentation,10,1,2,107
Software Engineering,Reading Documentation,17,3,1,498
Software Engineering,Writing Code,21,2,1,439
Computer Networks,Network Troubleshooting,21,2,2,298
Artificial Intelligence,Math/Algorithm Review,22,1,2,248
Software Engineering,System Design,8,2,2,92
Computer Networks,Security Auditing,15,3,2,295
Artificial Intelligence,Model Training,2,1,2,17
Artificial Intelligence,Reading Research Papers,17,2,3,221
Computer Networks,Security Auditing,20,3,2,464
Artificial Intelligence,Model Training,13,3,2,327
Software Engineering,Debugging,18,1,2,172
Software Engineering,Writing Code,12,3,1,413
Computer Networks,Reading Protocols,5,2,2,85
Software Engineering,Reading Documentation,10,2,2,167
Computer Networks,Lab Simulation,20,1,2,172
Computer Networks,Security Auditing,21,1,1,300
Software Engineering,Debugging,14,3,2,336
Software Engineering,Writing Code,24,2,3,208
Artificial Intelligence,Writing Code,9,1,3,52
Computer Networks,Configuring Routers,19,3,3,336
Software Engineering,Reading Documentation,2,2,1,37
Software Engineering,Reading Documentation,19,3,2,416
Artificial Intelligence,Writing Code,12,1,1,141
Software Engineering,System Design,11,2,1,232
Software Engineering,Reading Documentation,21,3,1,637
Software Engineering,Reading Documentation,24,3,1,614
Software Engineering,Writing Code,19,1,3,144
Artificial Intelligence,Reading Research Papers,12,3,1,353
Artificial Intelligence,Writing Code,14,1,1,232
Computer Networks,Reading Protocols,13,3,1,470
Software Engineering,System Design,22,2,2,299
Software Engineering,Writing Code,3,2,2,46
Artificial Intelligence,Reading Research Papers,20,1,1,188
Computer Networks,Lab Simulation,10,2,3,100
Computer Networks,Security Auditing,4,1,3,22
Computer Networks,Lab Simulation,16,1,1,171
Artificial Intelligence,Writing Code,16,1,3,110
Artificial Intelligence,Data Preprocessing,6,1,2,61
Software Engineering,Reading Documentation,19,2,3,223
Software Engineering,Code Review,8,3,3,172
Computer Networks,Security Auditing,3,2,3,26
Computer Networks,Reading Protocols,17,2,2,262
Artificial Intelligence,Reading Research Papers,5,3,1,176
Computer Networks,Security Auditing,8,2,1,181
Software Engineering,Writing Code,8,3,2,185
Artificial Intelligence,Math/Algorithm Review,17,1,3,120
Computer Networks,Lab Simulation,21,1,3,135
Computer Networks,Reading Protocols,6,3,2,115
Artificial Intelligence,Model Training,24,2,3,228
Computer Networks,Lab Simulation,14,1,2,140
Software Engineering,Code Review,9,1,2,106
Computer Networks,Lab Simulation,20,3,1,856
Artificial Intelligence,Model Training,5,2,1,68
Software Engineering,Reading Documentation,19,1,3,119
Computer Networks,Lab Simulation,21,1,1,309
Artificial Intelligence,Reading Research Papers,21,3,3,385
Artificial Intelligence,Data Preprocessing,18,2,1,439
Computer Networks,Configuring Routers,6,1,3,39
Computer Networks,Network Troubleshooting,20,1,1,207
Software Engineering,Reading Documentation,12,2,3,139
Computer Networks,Lab Simulation,3,3,2,75
Artificial Intelligence,Writing Code,3,1,1,34
Artificial Intelligence,Model Training,2,3,2,43
Artificial Intelligence,Reading Research Papers,20,2,2,299
Artificial Intelligence,Data Preprocessing,4,1,3,29
Computer Networks,Configuring Routers,18,1,2,159
Artificial Intelligence,Writing Code,22,2,2,330
Artificial Intelligence,Writing Code,16,3,1,369
Artificial Intelligence,Writing Code,15,1,1,207
Artificial Intelligence,Data Preprocessing,11,1,2,127
Software Engineering,Code Review,12,3,1,436
Computer Networks,Network Troubleshooting,19,2,3,266
Computer Networks,Configuring Routers,22,1,1,326
Computer Networks,Network Troubleshooting,18,2,2,248
Artificial Intelligence,Model Training,16,2,2,268
Computer Networks,Lab Simulation,11,2,2,136
Software Engineering,System Design,2,2,2,35
Artificial Intelligence,Data Preprocessing,2,2,3,23
Artificial Intelligence,Data Preprocessing,22,3,1,740
Software Engineering,Writing Code,5,2,1,87
Software Engineering,System Design,14,2,1,306
Computer Networks,Lab Simulation,16,1,1,239
Software Engineering,Debugging,7,2,3,81
Computer Networks,Configuring Routers,15,2,1,343
Software Engineering,Code Review,22,2,1,441
Software Engineering,System Design,1,1,2,8
Artificial Intelligence,Reading Research Papers,7,1,2,63
Computer Networks,Reading Protocols,19,2,2,282
Computer Networks,Reading Protocols,17,2,3,173
Artificial Intelligence,Reading Research Papers,21,1,2,210
Artificial Intelligence,Math/Algorithm Review,23,2,2,347
Software Engineering,Debugging,15,2,3,153
Software Engineering,System Design,17,2,3,166
Software Engineering,Writing Code,22,2,1,289
Artificial Intelligence,Reading Research Papers,7,2,2,117
Artificial Intelligence,Reading Research Papers,9,1,1,128
Artificial Intelligence,Data Preprocessing,16,1,3,84
Software Engineering,Reading Documentation,3,1,3,16
Software Engineering,Code Review,20,2,1,415
Artificial Intelligence,Model Training,18,2,1,360
Software Engineering,System Design,5,1,2,48
Artificial Intelligence,Writing Code,16,2,1,257
Artificial Intelligence,Reading Research Papers,2,3,2,51
Computer Networks,Reading Protocols,1,3,1,29
Software Engineering,Writing Code,22,2,2,275
Computer Networks,Configuring Routers,16,2,1,319
Computer Networks,Security Auditing,21,1,3,165
Computer Networks,Lab Simulation,7,1,1,109
Software Engineering,Writing Code,21,2,3,193
Computer Networks,Configuring Routers,21,2,1,422
Computer Networks,Network Troubleshooting,21,2,3,239
Computer Networks,Reading Protocols,22,1,1,378
Software Engineering,Debugging,12,1,1,108
Artificial Intelligence,Reading Research Papers,8,3,3,120
Artificial Intelligence,Writing Code,22,2,1,430
Artificial Intelligence,Data Preprocessing,1,1,2,9
Software Engineering,Code Review,11,2,1,193
Artificial Intelligence,Math/Algorithm Review,2,1,1,24
Software Engineering,Reading Documentation,22,1,3,148
Computer Networks,Configuring Routers,9,2,2,110
Computer Networks,Network Troubleshooting,21,2,1,363
Computer Networks,Security Auditing,9,3,3,144
Software Engineering,Writing Code,15,3,2,291
Artificial Intelligence,Math/Algorithm Review,18,2,1,482
Computer Networks,Reading Protocols,3,2,3,32
Computer Networks,Network Troubleshooting,2,1,1,23
Artificial Intelligence,Model Training,20,3,2,475
Computer Networks,Network Troubleshooting,16,3,2,269
Software Engineering,System Design,5,3,2,110
Computer Networks,Configuring Routers,22,1,1,232
Software Engineering,Debugging,23,3,2,467
Computer Networks,Reading Protocols,17,1,2,136
Computer Networks,Lab Simulation,8,2,1,179
Computer Networks,Reading Protocols,23,2,3,245
Computer Networks,Security Auditing,13,2,2,204
Artificial Intelligence,Reading Research Papers,8,2,2,99
Computer Networks,Reading Protocols,21,1,3,113
Artificial Intelligence,Data Preprocessing,3,3,2,73
Software Engineering,System Design,4,1,2,37
Computer Networks,Configuring Routers,8,2,1,134
Artificial Intelligence,Model Training,4,3,1,95
Computer Networks,Configuring Routers,14,3,2,307
Computer Networks,Lab Simulation,24,2,1,410
Software Engineering,Debugging,16,2,3,154
Computer Networks,Reading Protocols,13,1,2,143
Software Engineering,Writing Code,6,2,1,124
Computer Networks,Network Troubleshooting,16,2,3,162
Computer Networks,Configuring Routers,2,1,1,29
Artificial Intelligence,Reading Research Papers,19,2,2,287
Computer Networks,Reading Protocols,11,1,2,100
Software Engineering,Debugging,3,3,2,68
Software Engineering,Debugging,24,1,3,141
Software Engineering,Code Review,11,1,1,170
Artificial Intelligence,Writing Code,10,2,1,202
Artificial Intelligence,Model Training,1,2,1,16
Artificial Intelligence,Model Training,22,1,2,263
Computer Networks,Network Troubleshooting,2,2,2,24
Computer Networks,Network Troubleshooting,23,3,1,563
Artificial Intelligence,Math/Algorithm Review,14,2,1,241
Computer Networks,Lab Simulation,13,2,2,217
Software Engineering,Reading Documentation,21,1,1,286
Artificial Intelligence,Data Preprocessing,3,3,3,51
Software Engineering,Reading Documentation,2,1,3,13
Software Engineering,Writing Code,9,2,2,138
Software Engineering,Writing Code,23,2,1,397
Artificial Intelligence,Writing Code,24,2,3,208
Computer Networks,Security Auditing,22,1,3,122
Software Engineering,Debugging,4,2,3,40
Artificial Intelligence,Writing Code,21,2,2,274
Computer Networks,Network Troubleshooting,2,2,2,36
Computer Networks,Configuring Routers,7,2,2,101
Software Engineering,Code Review,17,1,2,118
Software Engineering,System Design,5,1,1,89
Software Engineering,Code Review,3,2,1,54
Computer Networks,Security Auditing,11,2,2,188
Software Engineering,System Design,18,2,3,180
Artificial Intelligence,Model Training,22,1,1,310
Computer Networks,Network Troubleshooting,7,1,1,82
Computer Networks,Lab Simulation,13,3,2,277
Computer Networks,Configuring Routers,15,2,3,154
Artificial Intelligence,Writing Code,13,1,1,217
Software Engineering,Reading Documentation,3,2,2,45
Artificial Intelligence,Math/Algorithm Review,17,1,2,155
Computer Networks,Security Auditing,10,3,2,208
Computer Networks,Security Auditing,1,2,3,7
Artificial Intelligence,Reading Research Papers,23,1,2,177
Artificial Intelligence,Reading Research Papers,3,3,2,76
Software Engineering,System Design,8,2,1,168
Artificial Intelligence,Model Training,10,2,3,97
Artificial Intelligence,Math/Algorithm Review,3,3,2,63
Software Engineering,Writing Code,14,1,1,216
Artificial Intelligence,Data Preprocessing,3,1,1,43
Computer Networks,Network Troubleshooting,9,3,2,193
Artificial Intelligence,Math/Algorithm Review,19,1,2,210
Computer Networks,Configuring Routers,14,3,2,208
Software Engineering,Reading Documentation,9,2,1,162
Computer Networks,Reading Protocols,9,3,1,261
Artificial Intelligence,Model Training,4,2,2,59
Artificial Intelligence,Data Preprocessing,1,2,3,10
Computer Networks,Lab Simulation,15,2,1,262
Computer Networks,Security Auditing,18,2,2,306
Software Engineering,Debugging,10,2,1,186
Artificial Intelligence,Reading Research Papers,19,2,3,196
Software Engineering,Debugging,15,2,1,253
Artificial Intelligence,Reading Research Papers,22,3,3,269
Computer Networks,Network Troubleshooting,6,3,3,103
Software Engineering,Code Review,12,3,3,148
Computer Networks,Lab Simulation,1,2,1,26
Software Engineering,Writing Code,6,1,3,44
Software Engineering,System Design,16,1,2,165
Artificial Intelligence,Reading Research Papers,22,1,1,249
Artificial Intelligence,Data Preprocessing,8,2,3,75
Software Engineering,Debugging,23,2,1,518
Computer Networks,Security Auditing,20,2,1,394
Computer Networks,Network Troubleshooting,17,3,3,306
Software Engineering,Reading Documentation,8,1,2,59
Artificial Intelligence,Data Preprocessing,18,2,2,246
Software Engineering,Writing Code,16,1,1,225
Computer Networks,Lab Simulation,12,2,3,121
Computer Networks,Network Troubleshooting,5,2,1,81
Computer Networks,Network Troubleshooting,24,2,2,289
Artificial Intelligence,Math/Algorithm Review,15,2,2,210
Computer Networks,Lab Simulation,3,1,3,20
Computer Networks,Configuring Routers,1,1,1,13
Computer Networks,Configuring Routers,21,2,3,163
Software Engineering,Reading Documentation,5,2,3,44
Artificial Intelligence,Reading Research Papers,8,1,2,91
Artificial Intelligence,Writing Code,15,1,2,128
Artificial Intelligence,Reading Research Papers,10,1,1,134
Software Engineering,Writing Code,15,2,2,185
Computer Networks,Lab Simulation,20,1,1,278
Software Engineering,Writing Code,9,1,2,109
Computer Networks,Network Troubleshooting,22,2,2,254
Computer Networks,Network Troubleshooting,3,3,3,37
Computer Networks,Security Auditing,5,1,1,64
Software Engineering,Debugging,15,3,3,188
Software Engineering,System Design,21,1,1,246
Artificial Intelligence,Writing Code,5,1,3,36
Software Engineering,Code Review,16,2,1,283
Artificial Intelligence,Data Preprocessing,3,2,1,54
Computer Networks,Configuring Routers,4,2,2,69
Software Engineering,Debugging,9,1,1,111
Computer Networks,Security Auditing,5,1,2,46
Computer Networks,Reading Protocols,18,2,1,394
Computer Networks,Network Troubleshooting,13,1,2,121
Software Engineering,Reading Documentation,11,1,1,149
Software Engineering,Writing Code,10,2,1,177
Artificial Intelligence,Data Preprocessing,5,1,1,64
Artificial Intelligence,Writing Code,19,2,2,205
Artificial Intelligence,Reading Research Papers,8,2,1,175
Computer Networks,Network Troubleshooting,18,2,2,276
Computer Networks,Configuring Routers,5,3,3,69
Artificial Intelligence,Data Preprocessing,10,2,1,202
Computer Networks,Reading Protocols,16,2,1,362
Computer Networks,Security Auditing,24,3,1,853
Artificial Intelligence,Data Preprocessing,10,2,3,127
Software Engineering,System Design,2,1,2,19
Artificial Intelligence,Data Preprocessing,9,2,3,105
Artificial Intelligence,Math/Algorithm Review,18,2,2,242
Software Engineering,Reading Documentation,9,3,2,224
Computer Networks,Network Troubleshooting,11,2,2,139
Artificial Intelligence,Model Training,20,1,2,169
Computer Networks,Reading Protocols,23,1,2,261
Computer Networks,Configuring Routers,14,1,1,176
Software Engineering,System Design,21,2,1,412
Computer Networks,Reading Protocols,2,3,1,73
Artificial Intelligence,Model Training,24,1,1,300
Artificial Intelligence,Reading Research Papers,9,2,2,127
Software Engineering,Writing Code,17,1,1,185
Computer Networks,Configuring Routers,23,3,1,645
Software Engineering,System Design,12,3,1,366
Artificial Intelligence,Data Preprocessing,17,2,1,295
Software Engineering,Writing Code,20,2,1,450
Artificial Intelligence,Writing Code,7,2,2,63
Software Engineering,Debugging,10,2,1,247
Computer Networks,Network Troubleshooting,9,2,1,162
Computer Networks,Security Auditing,21,2,2,385
Software Engineering,Debugging,1,1,3,7
Software Engineering,Reading Documentation,15,2,2,201
Computer Networks,Network Troubleshooting,5,3,1,155
Computer Networks,Configuring Routers,19,2,2,276
Software Engineering,Writing Code,20,1,1,288
Computer Networks,Reading Protocols,12,2,2,178
Computer Networks,Security Auditing,14,3,3,222
Software Engineering,Debugging,18,1,3,108
Artificial Intelligence,Reading Research Papers,11,2,1,222
Computer Networks,Security Auditing,3,2,3,28
Artificial Intelligence,Data Preprocessing,20,2,2,287
Artificial Intelligence,Model Training,24,1,1,255
Computer Networks,Lab Simulation,4,2,1,80
Computer Networks,Network Troubleshooting,3,2,3,28
Software Engineering,Writing Code,1,3,1,33
Computer Networks,Network Troubleshooting,3,2,3,29
Artificial Intelligence,Model Training,8,3,3,121
Computer Networks,Reading Protocols,19,2,2,287
Software Engineering,System Design,14,1,1,211
Software Engineering,Code Review,2,3,1,51
Artificial Intelligence,Reading Research Papers,22,2,1,542
Computer Networks,Network Troubleshooting,9,3,2,222
Software Engineering,Debugging,7,2,3,77
Computer Networks,Configuring Routers,24,1,1,273
Software Engineering,Debugging,6,2,3,75
Software Engineering,Writing Code,9,1,1,128
Artificial Intelligence,Writing Code,13,1,1,202
Computer Networks,Configuring Routers,4,1,3,26
Computer Networks,Network Troubleshooting,15,2,3,156
Software Engineering,System Design,10,2,2,146
Artificial Intelligence,Data Preprocessing,6,2,1,104
Computer Networks,Configuring Routers,16,1,1,233
Artificial Intelligence,Math/Algorithm Review,4,1,2,49
Artificial Intelligence,Reading Research Papers,14,1,1,216
Software Engineering,Reading Documentation,6,2,1,138
Computer Networks,Reading Protocols,2,1,3,12
Software Engineering,Debugging,9,1,1,95
Software Engineering,Writing Code,6,3,2,110
Computer Networks,Configuring Routers,21,2,1,418
Software Engineering,Writing Code,2,2,2,32
Artificial Intelligence,Math/Algorithm Review,16,2,2,278
Artificial Intelligence,Model Training,12,1,1,99
Software Engineering,Writing Code,24,2,1,476
Computer Networks,Configuring Routers,21,3,1,661
Artificial Intelligence,Writing Code,23,2,2,356
Artificial Intelligence,Data Preprocessing,13,1,1,172
Artificial Intelligence,Writing Code,16,3,3,259
Artificial Intelligence,Math/Algorithm Review,15,3,2,367
Computer Networks,Security Auditing,15,1,2,158
Software Engineering,System Design,10,3,1,278
Artificial Intelligence,Math/Algorithm Review,7,2,1,127
Artificial Intelligence,Reading Research Papers,2,2,3,28
Computer Networks,Configuring Routers,19,1,2,167
Artificial Intelligence,Writing Code,21,1,3,121
Artificial Intelligence,Reading Research Papers,18,2,2,285
Computer Networks,Configuring Routers,16,2,1,348
Artificial Intelligence,Reading Research Papers,18,2,1,409
Artificial Intelligence,Writing Code,1,3,1,30
Computer Networks,Lab Simulation,17,1,2,183
Artificial Intelligence,Model Training,13,1,1,183
Computer Networks,Network Troubleshooting,11,1,2,87
Computer Networks,Lab Simulation,14,3,2,393
Software Engineering,Debugging,21,3,2,566
Software Engineering,Writing Code,5,2,1,97
Artificial Intelligence,Writing Code,8,2,1,143
Software Engineering,Reading Documentation,14,1,1,176
Artificial Intelligence,Writing Code,18,3,1,598
Computer Networks,Security Auditing,20,2,2,279
Software Engineering,Debugging,23,2,2,300
Computer Networks,Lab Simulation,2,1,2,19
Computer Networks,Security Auditing,21,3,1,794
Artificial Intelligence,Math/Algorithm Review,16,2,1,396
Software Engineering,Debugging,24,1,1,352
Artificial Intelligence,Math/Algorithm Review,1,1,1,14
Computer Networks,Network Troubleshooting,13,2,1,270
Software Engineering,Writing Code,19,2,1,500
Artificial Intelligence,Writing Code,1,2,1,21
Artificial Intelligence,Model Training,6,2,2,76
Software Engineering,Code Review,15,2,3,107
Software Engineering,Writing Code,13,3,2,301
Computer Networks,Configuring Routers,18,2,1,278
Computer Networks,Configuring Routers,21,2,2,306
Software Engineering,System Design,24,1,3,160
Artificial Intelligence,Reading Research Papers,2,2,1,42
Software Engineering,Reading Documentation,23,2,1,449
Computer Networks,Reading Protocols,13,1,1,267
Software Engineering,Reading Documentation,11,1,2,90
Computer Networks,Network Troubleshooting,10,1,2,100
Software Engineering,Code Review,11,2,1,263
Software Engineering,System Design,8,1,1,92
Artificial Intelligence,Reading Research Papers,11,2,2,148
Software Engineering,Reading Documentation,16,1,2,113
Computer Networks,Reading Protocols,14,3,1,460
Software Engineering,Writing Code,13,2,1,282
Software Engineering,System Design,13,3,2,257
Artificial Intelligence,Data Preprocessing,20,2,2,315
Software Engineering,Code Review,10,1,3,75
Software Engineering,Reading Documentation,4,2,2,80
Software Engineering,Reading Documentation,3,2,2,43
Software Engineering,Writing Code,12,2,2,156
Artificial Intelligence,Math/Algorithm Review,19,1,2,231
Artificial Intelligence,Reading Research Papers,16,1,2,185
Artificial Intelligence,Math/Algorithm Review,24,2,1,472
Software Engineering,System Design,5,1,1,60
Artificial Intelligence,Data Preprocessing,22,3,2,351
Artificial Intelligence,Reading Research Papers,21,1,2,158
Software Engineering,Reading Documentation,12,1,1,153
Artificial Intelligence,Reading Research Papers,9,2,3,110
Software Engineering,Debugging,19,1,2,192
Artificial Intelligence,Model Training,11,3,2,270
Computer Networks,Network Troubleshooting,22,2,2,354
Artificial Intelligence,Data Preprocessing,11,2,3,121
Computer Networks,Security Auditing,4,2,3,50
Artificial Intelligence,Data Preprocessing,17,2,2,280
Artificial Intelligence,Model Training,23,3,2,542
Computer Networks,Configuring Routers,21,2,3,261
Software Engineering,Debugging,21,2,2,224
Computer Networks,Security Auditing,8,2,3,88
Software Engineering,Code Review,8,2,2,136
Artificial Intelligence,Math/Algorithm Review,14,1,2,175
Software Engineering,Writing Code,17,1,3,126
Computer Networks,Network Troubleshooting,2,1,1,25
Software Engineering,Reading Documentation,18,2,1,348
Software Engineering,Debugging,20,1,1,219
Software Engineering,Writing Code,3,3,2,44
Computer Networks,Network Troubleshooting,24,2,2,413
Artificial Intelligence,Writing Code,10,2,1,186
Software Engineering,Debugging,10,1,3,57
Computer Networks,Reading Protocols,20,1,1,295
Software Engineering,Writing Code,4,2,3,47
Software Engineering,System Design,22,3,3,360
Software Engineering,Code Review,9,3,1,284
Artificial Intelligence,Model Training,14,3,2,275
Software Engineering,Code Review,6,1,1,66
Artificial Intelligence,Writing Code,6,1,2,61
Artificial Intelligence,Model Training,14,2,2,191
Software Engineering,System Design,22,2,1,471
Computer Networks,Lab Simulation,1,2,1,19
Computer Networks,Lab Simulation,10,3,2,211
Artificial Intelligence,Reading Research Papers,4,1,2,37
Software Engineering,Writing Code,24,3,1,882
Artificial Intelligence,Math/Algorithm Review,17,2,3,187
Computer Networks,Configuring Routers,22,3,3,361
Computer Networks,Configuring Routers,9,3,1,325
Computer Networks,Security Auditing,2,1,1,25
Computer Networks,Network Troubleshooting,2,2,2,27
Artificial Intelligence,Reading Research Papers,13,3,2,317
Artificial Intelligence,Reading Research Papers,6,2,2,100
Software Engineering,System Design,21,2,1,398
Computer Networks,Lab Simulation,22,2,1,375
Software Engineering,System Design,23,1,1,350
Software Engineering,Writing Code,20,3,3,294
Software Engineering,Debugging,24,1,2,267
Artificial Intelligence,Writing Code,12,2,1,160
Software Engineering,Reading Documentation,24,1,1,375
Computer Networks,Configuring Routers,15,3,3,239
Software Engineering,Reading Documentation,9,1,1,108
Artificial Intelligence,Reading Research Papers,5,2,2,74
Artificial Intelligence,Reading Research Papers,5,2,1,89
Software Engineering,Writing Code,5,2,1,102
Software Engineering,Writing Code,18,2,2,257
Computer Networks,Reading Protocols,16,2,3,152
Software Engineering,Code Review,16,3,2,366
Software Engineering,System Design,21,2,2,366
Computer Networks,Security Auditing,9,1,3,59
Software Engineering,Reading Documentation,21,2,1,250
Software Engineering,Code Review,12,1,3,83
Artificial Intelligence,Math/Algorithm Review,8,2,2,105
Artificial Intelligence,Data Preprocessing,8,3,3,113
Software Engineering,Debugging,15,2,2,203
Computer Networks,Lab Simulation,6,1,1,76
Software Engineering,Code Review,7,1,1,104
Computer Networks,Security Auditing,22,2,1,437
Computer Networks,Network Troubleshooting,20,2,3,239
Computer Networks,Network Troubleshooting,9,2,2,167
Software Engineering,Writing Code,13,3,1,398
Artificial Intelligence,Writing Code,10,1,2,115
Software Engineering,System Design,13,3,3,275
Computer Networks,Network Troubleshooting,5,2,2,77
Computer Networks,Security Auditing,2,2,1,43
Artificial Intelligence,Writing Code,16,2,1,280
Computer Networks,Security Auditing,18,2,2,318
Software Engineering,System Design,19,1,1,216
Computer Networks,Network Troubleshooting,16,2,1,365
Software Engineering,System Design,19,1,2,136
Computer Networks,Security Auditing,15,2,2,255
Computer Networks,Reading Protocols,22,2,3,240
Software Engineering,Code Review,6,2,2,86
Artificial Intelligence,Data Preprocessing,1,2,2,13
Software Engineering,Debugging,18,2,1,478
Artificial Intelligence,Writing Code,1,2,2,14
Computer Networks,Configuring Routers,2,2,3,23
Computer Networks,Security Auditing,3,2,1,45
Software Engineering,Debugging,20,1,1,285
Computer Networks,Security Auditing,15,3,2,327
Artificial Intelligence,Reading Research Papers,20,3,2,521
Artificial Intelligence,Model Training,13,2,1,230
Software Engineering,Writing Code,15,3,3,258
Artificial Intelligence,Model Training,14,3,3,201
Software Engineering,Code Review,11,2,3,87
Computer Networks,Configuring Routers,11,1,1,152
Software Engineering,System Design,3,1,2,21
Software Engineering,System Design,12,2,1,187
Software Engineering,Code Review,12,2,2,127
Computer Networks,Lab Simulation,12,1,2,113
Artificial Intelligence,Math/Algorithm Review,22,2,3,214
Computer Networks,Reading Protocols,7,1,2,63
Software Engineering,Code Review,8,2,1,161
Artificial Intelligence,Reading Research Papers,7,1,1,112
Computer Networks,Lab Simulation,13,2,2,205
Computer Networks,Network Troubleshooting,20,1,1,280
Artificial Intelligence,Reading Research Papers,20,1,1,236
Software Engineering,System Design,15,3,2,319
Computer Networks,Configuring Routers,17,2,2,290
Computer Networks,Network Troubleshooting,22,2,1,503
Artificial Intelligence,Math/Algorithm Review,5,1,2,56
Software Engineering,System Design,2,1,3,13
Software Engineering,Writing Code,10,3,3,168
Software Engineering,Debugging,22,2,1,271
Software Engineering,System Design,15,2,1,381
Software Engineering,Code Review,4,2,2,49
Software Engineering,Code Review,10,2,2,107
Artificial Intelligence,Data Preprocessing,5,1,3,39
Artificial Intelligence,Data Preprocessing,2,2,1,34
